modelo_id,macro_regiao,desfecho,exposicao,faixa_extrema,criterio,dias,eventos_observados,n_associado_estimado,fracao_associada_estimativa,observacao
baia_da_ilha_grande_internacoes_i60_i69_temp_med,Baia da Ilha Grande,internacoes_i60_i69,temp_med,baixo_p05,<= 18.35,294,260,95.1430725806346,0.3659348945409023,Estimativa descritiva baseada no RR cumulativo do DLNM; nao deve ser interpretada como causalidade individual.
baia_da_ilha_grande_internacoes_i60_i69_temp_med,Baia da Ilha Grande,internacoes_i60_i69,temp_med,alto_p95,>= 27.874,293,235,19.119506813370617,0.08135960346115156,Estimativa descritiva baseada no RR cumulativo do DLNM; nao deve ser interpretada como causalidade individual.
baia_da_ilha_grande_internacoes_i60_i69_temp_med,Baia da Ilha Grande,internacoes_i60_i69,temp_med,alto_p99,>= 29.487,59,42,5.721561225655906,0.13622764822990252,Estimativa descritiva baseada no RR cumulativo do DLNM; nao deve ser interpretada como causalidade individual.
baia_da_ilha_grande_internacoes_i60_i69_ur_med,Baia da Ilha Grande,internacoes_i60_i69,ur_med,baixo_p05,<= 69.69,293,232,43.75487268042291,0.18859858913975394,Estimativa descritiva baseada no RR cumulativo do DLNM; nao deve ser interpretada como causalidade individual.
baia_da_ilha_grande_internacoes_i60_i69_ur_med,Baia da Ilha Grande,internacoes_i60_i69,ur_med,alto_p95,>= 91.188,294,240,89.08265317288105,0.37117772155367107,Estimativa descritiva baseada no RR cumulativo do DLNM; nao deve ser interpretada como causalidade individual.
baia_da_ilha_grande_internacoes_i60_i69_ur_med,Baia da Ilha Grande,internacoes_i60_i69,ur_med,alto_p99,>= 94.012,59,48,22.67681125329659,0.47243356777701234,Estimativa descritiva baseada no RR cumulativo do DLNM; nao deve ser interpretada como causalidade individual.
baia_da_ilha_grande_obitos_i60_i69_temp_med,Baia da Ilha Grande,obitos_i60_i69,temp_med,baixo_p05,<= 18.35,294,109,36.72596193905778,0.33693543063355763,Estimativa descritiva baseada no RR cumulativo do DLNM; nao deve ser interpretada como causalidade individual.
baia_da_ilha_grande_obitos_i60_i69_temp_med,Baia da Ilha Grande,obitos_i60_i69,temp_med,alto_p95,>= 27.874,293,103,33.90307481687271,0.3291560661832302,Estimativa descritiva baseada no RR cumulativo do DLNM; nao deve ser interpretada como causalidade individual.
baia_da_ilha_grande_obitos_i60_i69_temp_med,Baia da Ilha Grande,obitos_i60_i69,temp_med,alto_p99,>= 29.487,59,17,6.781454061455082,0.39890906243853425,Estimativa descritiva baseada no RR cumulativo do DLNM; nao deve ser interpretada como causalidade individual.
baia_da_ilha_grande_obitos_i60_i69_ur_med,Baia da Ilha Grande,obitos_i60_i69,ur_med,baixo_p05,<= 69.69,293,100,24.77560336144763,0.2477560336144763,Estimativa descritiva baseada no RR cumulativo do DLNM; nao deve ser interpretada como causalidade individual.
baia_da_ilha_grande_obitos_i60_i69_ur_med,Baia da Ilha Grande,obitos_i60_i69,ur_med,alto_p95,>= 91.188,294,86,14.120617533053569,0.16419322712852988,Estimativa descritiva baseada no RR cumulativo do DLNM; nao deve ser interpretada como causalidade individual.
baia_da_ilha_grande_obitos_i60_i69_ur_med,Baia da Ilha Grande,obitos_i60_i69,ur_med,alto_p99,>= 94.012,59,22,2.210853054886256,0.10049332067664801,Estimativa descritiva baseada no RR cumulativo do DLNM; nao deve ser interpretada como causalidade individual.
baia_da_ilha_grande_internacoes_i60_i64_temp_med,Baia da Ilha Grande,internacoes_i60_i64,temp_med,baixo_p05,<= 18.35,294,249,105.66078502686001,0.4243405021159037,Estimativa descritiva baseada no RR cumulativo do DLNM; nao deve ser interpretada como causalidade individual.
baia_da_ilha_grande_internacoes_i60_i64_temp_med,Baia da Ilha Grande,internacoes_i60_i64,temp_med,alto_p95,>= 27.874,293,221,13.171314029054576,0.05959870601382161,Estimativa descritiva baseada no RR cumulativo do DLNM; nao deve ser interpretada como causalidade individual.
baia_da_ilha_grande_internacoes_i60_i64_temp_med,Baia da Ilha Grande,internacoes_i60_i64,temp_med,alto_p99,>= 29.487,59,40,4.215291610414934,0.10538229026037335,Estimativa descritiva baseada no RR cumulativo do DLNM; nao deve ser interpretada como causalidade individual.
baia_da_ilha_grande_internacoes_i60_i64_ur_med,Baia da Ilha Grande,internacoes_i60_i64,ur_med,baixo_p05,<= 69.69,293,219,41.14694605885113,0.1878855984422426,Estimativa descritiva baseada no RR cumulativo do DLNM; nao deve ser interpretada como causalidade individual.
baia_da_ilha_grande_internacoes_i60_i64_ur_med,Baia da Ilha Grande,internacoes_i60_i64,ur_med,alto_p95,>= 91.188,294,228,92.48715468315766,0.40564541527700726,Estimativa descritiva baseada no RR cumulativo do DLNM; nao deve ser interpretada como causalidade individual.
baia_da_ilha_grande_internacoes_i60_i64_ur_med,Baia da Ilha Grande,internacoes_i60_i64,ur_med,alto_p99,>= 94.012,59,47,23.525123515701583,0.5005345428872677,Estimativa descritiva baseada no RR cumulativo do DLNM; nao deve ser interpretada como causalidade individual.
baia_da_ilha_grande_obitos_i60_i64_temp_med,Baia da Ilha Grande,obitos_i60_i64,temp_med,baixo_p05,<= 18.35,294,76,22.398800505714636,0.2947210592857189,Estimativa descritiva baseada no RR cumulativo do DLNM; nao deve ser interpretada como causalidade individual.
baia_da_ilha_grande_obitos_i60_i64_temp_med,Baia da Ilha Grande,obitos_i60_i64,temp_med,alto_p95,>= 27.874,293,58,13.89622528488615,0.23959009111872673,Estimativa descritiva baseada no RR cumulativo do DLNM; nao deve ser interpretada como causalidade individual.
baia_da_ilha_grande_obitos_i60_i64_temp_med,Baia da Ilha Grande,obitos_i60_i64,temp_med,alto_p99,>= 29.487,59,10,2.940296366053307,0.29402963660533066,Estimativa descritiva baseada no RR cumulativo do DLNM; nao deve ser interpretada como causalidade individual.
baia_da_ilha_grande_obitos_i60_i64_ur_med,Baia da Ilha Grande,obitos_i60_i64,ur_med,baixo_p05,<= 69.69,293,64,19.040069378743677,0.29750108404286996,Estimativa descritiva baseada no RR cumulativo do DLNM; nao deve ser interpretada como causalidade individual.
baia_da_ilha_grande_obitos_i60_i64_ur_med,Baia da Ilha Grande,obitos_i60_i64,ur_med,alto_p95,>= 91.188,294,49,15.182196323037664,0.3098407412864829,Estimativa descritiva baseada no RR cumulativo do DLNM; nao deve ser interpretada como causalidade individual.
baia_da_ilha_grande_obitos_i60_i64_ur_med,Baia da Ilha Grande,obitos_i60_i64,ur_med,alto_p99,>= 94.012,59,12,3.326628358405958,0.2772190298671632,Estimativa descritiva baseada no RR cumulativo do DLNM; nao deve ser interpretada como causalidade individual.
baia_da_ilha_grande_internacoes_i60_i62_temp_med,Baia da Ilha Grande,internacoes_i60_i62,temp_med,baixo_p05,<= 18.35,294,45,31.35337038534388,0.6967415641187529,Estimativa descritiva baseada no RR cumulativo do DLNM; nao deve ser interpretada como causalidade individual.
baia_da_ilha_grande_internacoes_i60_i62_temp_med,Baia da Ilha Grande,internacoes_i60_i62,temp_med,alto_p95,>= 27.874,293,32,7.930403793696848,0.2478251185530265,Estimativa descritiva baseada no RR cumulativo do DLNM; nao deve ser interpretada como causalidade individual.
baia_da_ilha_grande_internacoes_i60_i62_temp_med,Baia da Ilha Grande,internacoes_i60_i62,temp_med,alto_p99,>= 29.487,59,4,1.6439027400267099,0.41097568500667747,Estimativa descritiva baseada no RR cumulativo do DLNM; nao deve ser interpretada como causalidade individual.
baia_da_ilha_grande_internacoes_i60_i62_ur_med,Baia da Ilha Grande,internacoes_i60_i62,ur_med,baixo_p05,<= 69.69,293,25,3.790642065457546,0.15162568261830184,Estimativa descritiva baseada no RR cumulativo do DLNM; nao deve ser interpretada como causalidade individual.
baia_da_ilha_grande_internacoes_i60_i62_ur_med,Baia da Ilha Grande,internacoes_i60_i62,ur_med,alto_p95,>= 91.188,294,32,12.63510675000775,0.3948470859377422,Estimativa descritiva baseada no RR cumulativo do DLNM; nao deve ser interpretada como causalidade individual.
baia_da_ilha_grande_internacoes_i60_i62_ur_med,Baia da Ilha Grande,internacoes_i60_i62,ur_med,alto_p99,>= 94.012,59,6,2.440472363780191,0.4067453939633652,Estimativa descritiva baseada no RR cumulativo do DLNM; nao deve ser interpretada como causalidade individual.
baia_da_ilha_grande_obitos_i60_i62_temp_med,Baia da Ilha Grande,obitos_i60_i62,temp_med,baixo_p05,<= 18.35,294,21,3.664490984046513,0.17449957066888158,Estimativa descritiva baseada no RR cumulativo do DLNM; nao deve ser interpretada como causalidade individual.
baia_da_ilha_grande_obitos_i60_i62_temp_med,Baia da Ilha Grande,obitos_i60_i62,temp_med,alto_p95,>= 27.874,293,17,7.365008316511376,0.4332357833241986,Estimativa descritiva baseada no RR cumulativo do DLNM; nao deve ser interpretada como causalidade individual.
baia_da_ilha_grande_obitos_i60_i62_temp_med,Baia da Ilha Grande,obitos_i60_i62,temp_med,alto_p99,>= 29.487,59,4,1.4243994162944793,0.3560998540736198,Estimativa descritiva baseada no RR cumulativo do DLNM; nao deve ser interpretada como causalidade individual.
baia_da_ilha_grande_obitos_i60_i62_ur_med,Baia da Ilha Grande,obitos_i60_i62,ur_med,baixo_p05,<= 69.69,293,18,5.655300452638245,0.3141833584799025,Estimativa descritiva baseada no RR cumulativo do DLNM; nao deve ser interpretada como causalidade individual.
baia_da_ilha_grande_obitos_i60_i62_ur_med,Baia da Ilha Grande,obitos_i60_i62,ur_med,alto_p95,>= 91.188,294,17,12.1345530464433,0.7137972380260764,Estimativa descritiva baseada no RR cumulativo do DLNM; nao deve ser interpretada como causalidade individual.
baia_da_ilha_grande_obitos_i60_i62_ur_med,Baia da Ilha Grande,obitos_i60_i62,ur_med,alto_p99,>= 94.012,59,5,3.76236925982327,0.752473851964654,Estimativa descritiva baseada no RR cumulativo do DLNM; nao deve ser interpretada como causalidade individual.
baia_da_ilha_grande_internacoes_i63_temp_med,Baia da Ilha Grande,internacoes_i63,temp_med,baixo_p05,<= 18.35,294,14,6.972631755491387,0.4980451253922419,Estimativa descritiva baseada no RR cumulativo do DLNM; nao deve ser interpretada como causalidade individual.
baia_da_ilha_grande_internacoes_i63_temp_med,Baia da Ilha Grande,internacoes_i63,temp_med,alto_p95,>= 27.874,293,13,0.4597042450424133,0.03536186500326256,Estimativa descritiva baseada no RR cumulativo do DLNM; nao deve ser interpretada como causalidade individual.
baia_da_ilha_grande_internacoes_i63_temp_med,Baia da Ilha Grande,internacoes_i63,temp_med,alto_p99,>= 29.487,59,3,0.36135318917191095,0.12045106305730365,Estimativa descritiva baseada no RR cumulativo do DLNM; nao deve ser interpretada como causalidade individual.
baia_da_ilha_grande_internacoes_i63_ur_med,Baia da Ilha Grande,internacoes_i63,ur_med,baixo_p05,<= 69.69,293,11,3.9577172609594937,0.35979247826904487,Estimativa descritiva baseada no RR cumulativo do DLNM; nao deve ser interpretada como causalidade individual.
baia_da_ilha_grande_internacoes_i63_ur_med,Baia da Ilha Grande,internacoes_i63,ur_med,alto_p95,>= 91.188,294,15,9.046685366269132,0.6031123577512755,Estimativa descritiva baseada no RR cumulativo do DLNM; nao deve ser interpretada como causalidade individual.
baia_da_ilha_grande_internacoes_i63_ur_med,Baia da Ilha Grande,internacoes_i63,ur_med,alto_p99,>= 94.012,59,2,1.2643353902678647,0.6321676951339323,Estimativa descritiva baseada no RR cumulativo do DLNM; nao deve ser interpretada como causalidade individual.
baia_da_ilha_grande_obitos_i63_temp_med,Baia da Ilha Grande,obitos_i63,temp_med,baixo_p05,<= 18.35,294,1,1,1,Estimativa descritiva baseada no RR cumulativo do DLNM; nao deve ser interpretada como causalidade individual.
baia_da_ilha_grande_obitos_i63_temp_med,Baia da Ilha Grande,obitos_i63,temp_med,alto_p95,>= 27.874,293,1,1,1,Estimativa descritiva baseada no RR cumulativo do DLNM; nao deve ser interpretada como causalidade individual.
baia_da_ilha_grande_obitos_i63_temp_med,Baia da Ilha Grande,obitos_i63,temp_med,alto_p99,>= 29.487,59,1,1,1,Estimativa descritiva baseada no RR cumulativo do DLNM; nao deve ser interpretada como causalidade individual.
baia_da_ilha_grande_obitos_i63_ur_med,Baia da Ilha Grande,obitos_i63,ur_med,baixo_p05,<= 69.69,293,1,0,0,Estimativa descritiva baseada no RR cumulativo do DLNM; nao deve ser interpretada como causalidade individual.
baia_da_ilha_grande_obitos_i63_ur_med,Baia da Ilha Grande,obitos_i63,ur_med,alto_p95,>= 91.188,294,1,1,1,Estimativa descritiva baseada no RR cumulativo do DLNM; nao deve ser interpretada como causalidade individual.
baia_da_ilha_grande_obitos_i63_ur_med,Baia da Ilha Grande,obitos_i63,ur_med,alto_p99,>= 94.012,59,1,1,1,Estimativa descritiva baseada no RR cumulativo do DLNM; nao deve ser interpretada como causalidade individual.
baixada_litoranea_internacoes_i60_i69_temp_med,Baixada Litoranea,internacoes_i60_i69,temp_med,baixo_p05,<= 19.771,293,505,127.16687900508487,0.25181560199026704,Estimativa descritiva baseada no RR cumulativo do DLNM; nao deve ser interpretada como causalidade individual.
baixada_litoranea_internacoes_i60_i69_temp_med,Baixada Litoranea,internacoes_i60_i69,temp_med,alto_p95,>= 26.987,294,551,88.65118127600363,0.16089143607260187,Estimativa descritiva baseada no RR cumulativo do DLNM; nao deve ser interpretada como causalidade individual.
baixada_litoranea_internacoes_i60_i69_temp_med,Baixada Litoranea,internacoes_i60_i69,temp_med,alto_p99,>= 27.919,59,126,27.097193596563585,0.21505709203621892,Estimativa descritiva baseada no RR cumulativo do DLNM; nao deve ser interpretada como causalidade individual.
baixada_litoranea_internacoes_i60_i69_ur_med,Baixada Litoranea,internacoes_i60_i69,ur_med,baixo_p05,<= 67.422,293,534,120.1425826328329,0.22498610979931255,Estimativa descritiva baseada no RR cumulativo do DLNM; nao deve ser interpretada como causalidade individual.
baixada_litoranea_internacoes_i60_i69_ur_med,Baixada Litoranea,internacoes_i60_i69,ur_med,alto_p95,>= 89.233,293,379,65.47536127446814,0.17275820916746212,Estimativa descritiva baseada no RR cumulativo do DLNM; nao deve ser interpretada como causalidade individual.
baixada_litoranea_internacoes_i60_i69_ur_med,Baixada Litoranea,internacoes_i60_i69,ur_med,alto_p99,>= 92.538,59,61,14.51238744787265,0.23790799094873197,Estimativa descritiva baseada no RR cumulativo do DLNM; nao deve ser interpretada como causalidade individual.
baixada_litoranea_obitos_i60_i69_temp_med,Baixada Litoranea,obitos_i60_i69,temp_med,baixo_p05,<= 19.771,293,315,88.65227761264704,0.28143580194491125,Estimativa descritiva baseada no RR cumulativo do DLNM; nao deve ser interpretada como causalidade individual.
baixada_litoranea_obitos_i60_i69_temp_med,Baixada Litoranea,obitos_i60_i69,temp_med,alto_p95,>= 26.987,294,272,16.2786962446666,0.0598481479583331,Estimativa descritiva baseada no RR cumulativo do DLNM; nao deve ser interpretada como causalidade individual.
baixada_litoranea_obitos_i60_i69_temp_med,Baixada Litoranea,obitos_i60_i69,temp_med,alto_p99,>= 27.919,59,53,2.604685076099053,0.04914500143583119,Estimativa descritiva baseada no RR cumulativo do DLNM; nao deve ser interpretada como causalidade individual.
baixada_litoranea_obitos_i60_i69_ur_med,Baixada Litoranea,obitos_i60_i69,ur_med,baixo_p05,<= 67.422,293,278,77.54419341751242,0.2789359475450087,Estimativa descritiva baseada no RR cumulativo do DLNM; nao deve ser interpretada como causalidade individual.
baixada_litoranea_obitos_i60_i69_ur_med,Baixada Litoranea,obitos_i60_i69,ur_med,alto_p95,>= 89.233,293,296,86.33188461506413,0.29166177234818963,Estimativa descritiva baseada no RR cumulativo do DLNM; nao deve ser interpretada como causalidade individual.
baixada_litoranea_obitos_i60_i69_ur_med,Baixada Litoranea,obitos_i60_i69,ur_med,alto_p99,>= 92.538,59,69,26.177906676212483,0.3793899518291664,Estimativa descritiva baseada no RR cumulativo do DLNM; nao deve ser interpretada como causalidade individual.
baixada_litoranea_internacoes_i60_i64_temp_med,Baixada Litoranea,internacoes_i60_i64,temp_med,baixo_p05,<= 19.771,293,484,132.3250105532273,0.27339878213476715,Estimativa descritiva baseada no RR cumulativo do DLNM; nao deve ser interpretada como causalidade individual.
baixada_litoranea_internacoes_i60_i64_temp_med,Baixada Litoranea,internacoes_i60_i64,temp_med,alto_p95,>= 26.987,294,517,70.53315561140909,0.13642776714005625,Estimativa descritiva baseada no RR cumulativo do DLNM; nao deve ser interpretada como causalidade individual.
baixada_litoranea_internacoes_i60_i64_temp_med,Baixada Litoranea,internacoes_i60_i64,temp_med,alto_p99,>= 27.919,59,116,21.342929560264217,0.18399077207124326,Estimativa descritiva baseada no RR cumulativo do DLNM; nao deve ser interpretada como causalidade individual.
baixada_litoranea_internacoes_i60_i64_ur_med,Baixada Litoranea,internacoes_i60_i64,ur_med,baixo_p05,<= 67.422,293,498,111.36658194548728,0.2236276745893319,Estimativa descritiva baseada no RR cumulativo do DLNM; nao deve ser interpretada como causalidade individual.
baixada_litoranea_internacoes_i60_i64_ur_med,Baixada Litoranea,internacoes_i60_i64,ur_med,alto_p95,>= 89.233,293,358,76.96867216886541,0.2149962909744844,Estimativa descritiva baseada no RR cumulativo do DLNM; nao deve ser interpretada como causalidade individual.
baixada_litoranea_internacoes_i60_i64_ur_med,Baixada Litoranea,internacoes_i60_i64,ur_med,alto_p99,>= 92.538,59,59,17.124973495154133,0.2902537880534599,Estimativa descritiva baseada no RR cumulativo do DLNM; nao deve ser interpretada como causalidade individual.
baixada_litoranea_obitos_i60_i64_temp_med,Baixada Litoranea,obitos_i60_i64,temp_med,baixo_p05,<= 19.771,293,196,64.57010617986612,0.3294393172442149,Estimativa descritiva baseada no RR cumulativo do DLNM; nao deve ser interpretada como causalidade individual.
baixada_litoranea_obitos_i60_i64_temp_med,Baixada Litoranea,obitos_i60_i64,temp_med,alto_p95,>= 26.987,294,165,8.208046558522389,0.04974573671831751,Estimativa descritiva baseada no RR cumulativo do DLNM; nao deve ser interpretada como causalidade individual.
baixada_litoranea_obitos_i60_i64_temp_med,Baixada Litoranea,obitos_i60_i64,temp_med,alto_p99,>= 27.919,59,30,0,0,Estimativa descritiva baseada no RR cumulativo do DLNM; nao deve ser interpretada como causalidade individual.
baixada_litoranea_obitos_i60_i64_ur_med,Baixada Litoranea,obitos_i60_i64,ur_med,baixo_p05,<= 67.422,293,177,61.29170904343661,0.34628084205331416,Estimativa descritiva baseada no RR cumulativo do DLNM; nao deve ser interpretada como causalidade individual.
baixada_litoranea_obitos_i60_i64_ur_med,Baixada Litoranea,obitos_i60_i64,ur_med,alto_p95,>= 89.233,293,192,85.94376140012838,0.44762375729233533,Estimativa descritiva baseada no RR cumulativo do DLNM; nao deve ser interpretada como causalidade individual.
baixada_litoranea_obitos_i60_i64_ur_med,Baixada Litoranea,obitos_i60_i64,ur_med,alto_p99,>= 92.538,59,44,24.599617161703478,0.5590822082205336,Estimativa descritiva baseada no RR cumulativo do DLNM; nao deve ser interpretada como causalidade individual.
baixada_litoranea_internacoes_i60_i62_temp_med,Baixada Litoranea,internacoes_i60_i62,temp_med,baixo_p05,<= 19.771,293,82,24.203024620939054,0.2951588368407202,Estimativa descritiva baseada no RR cumulativo do DLNM; nao deve ser interpretada como causalidade individual.
baixada_litoranea_internacoes_i60_i62_temp_med,Baixada Litoranea,internacoes_i60_i62,temp_med,alto_p95,>= 26.987,294,87,4.495503994864204,0.0516724597110828,Estimativa descritiva baseada no RR cumulativo do DLNM; nao deve ser interpretada como causalidade individual.
baixada_litoranea_internacoes_i60_i62_temp_med,Baixada Litoranea,internacoes_i60_i62,temp_med,alto_p99,>= 27.919,59,24,0,0,Estimativa descritiva baseada no RR cumulativo do DLNM; nao deve ser interpretada como causalidade individual.
baixada_litoranea_internacoes_i60_i62_ur_med,Baixada Litoranea,internacoes_i60_i62,ur_med,baixo_p05,<= 67.422,293,104,15.432913375369164,0.14839339784008812,Estimativa descritiva baseada no RR cumulativo do DLNM; nao deve ser interpretada como causalidade individual.
baixada_litoranea_internacoes_i60_i62_ur_med,Baixada Litoranea,internacoes_i60_i62,ur_med,alto_p95,>= 89.233,293,68,22.304522566345284,0.32800768479919534,Estimativa descritiva baseada no RR cumulativo do DLNM; nao deve ser interpretada como causalidade individual.
baixada_litoranea_internacoes_i60_i62_ur_med,Baixada Litoranea,internacoes_i60_i62,ur_med,alto_p99,>= 92.538,59,12,5.313921620263784,0.4428268016886487,Estimativa descritiva baseada no RR cumulativo do DLNM; nao deve ser interpretada como causalidade individual.
baixada_litoranea_obitos_i60_i62_temp_med,Baixada Litoranea,obitos_i60_i62,temp_med,baixo_p05,<= 19.771,293,81,54.14577690144971,0.6684663814993791,Estimativa descritiva baseada no RR cumulativo do DLNM; nao deve ser interpretada como causalidade individual.
baixada_litoranea_obitos_i60_i62_temp_med,Baixada Litoranea,obitos_i60_i62,temp_med,alto_p95,>= 26.987,294,66,2.778911098124559,0.04210471360794787,Estimativa descritiva baseada no RR cumulativo do DLNM; nao deve ser interpretada como causalidade individual.
baixada_litoranea_obitos_i60_i62_temp_med,Baixada Litoranea,obitos_i60_i62,temp_med,alto_p99,>= 27.919,59,6,0,0,Estimativa descritiva baseada no RR cumulativo do DLNM; nao deve ser interpretada como causalidade individual.
baixada_litoranea_obitos_i60_i62_ur_med,Baixada Litoranea,obitos_i60_i62,ur_med,baixo_p05,<= 67.422,293,64,21.307474954427462,0.3329292961629291,Estimativa descritiva baseada no RR cumulativo do DLNM; nao deve ser interpretada como causalidade individual.
baixada_litoranea_obitos_i60_i62_ur_med,Baixada Litoranea,obitos_i60_i62,ur_med,alto_p95,>= 89.233,293,74,41.415398053988795,0.5596675412701189,Estimativa descritiva baseada no RR cumulativo do DLNM; nao deve ser interpretada como causalidade individual.
baixada_litoranea_obitos_i60_i62_ur_med,Baixada Litoranea,obitos_i60_i62,ur_med,alto_p99,>= 92.538,59,17,11.735891531155996,0.6903465606562351,Estimativa descritiva baseada no RR cumulativo do DLNM; nao deve ser interpretada como causalidade individual.
baixada_litoranea_obitos_i63_ur_med,Baixada Litoranea,obitos_i63,ur_med,baixo_p05,<= 67.422,293,1,0.9999999999988329,0.9999999999988329,Estimativa descritiva baseada no RR cumulativo do DLNM; nao deve ser interpretada como causalidade individual.
baixada_litoranea_obitos_i63_ur_med,Baixada Litoranea,obitos_i63,ur_med,alto_p95,>= 89.233,293,3,2.999698544385986,0.9998995147953287,Estimativa descritiva baseada no RR cumulativo do DLNM; nao deve ser interpretada como causalidade individual.
baixada_litoranea_obitos_i63_ur_med,Baixada Litoranea,obitos_i63,ur_med,alto_p99,>= 92.538,59,0,0,,Estimativa descritiva baseada no RR cumulativo do DLNM; nao deve ser interpretada como causalidade individual.
centro_sul_internacoes_i60_i69_temp_med,Centro-Sul,internacoes_i60_i69,temp_med,baixo_p05,<= 10.321,293,489,88.02206114695689,0.1800042150244517,Estimativa descritiva baseada no RR cumulativo do DLNM; nao deve ser interpretada como causalidade individual.
centro_sul_internacoes_i60_i69_temp_med,Centro-Sul,internacoes_i60_i69,temp_med,alto_p95,>= 26.454,294,582,91.36511235876917,0.15698472913877864,Estimativa descritiva baseada no RR cumulativo do DLNM; nao deve ser interpretada como causalidade individual.
centro_sul_internacoes_i60_i69_temp_med,Centro-Sul,internacoes_i60_i69,temp_med,alto_p99,>= 27.863,60,139,28.151429437105005,0.20252826933169069,Estimativa descritiva baseada no RR cumulativo do DLNM; nao deve ser interpretada como causalidade individual.
centro_sul_internacoes_i60_i69_ur_med,Centro-Sul,internacoes_i60_i69,ur_med,baixo_p05,<= 63.256,293,511,123.95254758240105,0.24256858626692965,Estimativa descritiva baseada no RR cumulativo do DLNM; nao deve ser interpretada como causalidade individual.
centro_sul_internacoes_i60_i69_ur_med,Centro-Sul,internacoes_i60_i69,ur_med,alto_p95,>= 96.994,293,468,16.965844129811853,0.03625180369617917,Estimativa descritiva baseada no RR cumulativo do DLNM; nao deve ser interpretada como causalidade individual.
centro_sul_internacoes_i60_i69_ur_med,Centro-Sul,internacoes_i60_i69,ur_med,alto_p99,>= 99.576,59,90,0,0,Estimativa descritiva baseada no RR cumulativo do DLNM; nao deve ser interpretada como causalidade individual.
centro_sul_obitos_i60_i69_temp_med,Centro-Sul,obitos_i60_i69,temp_med,baixo_p05,<= 10.321,293,203,89.98732358793684,0.4432873083149598,Estimativa descritiva baseada no RR cumulativo do DLNM; nao deve ser interpretada como causalidade individual.
centro_sul_obitos_i60_i69_temp_med,Centro-Sul,obitos_i60_i69,temp_med,alto_p95,>= 26.454,294,164,29.655402723128724,0.180825626360541,Estimativa descritiva baseada no RR cumulativo do DLNM; nao deve ser interpretada como causalidade individual.
centro_sul_obitos_i60_i69_temp_med,Centro-Sul,obitos_i60_i69,temp_med,alto_p99,>= 27.863,60,34,8.38902331834039,0.24673597995118796,Estimativa descritiva baseada no RR cumulativo do DLNM; nao deve ser interpretada como causalidade individual.
centro_sul_obitos_i60_i69_ur_med,Centro-Sul,obitos_i60_i69,ur_med,baixo_p05,<= 63.256,293,183,33.40082188482759,0.18251815237610708,Estimativa descritiva baseada no RR cumulativo do DLNM; nao deve ser interpretada como causalidade individual.
centro_sul_obitos_i60_i69_ur_med,Centro-Sul,obitos_i60_i69,ur_med,alto_p95,>= 96.994,293,199,4.199966591467414,0.021105359756117655,Estimativa descritiva baseada no RR cumulativo do DLNM; nao deve ser interpretada como causalidade individual.
centro_sul_obitos_i60_i69_ur_med,Centro-Sul,obitos_i60_i69,ur_med,alto_p99,>= 99.576,59,49,0,0,Estimativa descritiva baseada no RR cumulativo do DLNM; nao deve ser interpretada como causalidade individual.
centro_sul_internacoes_i60_i64_temp_med,Centro-Sul,internacoes_i60_i64,temp_med,baixo_p05,<= 10.321,293,451,34.08939104644308,0.07558623291894254,Estimativa descritiva baseada no RR cumulativo do DLNM; nao deve ser interpretada como causalidade individual.
centro_sul_internacoes_i60_i64_temp_med,Centro-Sul,internacoes_i60_i64,temp_med,alto_p95,>= 26.454,294,523,68.57233614076075,0.13111345342401673,Estimativa descritiva baseada no RR cumulativo do DLNM; nao deve ser interpretada como causalidade individual.
centro_sul_internacoes_i60_i64_temp_med,Centro-Sul,internacoes_i60_i64,temp_med,alto_p99,>= 27.863,60,110,18.946489487539488,0.17224081352308626,Estimativa descritiva baseada no RR cumulativo do DLNM; nao deve ser interpretada como causalidade individual.
centro_sul_internacoes_i60_i64_ur_med,Centro-Sul,internacoes_i60_i64,ur_med,baixo_p05,<= 63.256,293,479,115.30303034400464,0.24071613850522888,Estimativa descritiva baseada no RR cumulativo do DLNM; nao deve ser interpretada como causalidade individual.
centro_sul_internacoes_i60_i64_ur_med,Centro-Sul,internacoes_i60_i64,ur_med,alto_p95,>= 96.994,293,400,13.956098897349888,0.03489024724337472,Estimativa descritiva baseada no RR cumulativo do DLNM; nao deve ser interpretada como causalidade individual.
centro_sul_internacoes_i60_i64_ur_med,Centro-Sul,internacoes_i60_i64,ur_med,alto_p99,>= 99.576,59,83,0,0,Estimativa descritiva baseada no RR cumulativo do DLNM; nao deve ser interpretada como causalidade individual.
centro_sul_obitos_i60_i64_temp_med,Centro-Sul,obitos_i60_i64,temp_med,baixo_p05,<= 10.321,293,141,57.95738950872867,0.41104531566474234,Estimativa descritiva baseada no RR cumulativo do DLNM; nao deve ser interpretada como causalidade individual.
centro_sul_obitos_i60_i64_temp_med,Centro-Sul,obitos_i60_i64,temp_med,alto_p95,>= 26.454,294,106,25.65249318372645,0.2420046526766646,Estimativa descritiva baseada no RR cumulativo do DLNM; nao deve ser interpretada como causalidade individual.
centro_sul_obitos_i60_i64_temp_med,Centro-Sul,obitos_i60_i64,temp_med,alto_p99,>= 27.863,60,23,7.23308676310212,0.31448203317835305,Estimativa descritiva baseada no RR cumulativo do DLNM; nao deve ser interpretada como causalidade individual.
centro_sul_obitos_i60_i64_ur_med,Centro-Sul,obitos_i60_i64,ur_med,baixo_p05,<= 63.256,293,122,23.27907998495162,0.1908121310241936,Estimativa descritiva baseada no RR cumulativo do DLNM; nao deve ser interpretada como causalidade individual.
centro_sul_obitos_i60_i64_ur_med,Centro-Sul,obitos_i60_i64,ur_med,alto_p95,>= 96.994,293,129,4.902522409305793,0.03800404968454103,Estimativa descritiva baseada no RR cumulativo do DLNM; nao deve ser interpretada como causalidade individual.
centro_sul_obitos_i60_i64_ur_med,Centro-Sul,obitos_i60_i64,ur_med,alto_p99,>= 99.576,59,30,0,0,Estimativa descritiva baseada no RR cumulativo do DLNM; nao deve ser interpretada como causalidade individual.
centro_sul_internacoes_i60_i62_temp_med,Centro-Sul,internacoes_i60_i62,temp_med,baixo_p05,<= 10.321,293,79,24.57053782599609,0.3110194661518493,Estimativa descritiva baseada no RR cumulativo do DLNM; nao deve ser interpretada como causalidade individual.
centro_sul_internacoes_i60_i62_temp_med,Centro-Sul,internacoes_i60_i62,temp_med,alto_p95,>= 26.454,294,46,14.63101791967768,0.3180656069495148,Estimativa descritiva baseada no RR cumulativo do DLNM; nao deve ser interpretada como causalidade individual.
centro_sul_internacoes_i60_i62_temp_med,Centro-Sul,internacoes_i60_i62,temp_med,alto_p99,>= 27.863,60,8,3.2309066868526464,0.4038633358565808,Estimativa descritiva baseada no RR cumulativo do DLNM; nao deve ser interpretada como causalidade individual.
centro_sul_internacoes_i60_i62_ur_med,Centro-Sul,internacoes_i60_i62,ur_med,baixo_p05,<= 63.256,293,52,8.637727345673838,0.16611014126295842,Estimativa descritiva baseada no RR cumulativo do DLNM; nao deve ser interpretada como causalidade individual.
centro_sul_internacoes_i60_i62_ur_med,Centro-Sul,internacoes_i60_i62,ur_med,alto_p95,>= 96.994,293,47,6.695077970754599,0.1424484674628638,Estimativa descritiva baseada no RR cumulativo do DLNM; nao deve ser interpretada como causalidade individual.
centro_sul_internacoes_i60_i62_ur_med,Centro-Sul,internacoes_i60_i62,ur_med,alto_p99,>= 99.576,59,15,2.2434799713531692,0.1495653314235446,Estimativa descritiva baseada no RR cumulativo do DLNM; nao deve ser interpretada como causalidade individual.
centro_sul_obitos_i60_i62_temp_med,Centro-Sul,obitos_i60_i62,temp_med,baixo_p05,<= 10.321,293,40,17.469915988394114,0.43674789970985284,Estimativa descritiva baseada no RR cumulativo do DLNM; nao deve ser interpretada como causalidade individual.
centro_sul_obitos_i60_i62_temp_med,Centro-Sul,obitos_i60_i62,temp_med,alto_p95,>= 26.454,294,24,2.3505212700847893,0.09793838625353289,Estimativa descritiva baseada no RR cumulativo do DLNM; nao deve ser interpretada como causalidade individual.
centro_sul_obitos_i60_i62_temp_med,Centro-Sul,obitos_i60_i62,temp_med,alto_p99,>= 27.863,60,4,0.07849157270080832,0.01962289317520208,Estimativa descritiva baseada no RR cumulativo do DLNM; nao deve ser interpretada como causalidade individual.
centro_sul_obitos_i60_i62_ur_med,Centro-Sul,obitos_i60_i62,ur_med,baixo_p05,<= 63.256,293,32,3.6118674105646384,0.11287085658014495,Estimativa descritiva baseada no RR cumulativo do DLNM; nao deve ser interpretada como causalidade individual.
centro_sul_obitos_i60_i62_ur_med,Centro-Sul,obitos_i60_i62,ur_med,alto_p95,>= 96.994,293,33,15.408918351061807,0.4669369197291457,Estimativa descritiva baseada no RR cumulativo do DLNM; nao deve ser interpretada como causalidade individual.
centro_sul_obitos_i60_i62_ur_med,Centro-Sul,obitos_i60_i62,ur_med,alto_p99,>= 99.576,59,6,2.723224120158017,0.45387068669300284,Estimativa descritiva baseada no RR cumulativo do DLNM; nao deve ser interpretada como causalidade individual.
centro_sul_internacoes_i63_temp_med,Centro-Sul,internacoes_i63,temp_med,baixo_p05,<= 10.321,293,8,0.23148672024314024,0.02893584003039253,Estimativa descritiva baseada no RR cumulativo do DLNM; nao deve ser interpretada como causalidade individual.
centro_sul_internacoes_i63_temp_med,Centro-Sul,internacoes_i63,temp_med,alto_p95,>= 26.454,294,9,7.829914189531853,0.8699904655035392,Estimativa descritiva baseada no RR cumulativo do DLNM; nao deve ser interpretada como causalidade individual.
centro_sul_internacoes_i63_temp_med,Centro-Sul,internacoes_i63,temp_med,alto_p99,>= 27.863,60,3,2.572777734124852,0.8575925780416173,Estimativa descritiva baseada no RR cumulativo do DLNM; nao deve ser interpretada como causalidade individual.
centro_sul_internacoes_i63_ur_med,Centro-Sul,internacoes_i63,ur_med,baixo_p05,<= 63.256,293,12,9.98452716675289,0.8320439305627408,Estimativa descritiva baseada no RR cumulativo do DLNM; nao deve ser interpretada como causalidade individual.
centro_sul_internacoes_i63_ur_med,Centro-Sul,internacoes_i63,ur_med,alto_p95,>= 96.994,293,9,0.7154851990025617,0.07949835544472908,Estimativa descritiva baseada no RR cumulativo do DLNM; nao deve ser interpretada como causalidade individual.
centro_sul_internacoes_i63_ur_med,Centro-Sul,internacoes_i63,ur_med,alto_p99,>= 99.576,59,0,0,,Estimativa descritiva baseada no RR cumulativo do DLNM; nao deve ser interpretada como causalidade individual.
centro_sul_obitos_i63_ur_med,Centro-Sul,obitos_i63,ur_med,baixo_p05,<= 63.256,293,1,0.9976100995058997,0.9976100995058997,Estimativa descritiva baseada no RR cumulativo do DLNM; nao deve ser interpretada como causalidade individual.
centro_sul_obitos_i63_ur_med,Centro-Sul,obitos_i63,ur_med,alto_p95,>= 96.994,293,3,2.999999999950569,0.999999999983523,Estimativa descritiva baseada no RR cumulativo do DLNM; nao deve ser interpretada como causalidade individual.
centro_sul_obitos_i63_ur_med,Centro-Sul,obitos_i63,ur_med,alto_p99,>= 99.576,59,2,1.999999999965371,0.9999999999826855,Estimativa descritiva baseada no RR cumulativo do DLNM; nao deve ser interpretada como causalidade individual.
medio_paraiba_internacoes_i60_i69_temp_med,Medio Paraiba,internacoes_i60_i69,temp_med,baixo_p05,<= 16.738,293,1550,217.80903821264363,0.14052196013718943,Estimativa descritiva baseada no RR cumulativo do DLNM; nao deve ser interpretada como causalidade individual.
medio_paraiba_internacoes_i60_i69_temp_med,Medio Paraiba,internacoes_i60_i69,temp_med,alto_p95,>= 26.344,294,1282,109.6265409098369,0.08551212239456857,Estimativa descritiva baseada no RR cumulativo do DLNM; nao deve ser interpretada como causalidade individual.
medio_paraiba_internacoes_i60_i69_temp_med,Medio Paraiba,internacoes_i60_i69,temp_med,alto_p99,>= 27.622,59,218,0,0,Estimativa descritiva baseada no RR cumulativo do DLNM; nao deve ser interpretada como causalidade individual.
medio_paraiba_internacoes_i60_i69_ur_med,Medio Paraiba,internacoes_i60_i69,ur_med,baixo_p05,<= 61.354,294,1441,197.97407365155985,0.13738658823841765,Estimativa descritiva baseada no RR cumulativo do DLNM; nao deve ser interpretada como causalidade individual.
medio_paraiba_internacoes_i60_i69_ur_med,Medio Paraiba,internacoes_i60_i69,ur_med,alto_p95,>= 87.792,294,1343,501.5640899160339,0.37346544297545337,Estimativa descritiva baseada no RR cumulativo do DLNM; nao deve ser interpretada como causalidade individual.
medio_paraiba_internacoes_i60_i69_ur_med,Medio Paraiba,internacoes_i60_i69,ur_med,alto_p99,>= 91.135,59,335,131.62130609393367,0.3928994211759214,Estimativa descritiva baseada no RR cumulativo do DLNM; nao deve ser interpretada como causalidade individual.
medio_paraiba_obitos_i60_i69_temp_med,Medio Paraiba,obitos_i60_i69,temp_med,baixo_p05,<= 16.738,293,500,116.86199522595047,0.23372399045190093,Estimativa descritiva baseada no RR cumulativo do DLNM; nao deve ser interpretada como causalidade individual.
medio_paraiba_obitos_i60_i69_temp_med,Medio Paraiba,obitos_i60_i69,temp_med,alto_p95,>= 26.344,294,450,89.50340373280699,0.19889645273957107,Estimativa descritiva baseada no RR cumulativo do DLNM; nao deve ser interpretada como causalidade individual.
medio_paraiba_obitos_i60_i69_temp_med,Medio Paraiba,obitos_i60_i69,temp_med,alto_p99,>= 27.622,59,80,22.058909350615426,0.2757363668826928,Estimativa descritiva baseada no RR cumulativo do DLNM; nao deve ser interpretada como causalidade individual.
medio_paraiba_obitos_i60_i69_ur_med,Medio Paraiba,obitos_i60_i69,ur_med,baixo_p05,<= 61.354,294,446,119.98184861979259,0.2690175978022255,Estimativa descritiva baseada no RR cumulativo do DLNM; nao deve ser interpretada como causalidade individual.
medio_paraiba_obitos_i60_i69_ur_med,Medio Paraiba,obitos_i60_i69,ur_med,alto_p95,>= 87.792,294,454,89.13199649197291,0.1963259834624954,Estimativa descritiva baseada no RR cumulativo do DLNM; nao deve ser interpretada como causalidade individual.
medio_paraiba_obitos_i60_i69_ur_med,Medio Paraiba,obitos_i60_i69,ur_med,alto_p99,>= 91.135,59,88,23.401844973377216,0.26593005651565016,Estimativa descritiva baseada no RR cumulativo do DLNM; nao deve ser interpretada como causalidade individual.
medio_paraiba_internacoes_i60_i64_temp_med,Medio Paraiba,internacoes_i60_i64,temp_med,baixo_p05,<= 16.738,293,1110,265.63906737647073,0.2393144751139376,Estimativa descritiva baseada no RR cumulativo do DLNM; nao deve ser interpretada como causalidade individual.
medio_paraiba_internacoes_i60_i64_temp_med,Medio Paraiba,internacoes_i60_i64,temp_med,alto_p95,>= 26.344,294,884,30.64802156094681,0.03466970764812988,Estimativa descritiva baseada no RR cumulativo do DLNM; nao deve ser interpretada como causalidade individual.
medio_paraiba_internacoes_i60_i64_temp_med,Medio Paraiba,internacoes_i60_i64,temp_med,alto_p99,>= 27.622,59,163,0,0,Estimativa descritiva baseada no RR cumulativo do DLNM; nao deve ser interpretada como causalidade individual.
medio_paraiba_internacoes_i60_i64_ur_med,Medio Paraiba,internacoes_i60_i64,ur_med,baixo_p05,<= 61.354,294,968,119.24006305349658,0.12318188331972788,Estimativa descritiva baseada no RR cumulativo do DLNM; nao deve ser interpretada como causalidade individual.
medio_paraiba_internacoes_i60_i64_ur_med,Medio Paraiba,internacoes_i60_i64,ur_med,alto_p95,>= 87.792,294,1001,448.4187950513556,0.4479708242271285,Estimativa descritiva baseada no RR cumulativo do DLNM; nao deve ser interpretada como causalidade individual.
medio_paraiba_internacoes_i60_i64_ur_med,Medio Paraiba,internacoes_i60_i64,ur_med,alto_p99,>= 91.135,59,233,112.28678597513034,0.48191753637394996,Estimativa descritiva baseada no RR cumulativo do DLNM; nao deve ser interpretada como causalidade individual.
medio_paraiba_obitos_i60_i64_temp_med,Medio Paraiba,obitos_i60_i64,temp_med,baixo_p05,<= 16.738,293,303,103.3003019921853,0.3409250890831198,Estimativa descritiva baseada no RR cumulativo do DLNM; nao deve ser interpretada como causalidade individual.
medio_paraiba_obitos_i60_i64_temp_med,Medio Paraiba,obitos_i60_i64,temp_med,alto_p95,>= 26.344,294,264,94.19759469477295,0.35680907081353386,Estimativa descritiva baseada no RR cumulativo do DLNM; nao deve ser interpretada como causalidade individual.
medio_paraiba_obitos_i60_i64_temp_med,Medio Paraiba,obitos_i60_i64,temp_med,alto_p99,>= 27.622,59,47,22.49937071968401,0.47871001531242574,Estimativa descritiva baseada no RR cumulativo do DLNM; nao deve ser interpretada como causalidade individual.
medio_paraiba_obitos_i60_i64_ur_med,Medio Paraiba,obitos_i60_i64,ur_med,baixo_p05,<= 61.354,294,250,79.662591628252,0.318650366513008,Estimativa descritiva baseada no RR cumulativo do DLNM; nao deve ser interpretada como causalidade individual.
medio_paraiba_obitos_i60_i64_ur_med,Medio Paraiba,obitos_i60_i64,ur_med,alto_p95,>= 87.792,294,262,83.85857996595898,0.3200709159006068,Estimativa descritiva baseada no RR cumulativo do DLNM; nao deve ser interpretada como causalidade individual.
medio_paraiba_obitos_i60_i64_ur_med,Medio Paraiba,obitos_i60_i64,ur_med,alto_p99,>= 91.135,59,52,21.67861196901982,0.41689638401961193,Estimativa descritiva baseada no RR cumulativo do DLNM; nao deve ser interpretada como causalidade individual.
medio_paraiba_internacoes_i60_i62_temp_med,Medio Paraiba,internacoes_i60_i62,temp_med,baixo_p05,<= 16.738,293,193,31.763393633626354,0.16457716908614692,Estimativa descritiva baseada no RR cumulativo do DLNM; nao deve ser interpretada como causalidade individual.
medio_paraiba_internacoes_i60_i62_temp_med,Medio Paraiba,internacoes_i60_i62,temp_med,alto_p95,>= 26.344,294,148,3.2906439249954595,0.022234080574293647,Estimativa descritiva baseada no RR cumulativo do DLNM; nao deve ser interpretada como causalidade individual.
medio_paraiba_internacoes_i60_i62_temp_med,Medio Paraiba,internacoes_i60_i62,temp_med,alto_p99,>= 27.622,59,27,0,0,Estimativa descritiva baseada no RR cumulativo do DLNM; nao deve ser interpretada como causalidade individual.
medio_paraiba_internacoes_i60_i62_ur_med,Medio Paraiba,internacoes_i60_i62,ur_med,baixo_p05,<= 61.354,294,163,1.711957903292352,0.010502809222652466,Estimativa descritiva baseada no RR cumulativo do DLNM; nao deve ser interpretada como causalidade individual.
medio_paraiba_internacoes_i60_i62_ur_med,Medio Paraiba,internacoes_i60_i62,ur_med,alto_p95,>= 87.792,294,191,85.48919255010563,0.44758739555029126,Estimativa descritiva baseada no RR cumulativo do DLNM; nao deve ser interpretada como causalidade individual.
medio_paraiba_internacoes_i60_i62_ur_med,Medio Paraiba,internacoes_i60_i62,ur_med,alto_p99,>= 91.135,59,48,23.480385708740435,0.48917470226542575,Estimativa descritiva baseada no RR cumulativo do DLNM; nao deve ser interpretada como causalidade individual.
medio_paraiba_obitos_i60_i62_temp_med,Medio Paraiba,obitos_i60_i62,temp_med,baixo_p05,<= 16.738,293,126,40.58249752341439,0.322083313677892,Estimativa descritiva baseada no RR cumulativo do DLNM; nao deve ser interpretada como causalidade individual.
medio_paraiba_obitos_i60_i62_temp_med,Medio Paraiba,obitos_i60_i62,temp_med,alto_p95,>= 26.344,294,114,53.09091148864287,0.465709749900376,Estimativa descritiva baseada no RR cumulativo do DLNM; nao deve ser interpretada como causalidade individual.
medio_paraiba_obitos_i60_i62_temp_med,Medio Paraiba,obitos_i60_i62,temp_med,alto_p99,>= 27.622,59,19,11.336281980319962,0.5966464200168401,Estimativa descritiva baseada no RR cumulativo do DLNM; nao deve ser interpretada como causalidade individual.
medio_paraiba_internacoes_i63_temp_med,Medio Paraiba,internacoes_i63,temp_med,baixo_p05,<= 16.738,293,31,23.15099339243951,0.7468062384657906,Estimativa descritiva baseada no RR cumulativo do DLNM; nao deve ser interpretada como causalidade individual.
medio_paraiba_internacoes_i63_temp_med,Medio Paraiba,internacoes_i63,temp_med,alto_p95,>= 26.344,294,16,4.747096969715933,0.29669356060724583,Estimativa descritiva baseada no RR cumulativo do DLNM; nao deve ser interpretada como causalidade individual.
medio_paraiba_internacoes_i63_temp_med,Medio Paraiba,internacoes_i63,temp_med,alto_p99,>= 27.622,59,3,0,0,Estimativa descritiva baseada no RR cumulativo do DLNM; nao deve ser interpretada como causalidade individual.
medio_paraiba_internacoes_i63_ur_med,Medio Paraiba,internacoes_i63,ur_med,baixo_p05,<= 61.354,294,23,10.35916184409709,0.45039834104769955,Estimativa descritiva baseada no RR cumulativo do DLNM; nao deve ser interpretada como causalidade individual.
medio_paraiba_internacoes_i63_ur_med,Medio Paraiba,internacoes_i63,ur_med,alto_p95,>= 87.792,294,26,13.729527586808459,0.5280587533387868,Estimativa descritiva baseada no RR cumulativo do DLNM; nao deve ser interpretada como causalidade individual.
medio_paraiba_internacoes_i63_ur_med,Medio Paraiba,internacoes_i63,ur_med,alto_p99,>= 91.135,59,7,3.203575005551804,0.4576535722216863,Estimativa descritiva baseada no RR cumulativo do DLNM; nao deve ser interpretada como causalidade individual.
metropolitana_i_internacoes_i60_i69_temp_med,Metropolitana I,internacoes_i60_i69,temp_med,baixo_p05,<= 18.953,293,7299,857.7509016991854,0.11751622163298882,Estimativa descritiva baseada no RR cumulativo do DLNM; nao deve ser interpretada como causalidade individual.
metropolitana_i_internacoes_i60_i69_temp_med,Metropolitana I,internacoes_i60_i69,temp_med,alto_p95,>= 28.231,293,9177,2386.1319542002757,0.26001219943339604,Estimativa descritiva baseada no RR cumulativo do DLNM; nao deve ser interpretada como causalidade individual.
metropolitana_i_internacoes_i60_i69_temp_med,Metropolitana I,internacoes_i60_i69,temp_med,alto_p99,>= 29.541,59,4252,1219.9629309374877,0.28691508253468667,Estimativa descritiva baseada no RR cumulativo do DLNM; nao deve ser interpretada como causalidade individual.
metropolitana_i_internacoes_i60_i69_ur_med,Metropolitana I,internacoes_i60_i69,ur_med,baixo_p05,<= 62.482,293,6674,1151.7495027812183,0.17257259556206447,Estimativa descritiva baseada no RR cumulativo do DLNM; nao deve ser interpretada como causalidade individual.
metropolitana_i_internacoes_i60_i69_ur_med,Metropolitana I,internacoes_i60_i69,ur_med,alto_p95,>= 88.964,293,6362,392.7305502068682,0.06173067434876897,Estimativa descritiva baseada no RR cumulativo do DLNM; nao deve ser interpretada como causalidade individual.
metropolitana_i_internacoes_i60_i69_ur_med,Metropolitana I,internacoes_i60_i69,ur_med,alto_p99,>= 92.295,59,1196,0,0,Estimativa descritiva baseada no RR cumulativo do DLNM; nao deve ser interpretada como causalidade individual.
metropolitana_i_obitos_i60_i69_temp_med,Metropolitana I,obitos_i60_i69,temp_med,baixo_p05,<= 18.953,293,4850,948.5167045259689,0.19557045454143687,Estimativa descritiva baseada no RR cumulativo do DLNM; nao deve ser interpretada como causalidade individual.
metropolitana_i_obitos_i60_i69_temp_med,Metropolitana I,obitos_i60_i69,temp_med,alto_p95,>= 28.231,293,4694,857.128960674298,0.18260097159656966,Estimativa descritiva baseada no RR cumulativo do DLNM; nao deve ser interpretada como causalidade individual.
metropolitana_i_obitos_i60_i69_temp_med,Metropolitana I,obitos_i60_i69,temp_med,alto_p99,>= 29.541,59,997,225.77809597788527,0.22645746838303438,Estimativa descritiva baseada no RR cumulativo do DLNM; nao deve ser interpretada como causalidade individual.
metropolitana_i_obitos_i60_i69_ur_med,Metropolitana I,obitos_i60_i69,ur_med,baixo_p05,<= 62.482,293,4769,84.57651314869294,0.017734643142942534,Estimativa descritiva baseada no RR cumulativo do DLNM; nao deve ser interpretada como causalidade individual.
metropolitana_i_obitos_i60_i69_ur_med,Metropolitana I,obitos_i60_i69,ur_med,alto_p95,>= 88.964,293,4407,441.77885403104193,0.1002448046360431,Estimativa descritiva baseada no RR cumulativo do DLNM; nao deve ser interpretada como causalidade individual.
metropolitana_i_obitos_i60_i69_ur_med,Metropolitana I,obitos_i60_i69,ur_med,alto_p99,>= 92.295,59,907,113.02015012597171,0.12460876529875602,Estimativa descritiva baseada no RR cumulativo do DLNM; nao deve ser interpretada como causalidade individual.
metropolitana_i_internacoes_i60_i64_temp_med,Metropolitana I,internacoes_i60_i64,temp_med,baixo_p05,<= 18.953,293,6471,1513.9335150947318,0.23395665509113456,Estimativa descritiva baseada no RR cumulativo do DLNM; nao deve ser interpretada como causalidade individual.
metropolitana_i_internacoes_i60_i64_temp_med,Metropolitana I,internacoes_i60_i64,temp_med,alto_p95,>= 28.231,293,5269,22.282303041721917,0.004228943450696891,Estimativa descritiva baseada no RR cumulativo do DLNM; nao deve ser interpretada como causalidade individual.
metropolitana_i_internacoes_i60_i64_temp_med,Metropolitana I,internacoes_i60_i64,temp_med,alto_p99,>= 29.541,59,1070,0,0,Estimativa descritiva baseada no RR cumulativo do DLNM; nao deve ser interpretada como causalidade individual.
metropolitana_i_internacoes_i60_i64_ur_med,Metropolitana I,internacoes_i60_i64,ur_med,baixo_p05,<= 62.482,293,6012,155.55028950363038,0.025873301647310443,Estimativa descritiva baseada no RR cumulativo do DLNM; nao deve ser interpretada como causalidade individual.
metropolitana_i_internacoes_i60_i64_ur_med,Metropolitana I,internacoes_i60_i64,ur_med,alto_p95,>= 88.964,293,5567,820.8422682695093,0.14744786568520016,Estimativa descritiva baseada no RR cumulativo do DLNM; nao deve ser interpretada como causalidade individual.
metropolitana_i_internacoes_i60_i64_ur_med,Metropolitana I,internacoes_i60_i64,ur_med,alto_p99,>= 92.295,59,1058,173.40274804620924,0.16389673728375165,Estimativa descritiva baseada no RR cumulativo do DLNM; nao deve ser interpretada como causalidade individual.
metropolitana_i_obitos_i60_i64_temp_med,Metropolitana I,obitos_i60_i64,temp_med,baixo_p05,<= 18.953,293,3341,595.1158046290751,0.17812505376506288,Estimativa descritiva baseada no RR cumulativo do DLNM; nao deve ser interpretada como causalidade individual.
metropolitana_i_obitos_i60_i64_temp_med,Metropolitana I,obitos_i60_i64,temp_med,alto_p95,>= 28.231,293,3016,396.0299298111998,0.13130965842546413,Estimativa descritiva baseada no RR cumulativo do DLNM; nao deve ser interpretada como causalidade individual.
metropolitana_i_obitos_i60_i64_temp_med,Metropolitana I,obitos_i60_i64,temp_med,alto_p99,>= 29.541,59,643,104.29482807497327,0.16220035470446853,Estimativa descritiva baseada no RR cumulativo do DLNM; nao deve ser interpretada como causalidade individual.
metropolitana_i_obitos_i60_i64_ur_med,Metropolitana I,obitos_i60_i64,ur_med,baixo_p05,<= 62.482,293,3124,98.00693567241663,0.03137225853790545,Estimativa descritiva baseada no RR cumulativo do DLNM; nao deve ser interpretada como causalidade individual.
metropolitana_i_obitos_i60_i64_ur_med,Metropolitana I,obitos_i60_i64,ur_med,alto_p95,>= 88.964,293,2990,460.2508685602535,0.15393005637466672,Estimativa descritiva baseada no RR cumulativo do DLNM; nao deve ser interpretada como causalidade individual.
metropolitana_i_obitos_i60_i64_ur_med,Metropolitana I,obitos_i60_i64,ur_med,alto_p99,>= 92.295,59,612,108.02484548728609,0.17651118543674196,Estimativa descritiva baseada no RR cumulativo do DLNM; nao deve ser interpretada como causalidade individual.
metropolitana_i_internacoes_i60_i62_temp_med,Metropolitana I,internacoes_i60_i62,temp_med,baixo_p05,<= 18.953,293,1030,314.53092830031215,0.30536983330127393,Estimativa descritiva baseada no RR cumulativo do DLNM; nao deve ser interpretada como causalidade individual.
metropolitana_i_internacoes_i60_i62_temp_med,Metropolitana I,internacoes_i60_i62,temp_med,alto_p95,>= 28.231,293,705,41.589320113214676,0.05899194342299954,Estimativa descritiva baseada no RR cumulativo do DLNM; nao deve ser interpretada como causalidade individual.
metropolitana_i_internacoes_i60_i62_temp_med,Metropolitana I,internacoes_i60_i62,temp_med,alto_p99,>= 29.541,59,132,0,0,Estimativa descritiva baseada no RR cumulativo do DLNM; nao deve ser interpretada como causalidade individual.
metropolitana_i_internacoes_i60_i62_ur_med,Metropolitana I,internacoes_i60_i62,ur_med,baixo_p05,<= 62.482,293,819,24.150509379858928,0.029487801440609192,Estimativa descritiva baseada no RR cumulativo do DLNM; nao deve ser interpretada como causalidade individual.
metropolitana_i_internacoes_i60_i62_ur_med,Metropolitana I,internacoes_i60_i62,ur_med,alto_p95,>= 88.964,293,876,73.34598114278403,0.08372828897578086,Estimativa descritiva baseada no RR cumulativo do DLNM; nao deve ser interpretada como causalidade individual.
metropolitana_i_internacoes_i60_i62_ur_med,Metropolitana I,internacoes_i60_i62,ur_med,alto_p99,>= 92.295,59,177,13.465142704504304,0.07607425256782092,Estimativa descritiva baseada no RR cumulativo do DLNM; nao deve ser interpretada como causalidade individual.
metropolitana_i_internacoes_i63_temp_med,Metropolitana I,internacoes_i63,temp_med,baixo_p05,<= 18.953,293,578,226.70134101663368,0.39221685296995445,Estimativa descritiva baseada no RR cumulativo do DLNM; nao deve ser interpretada como causalidade individual.
metropolitana_i_internacoes_i63_temp_med,Metropolitana I,internacoes_i63,temp_med,alto_p95,>= 28.231,293,410,20.199429449340244,0.04926690109595181,Estimativa descritiva baseada no RR cumulativo do DLNM; nao deve ser interpretada como causalidade individual.
metropolitana_i_internacoes_i63_temp_med,Metropolitana I,internacoes_i63,temp_med,alto_p99,>= 29.541,59,79,0,0,Estimativa descritiva baseada no RR cumulativo do DLNM; nao deve ser interpretada como causalidade individual.
metropolitana_i_internacoes_i63_ur_med,Metropolitana I,internacoes_i63,ur_med,baixo_p05,<= 62.482,293,486,57.998574921350055,0.11933863152541163,Estimativa descritiva baseada no RR cumulativo do DLNM; nao deve ser interpretada como causalidade individual.
metropolitana_i_internacoes_i63_ur_med,Metropolitana I,internacoes_i63,ur_med,alto_p95,>= 88.964,293,454,2.2055566413036263,0.004858054275999177,Estimativa descritiva baseada no RR cumulativo do DLNM; nao deve ser interpretada como causalidade individual.
metropolitana_i_internacoes_i63_ur_med,Metropolitana I,internacoes_i63,ur_med,alto_p99,>= 92.295,59,85,0.8338053279049825,0.00980947444594097,Estimativa descritiva baseada no RR cumulativo do DLNM; nao deve ser interpretada como causalidade individual.
metropolitana_i_obitos_i63_temp_med,Metropolitana I,obitos_i63,temp_med,baixo_p05,<= 18.953,293,23,3.8548451074075665,0.16760196119163331,Estimativa descritiva baseada no RR cumulativo do DLNM; nao deve ser interpretada como causalidade individual.
metropolitana_i_obitos_i63_temp_med,Metropolitana I,obitos_i63,temp_med,alto_p95,>= 28.231,293,25,11.329126869458637,0.4531650747783455,Estimativa descritiva baseada no RR cumulativo do DLNM; nao deve ser interpretada como causalidade individual.
metropolitana_i_obitos_i63_temp_med,Metropolitana I,obitos_i63,temp_med,alto_p99,>= 29.541,59,6,2.3904752411063424,0.3984125401843904,Estimativa descritiva baseada no RR cumulativo do DLNM; nao deve ser interpretada como causalidade individual.
metropolitana_i_obitos_i63_ur_med,Metropolitana I,obitos_i63,ur_med,baixo_p05,<= 62.482,293,31,4.975024244510239,0.1604846530487174,Estimativa descritiva baseada no RR cumulativo do DLNM; nao deve ser interpretada como causalidade individual.
metropolitana_i_obitos_i63_ur_med,Metropolitana I,obitos_i63,ur_med,alto_p95,>= 88.964,293,19,11.773767933774034,0.6196719965144228,Estimativa descritiva baseada no RR cumulativo do DLNM; nao deve ser interpretada como causalidade individual.
metropolitana_i_obitos_i63_ur_med,Metropolitana I,obitos_i63,ur_med,alto_p99,>= 92.295,59,4,2.910321724959563,0.7275804312398908,Estimativa descritiva baseada no RR cumulativo do DLNM; nao deve ser interpretada como causalidade individual.
metropolitana_ii_internacoes_i60_i69_temp_med,Metropolitana II,internacoes_i60_i69,temp_med,baixo_p05,<= 14.417,293,1501,99.14002303661267,0.06604931581386587,Estimativa descritiva baseada no RR cumulativo do DLNM; nao deve ser interpretada como causalidade individual.
metropolitana_ii_internacoes_i60_i69_temp_med,Metropolitana II,internacoes_i60_i69,temp_med,alto_p95,>= 28.229,293,2181,108.90817267406506,0.049934971423230196,Estimativa descritiva baseada no RR cumulativo do DLNM; nao deve ser interpretada como causalidade individual.
metropolitana_ii_internacoes_i60_i69_temp_med,Metropolitana II,internacoes_i60_i69,temp_med,alto_p99,>= 29.65,59,456,11.406418475187648,0.025014075603481685,Estimativa descritiva baseada no RR cumulativo do DLNM; nao deve ser interpretada como causalidade individual.
metropolitana_ii_internacoes_i60_i69_ur_med,Metropolitana II,internacoes_i60_i69,ur_med,baixo_p05,<= 64.944,293,2347,671.579317295055,0.286143722750343,Estimativa descritiva baseada no RR cumulativo do DLNM; nao deve ser interpretada como causalidade individual.
metropolitana_ii_internacoes_i60_i69_ur_med,Metropolitana II,internacoes_i60_i69,ur_med,alto_p95,>= 94.583,294,1390,38.73038013262783,0.027863582829228652,Estimativa descritiva baseada no RR cumulativo do DLNM; nao deve ser interpretada como causalidade individual.
metropolitana_ii_internacoes_i60_i69_ur_med,Metropolitana II,internacoes_i60_i69,ur_med,alto_p99,>= 97.542,63,328,0,0,Estimativa descritiva baseada no RR cumulativo do DLNM; nao deve ser interpretada como causalidade individual.
metropolitana_ii_obitos_i60_i69_temp_med,Metropolitana II,obitos_i60_i69,temp_med,baixo_p05,<= 14.417,293,975,91.1514010983242,0.09348861651110174,Estimativa descritiva baseada no RR cumulativo do DLNM; nao deve ser interpretada como causalidade individual.
metropolitana_ii_obitos_i60_i69_temp_med,Metropolitana II,obitos_i60_i69,temp_med,alto_p95,>= 28.229,293,828,7.2088510546166535,0.008706341853401755,Estimativa descritiva baseada no RR cumulativo do DLNM; nao deve ser interpretada como causalidade individual.
metropolitana_ii_obitos_i60_i69_temp_med,Metropolitana II,obitos_i60_i69,temp_med,alto_p99,>= 29.65,59,187,0,0,Estimativa descritiva baseada no RR cumulativo do DLNM; nao deve ser interpretada como causalidade individual.
metropolitana_ii_obitos_i60_i69_ur_med,Metropolitana II,obitos_i60_i69,ur_med,baixo_p05,<= 64.944,293,831,171.60138271477044,0.20649985886253963,Estimativa descritiva baseada no RR cumulativo do DLNM; nao deve ser interpretada como causalidade individual.
metropolitana_ii_obitos_i60_i69_ur_med,Metropolitana II,obitos_i60_i69,ur_med,alto_p95,>= 94.583,294,865,26.731934815720024,0.030903970885225462,Estimativa descritiva baseada no RR cumulativo do DLNM; nao deve ser interpretada como causalidade individual.
metropolitana_ii_obitos_i60_i69_ur_med,Metropolitana II,obitos_i60_i69,ur_med,alto_p99,>= 97.542,63,200,0,0,Estimativa descritiva baseada no RR cumulativo do DLNM; nao deve ser interpretada como causalidade individual.
metropolitana_ii_internacoes_i60_i64_temp_med,Metropolitana II,internacoes_i60_i64,temp_med,baixo_p05,<= 14.417,293,1372,82.64815469737829,0.06023917980858476,Estimativa descritiva baseada no RR cumulativo do DLNM; nao deve ser interpretada como causalidade individual.
metropolitana_ii_internacoes_i60_i64_temp_med,Metropolitana II,internacoes_i60_i64,temp_med,alto_p95,>= 28.229,293,2104,35.25395627024822,0.016755682637950672,Estimativa descritiva baseada no RR cumulativo do DLNM; nao deve ser interpretada como causalidade individual.
metropolitana_ii_internacoes_i60_i64_temp_med,Metropolitana II,internacoes_i60_i64,temp_med,alto_p99,>= 29.65,59,436,0,0,Estimativa descritiva baseada no RR cumulativo do DLNM; nao deve ser interpretada como causalidade individual.
metropolitana_ii_internacoes_i60_i64_ur_med,Metropolitana II,internacoes_i60_i64,ur_med,baixo_p05,<= 64.944,293,2208,313.93373083547556,0.14218013171896537,Estimativa descritiva baseada no RR cumulativo do DLNM; nao deve ser interpretada como causalidade individual.
metropolitana_ii_internacoes_i60_i64_ur_med,Metropolitana II,internacoes_i60_i64,ur_med,alto_p95,>= 94.583,294,1341,26.254019897030098,0.019577941757665994,Estimativa descritiva baseada no RR cumulativo do DLNM; nao deve ser interpretada como causalidade individual.
metropolitana_ii_internacoes_i60_i64_ur_med,Metropolitana II,internacoes_i60_i64,ur_med,alto_p99,>= 97.542,63,318,0,0,Estimativa descritiva baseada no RR cumulativo do DLNM; nao deve ser interpretada como causalidade individual.
metropolitana_ii_obitos_i60_i64_temp_med,Metropolitana II,obitos_i60_i64,temp_med,baixo_p05,<= 14.417,293,647,84.80087473912867,0.13106781257979702,Estimativa descritiva baseada no RR cumulativo do DLNM; nao deve ser interpretada como causalidade individual.
metropolitana_ii_obitos_i60_i64_temp_med,Metropolitana II,obitos_i60_i64,temp_med,alto_p95,>= 28.229,293,523,8.631850920713939,0.01650449506828669,Estimativa descritiva baseada no RR cumulativo do DLNM; nao deve ser interpretada como causalidade individual.
metropolitana_ii_obitos_i60_i64_temp_med,Metropolitana II,obitos_i60_i64,temp_med,alto_p99,>= 29.65,59,110,0.7706348462576083,0.00700577132961462,Estimativa descritiva baseada no RR cumulativo do DLNM; nao deve ser interpretada como causalidade individual.
metropolitana_ii_obitos_i60_i64_ur_med,Metropolitana II,obitos_i60_i64,ur_med,baixo_p05,<= 64.944,293,537,159.4005555041067,0.29683529889032906,Estimativa descritiva baseada no RR cumulativo do DLNM; nao deve ser interpretada como causalidade individual.
metropolitana_ii_obitos_i60_i64_ur_med,Metropolitana II,obitos_i60_i64,ur_med,alto_p95,>= 94.583,294,553,28.671461804479623,0.051847128037033674,Estimativa descritiva baseada no RR cumulativo do DLNM; nao deve ser interpretada como causalidade individual.
metropolitana_ii_obitos_i60_i64_ur_med,Metropolitana II,obitos_i60_i64,ur_med,alto_p99,>= 97.542,63,131,0,0,Estimativa descritiva baseada no RR cumulativo do DLNM; nao deve ser interpretada como causalidade individual.
metropolitana_ii_internacoes_i60_i62_temp_med,Metropolitana II,internacoes_i60_i62,temp_med,baixo_p05,<= 14.417,293,136,26.16888672141203,0.19241828471626493,Estimativa descritiva baseada no RR cumulativo do DLNM; nao deve ser interpretada como causalidade individual.
metropolitana_ii_internacoes_i60_i62_temp_med,Metropolitana II,internacoes_i60_i62,temp_med,alto_p95,>= 28.229,293,254,15.962225691141976,0.06284340823284243,Estimativa descritiva baseada no RR cumulativo do DLNM; nao deve ser interpretada como causalidade individual.
metropolitana_ii_internacoes_i60_i62_temp_med,Metropolitana II,internacoes_i60_i62,temp_med,alto_p99,>= 29.65,59,49,0,0,Estimativa descritiva baseada no RR cumulativo do DLNM; nao deve ser interpretada como causalidade individual.
metropolitana_ii_internacoes_i60_i62_ur_med,Metropolitana II,internacoes_i60_i62,ur_med,baixo_p05,<= 64.944,293,292,77.79816720920415,0.2664320794835759,Estimativa descritiva baseada no RR cumulativo do DLNM; nao deve ser interpretada como causalidade individual.
metropolitana_ii_internacoes_i60_i62_ur_med,Metropolitana II,internacoes_i60_i62,ur_med,alto_p95,>= 94.583,294,137,53.128081131803064,0.38779621264089825,Estimativa descritiva baseada no RR cumulativo do DLNM; nao deve ser interpretada como causalidade individual.
metropolitana_ii_internacoes_i60_i62_ur_med,Metropolitana II,internacoes_i60_i62,ur_med,alto_p99,>= 97.542,63,40,16.73141688968373,0.4182854222420932,Estimativa descritiva baseada no RR cumulativo do DLNM; nao deve ser interpretada como causalidade individual.
metropolitana_ii_obitos_i60_i62_temp_med,Metropolitana II,obitos_i60_i62,temp_med,baixo_p05,<= 14.417,293,233,112.78487108826005,0.4840552407221461,Estimativa descritiva baseada no RR cumulativo do DLNM; nao deve ser interpretada como causalidade individual.
metropolitana_ii_obitos_i60_i62_temp_med,Metropolitana II,obitos_i60_i62,temp_med,alto_p95,>= 28.229,293,183,17.542544446314306,0.09586089861373938,Estimativa descritiva baseada no RR cumulativo do DLNM; nao deve ser interpretada como causalidade individual.
metropolitana_ii_obitos_i60_i62_temp_med,Metropolitana II,obitos_i60_i62,temp_med,alto_p99,>= 29.65,59,34,0,0,Estimativa descritiva baseada no RR cumulativo do DLNM; nao deve ser interpretada como causalidade individual.
metropolitana_ii_obitos_i60_i62_ur_med,Metropolitana II,obitos_i60_i62,ur_med,baixo_p05,<= 64.944,293,178,13.831111289637379,0.07770287241369314,Estimativa descritiva baseada no RR cumulativo do DLNM; nao deve ser interpretada como causalidade individual.
metropolitana_ii_obitos_i60_i62_ur_med,Metropolitana II,obitos_i60_i62,ur_med,alto_p95,>= 94.583,294,206,36.15604515096323,0.17551478228622927,Estimativa descritiva baseada no RR cumulativo do DLNM; nao deve ser interpretada como causalidade individual.
metropolitana_ii_obitos_i60_i62_ur_med,Metropolitana II,obitos_i60_i62,ur_med,alto_p99,>= 97.542,63,42,6.054118394530732,0.14414567606025552,Estimativa descritiva baseada no RR cumulativo do DLNM; nao deve ser interpretada como causalidade individual.
metropolitana_ii_internacoes_i63_temp_med,Metropolitana II,internacoes_i63,temp_med,baixo_p05,<= 14.417,293,119,39.39869333718266,0.3310814566149803,Estimativa descritiva baseada no RR cumulativo do DLNM; nao deve ser interpretada como causalidade individual.
metropolitana_ii_internacoes_i63_temp_med,Metropolitana II,internacoes_i63,temp_med,alto_p95,>= 28.229,293,270,79.11277915588114,0.29301029316993016,Estimativa descritiva baseada no RR cumulativo do DLNM; nao deve ser interpretada como causalidade individual.
metropolitana_ii_internacoes_i63_temp_med,Metropolitana II,internacoes_i63,temp_med,alto_p99,>= 29.65,59,53,16.46963268736982,0.31074778655414753,Estimativa descritiva baseada no RR cumulativo do DLNM; nao deve ser interpretada como causalidade individual.
metropolitana_ii_internacoes_i63_ur_med,Metropolitana II,internacoes_i63,ur_med,baixo_p05,<= 64.944,293,236,16.43971598083114,0.06965981347809805,Estimativa descritiva baseada no RR cumulativo do DLNM; nao deve ser interpretada como causalidade individual.
metropolitana_ii_internacoes_i63_ur_med,Metropolitana II,internacoes_i63,ur_med,alto_p95,>= 94.583,294,140,59.176639711030425,0.4226902836502173,Estimativa descritiva baseada no RR cumulativo do DLNM; nao deve ser interpretada como causalidade individual.
metropolitana_ii_internacoes_i63_ur_med,Metropolitana II,internacoes_i63,ur_med,alto_p99,>= 97.542,63,35,16.4190535224045,0.46911581492584287,Estimativa descritiva baseada no RR cumulativo do DLNM; nao deve ser interpretada como causalidade individual.
metropolitana_ii_obitos_i63_temp_med,Metropolitana II,obitos_i63,temp_med,baixo_p05,<= 14.417,293,19,12.96618643353347,0.6824308649228141,Estimativa descritiva baseada no RR cumulativo do DLNM; nao deve ser interpretada como causalidade individual.
metropolitana_ii_obitos_i63_temp_med,Metropolitana II,obitos_i63,temp_med,alto_p95,>= 28.229,293,25,15.78346159000905,0.631338463600362,Estimativa descritiva baseada no RR cumulativo do DLNM; nao deve ser interpretada como causalidade individual.
metropolitana_ii_obitos_i63_temp_med,Metropolitana II,obitos_i63,temp_med,alto_p99,>= 29.65,59,8,5.162690159110892,0.6453362698888615,Estimativa descritiva baseada no RR cumulativo do DLNM; nao deve ser interpretada como causalidade individual.
metropolitana_ii_obitos_i63_ur_med,Metropolitana II,obitos_i63,ur_med,baixo_p05,<= 64.944,293,22,19.561043087811292,0.8891383221732405,Estimativa descritiva baseada no RR cumulativo do DLNM; nao deve ser interpretada como causalidade individual.
metropolitana_ii_obitos_i63_ur_med,Metropolitana II,obitos_i63,ur_med,alto_p95,>= 94.583,294,18,1.6347834502541687,0.09082130279189826,Estimativa descritiva baseada no RR cumulativo do DLNM; nao deve ser interpretada como causalidade individual.
metropolitana_ii_obitos_i63_ur_med,Metropolitana II,obitos_i63,ur_med,alto_p99,>= 97.542,63,8,0,0,Estimativa descritiva baseada no RR cumulativo do DLNM; nao deve ser interpretada como causalidade individual.
noroeste_internacoes_i60_i69_temp_med,Noroeste,internacoes_i60_i69,temp_med,baixo_p05,<= 18.439,293,515,262.576611533332,0.5098574981229748,Estimativa descritiva baseada no RR cumulativo do DLNM; nao deve ser interpretada como causalidade individual.
noroeste_internacoes_i60_i69_temp_med,Noroeste,internacoes_i60_i69,temp_med,alto_p95,>= 28.621,295,520,3.529429442478405,0.006787364312458471,Estimativa descritiva baseada no RR cumulativo do DLNM; nao deve ser interpretada como causalidade individual.
noroeste_internacoes_i60_i69_temp_med,Noroeste,internacoes_i60_i69,temp_med,alto_p99,>= 30.227,59,89,0,0,Estimativa descritiva baseada no RR cumulativo do DLNM; nao deve ser interpretada como causalidade individual.
noroeste_internacoes_i60_i69_ur_med,Noroeste,internacoes_i60_i69,ur_med,baixo_p05,<= 61.542,294,528,46.36603399754057,0.08781445832867532,Estimativa descritiva baseada no RR cumulativo do DLNM; nao deve ser interpretada como causalidade individual.
noroeste_internacoes_i60_i69_ur_med,Noroeste,internacoes_i60_i69,ur_med,alto_p95,>= 88.892,293,571,239.46785305553132,0.41938328030741034,Estimativa descritiva baseada no RR cumulativo do DLNM; nao deve ser interpretada como causalidade individual.
noroeste_internacoes_i60_i69_ur_med,Noroeste,internacoes_i60_i69,ur_med,alto_p99,>= 94.792,61,118,52.523549586420096,0.44511482700356014,Estimativa descritiva baseada no RR cumulativo do DLNM; nao deve ser interpretada como causalidade individual.
noroeste_obitos_i60_i69_temp_med,Noroeste,obitos_i60_i69,temp_med,baixo_p05,<= 18.439,293,176,40.66891501516034,0.23107338076795647,Estimativa descritiva baseada no RR cumulativo do DLNM; nao deve ser interpretada como causalidade individual.
noroeste_obitos_i60_i69_temp_med,Noroeste,obitos_i60_i69,temp_med,alto_p95,>= 28.621,295,177,19.67794363573869,0.11117482280078356,Estimativa descritiva baseada no RR cumulativo do DLNM; nao deve ser interpretada como causalidade individual.
noroeste_obitos_i60_i69_temp_med,Noroeste,obitos_i60_i69,temp_med,alto_p99,>= 30.227,59,41,3.606917456255229,0.08797359649402997,Estimativa descritiva baseada no RR cumulativo do DLNM; nao deve ser interpretada como causalidade individual.
noroeste_obitos_i60_i69_ur_med,Noroeste,obitos_i60_i69,ur_med,baixo_p05,<= 61.542,294,191,1.6447667658520033,0.008611344323832478,Estimativa descritiva baseada no RR cumulativo do DLNM; nao deve ser interpretada como causalidade individual.
noroeste_obitos_i60_i69_ur_med,Noroeste,obitos_i60_i69,ur_med,alto_p95,>= 88.892,293,188,5.604203472844279,0.02980959294066106,Estimativa descritiva baseada no RR cumulativo do DLNM; nao deve ser interpretada como causalidade individual.
noroeste_obitos_i60_i69_ur_med,Noroeste,obitos_i60_i69,ur_med,alto_p99,>= 94.792,61,37,0.3177211741343658,0.008587058760388264,Estimativa descritiva baseada no RR cumulativo do DLNM; nao deve ser interpretada como causalidade individual.
noroeste_internacoes_i60_i64_temp_med,Noroeste,internacoes_i60_i64,temp_med,baixo_p05,<= 18.439,293,475,211.93472793258388,0.44617837459491344,Estimativa descritiva baseada no RR cumulativo do DLNM; nao deve ser interpretada como causalidade individual.
noroeste_internacoes_i60_i64_temp_med,Noroeste,internacoes_i60_i64,temp_med,alto_p95,>= 28.621,295,451,19.15905052270781,0.042481265017090486,Estimativa descritiva baseada no RR cumulativo do DLNM; nao deve ser interpretada como causalidade individual.
noroeste_internacoes_i60_i64_temp_med,Noroeste,internacoes_i60_i64,temp_med,alto_p99,>= 30.227,59,86,0,0,Estimativa descritiva baseada no RR cumulativo do DLNM; nao deve ser interpretada como causalidade individual.
noroeste_internacoes_i60_i64_ur_med,Noroeste,internacoes_i60_i64,ur_med,baixo_p05,<= 61.542,294,479,10.54262439786514,0.022009654275292567,Estimativa descritiva baseada no RR cumulativo do DLNM; nao deve ser interpretada como causalidade individual.
noroeste_internacoes_i60_i64_ur_med,Noroeste,internacoes_i60_i64,ur_med,alto_p95,>= 88.892,293,458,122.86696671959267,0.26826848628732025,Estimativa descritiva baseada no RR cumulativo do DLNM; nao deve ser interpretada como causalidade individual.
noroeste_internacoes_i60_i64_ur_med,Noroeste,internacoes_i60_i64,ur_med,alto_p99,>= 94.792,61,110,32.538979926441485,0.2958089084221953,Estimativa descritiva baseada no RR cumulativo do DLNM; nao deve ser interpretada como causalidade individual.
noroeste_obitos_i60_i64_temp_med,Noroeste,obitos_i60_i64,temp_med,baixo_p05,<= 18.439,293,101,32.84567446287023,0.32520469765218046,Estimativa descritiva baseada no RR cumulativo do DLNM; nao deve ser interpretada como causalidade individual.
noroeste_obitos_i60_i64_temp_med,Noroeste,obitos_i60_i64,temp_med,alto_p95,>= 28.621,295,109,39.726433988576176,0.3644626971429007,Estimativa descritiva baseada no RR cumulativo do DLNM; nao deve ser interpretada como causalidade individual.
noroeste_obitos_i60_i64_temp_med,Noroeste,obitos_i60_i64,temp_med,alto_p99,>= 30.227,59,29,9.96347738082903,0.34356818554582863,Estimativa descritiva baseada no RR cumulativo do DLNM; nao deve ser interpretada como causalidade individual.
noroeste_obitos_i60_i64_ur_med,Noroeste,obitos_i60_i64,ur_med,baixo_p05,<= 61.542,294,119,5.2145377907271975,0.04381964530022855,Estimativa descritiva baseada no RR cumulativo do DLNM; nao deve ser interpretada como causalidade individual.
noroeste_obitos_i60_i64_ur_med,Noroeste,obitos_i60_i64,ur_med,alto_p95,>= 88.892,293,108,23.980086213022876,0.22203783530576737,Estimativa descritiva baseada no RR cumulativo do DLNM; nao deve ser interpretada como causalidade individual.
noroeste_obitos_i60_i64_ur_med,Noroeste,obitos_i60_i64,ur_med,alto_p99,>= 94.792,61,21,3.153098724311259,0.15014755830053614,Estimativa descritiva baseada no RR cumulativo do DLNM; nao deve ser interpretada como causalidade individual.
noroeste_internacoes_i60_i62_temp_med,Noroeste,internacoes_i60_i62,temp_med,baixo_p05,<= 18.439,293,91,49.67431209294106,0.5458715614608908,Estimativa descritiva baseada no RR cumulativo do DLNM; nao deve ser interpretada como causalidade individual.
noroeste_internacoes_i60_i62_temp_med,Noroeste,internacoes_i60_i62,temp_med,alto_p95,>= 28.621,295,84,2.103481075577953,0.025041441375928016,Estimativa descritiva baseada no RR cumulativo do DLNM; nao deve ser interpretada como causalidade individual.
noroeste_internacoes_i60_i62_temp_med,Noroeste,internacoes_i60_i62,temp_med,alto_p99,>= 30.227,59,18,0.8645208868475764,0.04802893815819869,Estimativa descritiva baseada no RR cumulativo do DLNM; nao deve ser interpretada como causalidade individual.
noroeste_internacoes_i60_i62_ur_med,Noroeste,internacoes_i60_i62,ur_med,baixo_p05,<= 61.542,294,95,2.4049766951103257,0.02531554415905606,Estimativa descritiva baseada no RR cumulativo do DLNM; nao deve ser interpretada como causalidade individual.
noroeste_internacoes_i60_i62_ur_med,Noroeste,internacoes_i60_i62,ur_med,alto_p95,>= 88.892,293,85,24.858161697878074,0.29244896115150676,Estimativa descritiva baseada no RR cumulativo do DLNM; nao deve ser interpretada como causalidade individual.
noroeste_internacoes_i60_i62_ur_med,Noroeste,internacoes_i60_i62,ur_med,alto_p99,>= 94.792,61,17,5.780083466781643,0.3400049098106849,Estimativa descritiva baseada no RR cumulativo do DLNM; nao deve ser interpretada como causalidade individual.
noroeste_obitos_i60_i62_ur_med,Noroeste,obitos_i60_i62,ur_med,baixo_p05,<= 61.542,294,44,0.5054869518057659,0.011488339813767406,Estimativa descritiva baseada no RR cumulativo do DLNM; nao deve ser interpretada como causalidade individual.
noroeste_obitos_i60_i62_ur_med,Noroeste,obitos_i60_i62,ur_med,alto_p95,>= 88.892,293,37,8.010003209543113,0.21648657323089493,Estimativa descritiva baseada no RR cumulativo do DLNM; nao deve ser interpretada como causalidade individual.
noroeste_obitos_i60_i62_ur_med,Noroeste,obitos_i60_i62,ur_med,alto_p99,>= 94.792,61,5,0.8817160990424924,0.17634321980849849,Estimativa descritiva baseada no RR cumulativo do DLNM; nao deve ser interpretada como causalidade individual.
noroeste_internacoes_i63_temp_med,Noroeste,internacoes_i63,temp_med,baixo_p05,<= 18.439,293,12,9.525779588754254,0.7938149657295211,Estimativa descritiva baseada no RR cumulativo do DLNM; nao deve ser interpretada como causalidade individual.
noroeste_internacoes_i63_temp_med,Noroeste,internacoes_i63,temp_med,alto_p95,>= 28.621,295,11,5.092764749956736,0.46297861363243054,Estimativa descritiva baseada no RR cumulativo do DLNM; nao deve ser interpretada como causalidade individual.
noroeste_internacoes_i63_temp_med,Noroeste,internacoes_i63,temp_med,alto_p99,>= 30.227,59,2,0,0,Estimativa descritiva baseada no RR cumulativo do DLNM; nao deve ser interpretada como causalidade individual.
noroeste_internacoes_i63_ur_med,Noroeste,internacoes_i63,ur_med,baixo_p05,<= 61.542,294,10,9.111603885298614,0.9111603885298614,Estimativa descritiva baseada no RR cumulativo do DLNM; nao deve ser interpretada como causalidade individual.
noroeste_internacoes_i63_ur_med,Noroeste,internacoes_i63,ur_med,alto_p95,>= 88.892,293,3,2.9281578267717325,0.9760526089239109,Estimativa descritiva baseada no RR cumulativo do DLNM; nao deve ser interpretada como causalidade individual.
noroeste_internacoes_i63_ur_med,Noroeste,internacoes_i63,ur_med,alto_p99,>= 94.792,61,1,0.9992165015375675,0.9992165015375675,Estimativa descritiva baseada no RR cumulativo do DLNM; nao deve ser interpretada como causalidade individual.
noroeste_obitos_i63_ur_med,Noroeste,obitos_i63,ur_med,baixo_p05,<= 61.542,294,1,0.9999999999999998,0.9999999999999998,Estimativa descritiva baseada no RR cumulativo do DLNM; nao deve ser interpretada como causalidade individual.
noroeste_obitos_i63_ur_med,Noroeste,obitos_i63,ur_med,alto_p95,>= 88.892,293,1,0.9993400915331097,0.9993400915331097,Estimativa descritiva baseada no RR cumulativo do DLNM; nao deve ser interpretada como causalidade individual.
noroeste_obitos_i63_ur_med,Noroeste,obitos_i63,ur_med,alto_p99,>= 94.792,61,0,0,,Estimativa descritiva baseada no RR cumulativo do DLNM; nao deve ser interpretada como causalidade individual.
norte_internacoes_i60_i69_temp_med,Norte,internacoes_i60_i69,temp_med,baixo_p05,<= 19.796,293,897,414.4851672197695,0.46207933915247434,Estimativa descritiva baseada no RR cumulativo do DLNM; nao deve ser interpretada como causalidade individual.
norte_internacoes_i60_i69_temp_med,Norte,internacoes_i60_i69,temp_med,alto_p95,>= 27.637,294,722,68.69565251838965,0.0951463331279635,Estimativa descritiva baseada no RR cumulativo do DLNM; nao deve ser interpretada como causalidade individual.
norte_internacoes_i60_i69_temp_med,Norte,internacoes_i60_i69,temp_med,alto_p99,>= 28.554,59,166,0,0,Estimativa descritiva baseada no RR cumulativo do DLNM; nao deve ser interpretada como causalidade individual.
norte_internacoes_i60_i69_ur_med,Norte,internacoes_i60_i69,ur_med,baixo_p05,<= 67.252,293,809,126.90475064793425,0.15686619363156273,Estimativa descritiva baseada no RR cumulativo do DLNM; nao deve ser interpretada como causalidade individual.
norte_internacoes_i60_i69_ur_med,Norte,internacoes_i60_i69,ur_med,alto_p95,>= 88.647,293,771,279.29983043256607,0.36225658940670047,Estimativa descritiva baseada no RR cumulativo do DLNM; nao deve ser interpretada como causalidade individual.
norte_internacoes_i60_i69_ur_med,Norte,internacoes_i60_i69,ur_med,alto_p99,>= 92.246,59,155,45.15709023219344,0.29133606601415124,Estimativa descritiva baseada no RR cumulativo do DLNM; nao deve ser interpretada como causalidade individual.
norte_obitos_i60_i69_temp_med,Norte,obitos_i60_i69,temp_med,baixo_p05,<= 19.796,293,408,106.45419494122955,0.2609171444637979,Estimativa descritiva baseada no RR cumulativo do DLNM; nao deve ser interpretada como causalidade individual.
norte_obitos_i60_i69_temp_med,Norte,obitos_i60_i69,temp_med,alto_p95,>= 27.637,294,396,42.386348101065856,0.10703623257844913,Estimativa descritiva baseada no RR cumulativo do DLNM; nao deve ser interpretada como causalidade individual.
norte_obitos_i60_i69_temp_med,Norte,obitos_i60_i69,temp_med,alto_p99,>= 28.554,59,71,2.784986185341644,0.039225157540023155,Estimativa descritiva baseada no RR cumulativo do DLNM; nao deve ser interpretada como causalidade individual.
norte_obitos_i60_i69_ur_med,Norte,obitos_i60_i69,ur_med,baixo_p05,<= 67.252,293,390,91.86842215109176,0.2355600567976712,Estimativa descritiva baseada no RR cumulativo do DLNM; nao deve ser interpretada como causalidade individual.
norte_obitos_i60_i69_ur_med,Norte,obitos_i60_i69,ur_med,alto_p95,>= 88.647,293,395,50.800497303505985,0.12860885393292654,Estimativa descritiva baseada no RR cumulativo do DLNM; nao deve ser interpretada como causalidade individual.
norte_obitos_i60_i69_ur_med,Norte,obitos_i60_i69,ur_med,alto_p99,>= 92.246,59,72,0,0,Estimativa descritiva baseada no RR cumulativo do DLNM; nao deve ser interpretada como causalidade individual.
norte_internacoes_i60_i64_temp_med,Norte,internacoes_i60_i64,temp_med,baixo_p05,<= 19.796,293,836,171.7044952091661,0.2053881521640743,Estimativa descritiva baseada no RR cumulativo do DLNM; nao deve ser interpretada como causalidade individual.
norte_internacoes_i60_i64_temp_med,Norte,internacoes_i60_i64,temp_med,alto_p95,>= 27.637,294,659,37.73376782269769,0.057259131749161904,Estimativa descritiva baseada no RR cumulativo do DLNM; nao deve ser interpretada como causalidade individual.
norte_internacoes_i60_i64_temp_med,Norte,internacoes_i60_i64,temp_med,alto_p99,>= 28.554,59,152,0,0,Estimativa descritiva baseada no RR cumulativo do DLNM; nao deve ser interpretada como causalidade individual.
norte_internacoes_i60_i64_ur_med,Norte,internacoes_i60_i64,ur_med,baixo_p05,<= 67.252,293,750,41.03606840621424,0.05471475787495232,Estimativa descritiva baseada no RR cumulativo do DLNM; nao deve ser interpretada como causalidade individual.
norte_internacoes_i60_i64_ur_med,Norte,internacoes_i60_i64,ur_med,alto_p95,>= 88.647,293,709,72.10945979551845,0.10170586713049146,Estimativa descritiva baseada no RR cumulativo do DLNM; nao deve ser interpretada como causalidade individual.
norte_internacoes_i60_i64_ur_med,Norte,internacoes_i60_i64,ur_med,alto_p99,>= 92.246,59,140,9.102457553122688,0.06501755395087634,Estimativa descritiva baseada no RR cumulativo do DLNM; nao deve ser interpretada como causalidade individual.
norte_obitos_i60_i64_temp_med,Norte,obitos_i60_i64,temp_med,baixo_p05,<= 19.796,293,244,122.49315284602831,0.5020211182214275,Estimativa descritiva baseada no RR cumulativo do DLNM; nao deve ser interpretada como causalidade individual.
norte_obitos_i60_i64_temp_med,Norte,obitos_i60_i64,temp_med,alto_p95,>= 27.637,294,214,36.403201534194146,0.1701084183840848,Estimativa descritiva baseada no RR cumulativo do DLNM; nao deve ser interpretada como causalidade individual.
norte_obitos_i60_i64_temp_med,Norte,obitos_i60_i64,temp_med,alto_p99,>= 28.554,59,40,0,0,Estimativa descritiva baseada no RR cumulativo do DLNM; nao deve ser interpretada como causalidade individual.
norte_obitos_i60_i64_ur_med,Norte,obitos_i60_i64,ur_med,baixo_p05,<= 67.252,293,208,83.94610413934483,0.4035870391314655,Estimativa descritiva baseada no RR cumulativo do DLNM; nao deve ser interpretada como causalidade individual.
norte_obitos_i60_i64_ur_med,Norte,obitos_i60_i64,ur_med,alto_p95,>= 88.647,293,241,44.04445908059834,0.18275709162074,Estimativa descritiva baseada no RR cumulativo do DLNM; nao deve ser interpretada como causalidade individual.
norte_obitos_i60_i64_ur_med,Norte,obitos_i60_i64,ur_med,alto_p99,>= 92.246,59,42,0,0,Estimativa descritiva baseada no RR cumulativo do DLNM; nao deve ser interpretada como causalidade individual.
norte_internacoes_i60_i62_temp_med,Norte,internacoes_i60_i62,temp_med,baixo_p05,<= 19.796,293,255,24.109458224018645,0.09454689499615156,Estimativa descritiva baseada no RR cumulativo do DLNM; nao deve ser interpretada como causalidade individual.
norte_internacoes_i60_i62_temp_med,Norte,internacoes_i60_i62,temp_med,alto_p95,>= 27.637,294,206,8.812162168573634,0.042777486255211813,Estimativa descritiva baseada no RR cumulativo do DLNM; nao deve ser interpretada como causalidade individual.
norte_internacoes_i60_i62_temp_med,Norte,internacoes_i60_i62,temp_med,alto_p99,>= 28.554,59,48,0.9874080103334109,0.020571000215279394,Estimativa descritiva baseada no RR cumulativo do DLNM; nao deve ser interpretada como causalidade individual.
norte_internacoes_i60_i62_ur_med,Norte,internacoes_i60_i62,ur_med,baixo_p05,<= 67.252,293,225,29.721434224988506,0.13209526322217113,Estimativa descritiva baseada no RR cumulativo do DLNM; nao deve ser interpretada como causalidade individual.
norte_internacoes_i60_i62_ur_med,Norte,internacoes_i60_i62,ur_med,alto_p95,>= 88.647,293,212,15.122867146884184,0.07133427899473672,Estimativa descritiva baseada no RR cumulativo do DLNM; nao deve ser interpretada como causalidade individual.
norte_internacoes_i60_i62_ur_med,Norte,internacoes_i60_i62,ur_med,alto_p99,>= 92.246,59,40,3.978817010080459,0.09947042525201147,Estimativa descritiva baseada no RR cumulativo do DLNM; nao deve ser interpretada como causalidade individual.
norte_obitos_i60_i62_temp_med,Norte,obitos_i60_i62,temp_med,baixo_p05,<= 19.796,293,95,55.87772835451924,0.5881866142580973,Estimativa descritiva baseada no RR cumulativo do DLNM; nao deve ser interpretada como causalidade individual.
norte_obitos_i60_i62_temp_med,Norte,obitos_i60_i62,temp_med,alto_p95,>= 27.637,294,79,14.459834001648966,0.1830358734385945,Estimativa descritiva baseada no RR cumulativo do DLNM; nao deve ser interpretada como causalidade individual.
norte_obitos_i60_i62_temp_med,Norte,obitos_i60_i62,temp_med,alto_p99,>= 28.554,59,21,0,0,Estimativa descritiva baseada no RR cumulativo do DLNM; nao deve ser interpretada como causalidade individual.
norte_obitos_i60_i62_ur_med,Norte,obitos_i60_i62,ur_med,baixo_p05,<= 67.252,293,96,39.91795927253176,0.4158120757555392,Estimativa descritiva baseada no RR cumulativo do DLNM; nao deve ser interpretada como causalidade individual.
norte_obitos_i60_i62_ur_med,Norte,obitos_i60_i62,ur_med,alto_p95,>= 88.647,293,117,27.48958379413582,0.2349537076421865,Estimativa descritiva baseada no RR cumulativo do DLNM; nao deve ser interpretada como causalidade individual.
norte_obitos_i60_i62_ur_med,Norte,obitos_i60_i62,ur_med,alto_p99,>= 92.246,59,15,0,0,Estimativa descritiva baseada no RR cumulativo do DLNM; nao deve ser interpretada como causalidade individual.
norte_internacoes_i63_temp_med,Norte,internacoes_i63,temp_med,baixo_p05,<= 19.796,293,134,9.754028279937165,0.0727912558204266,Estimativa descritiva baseada no RR cumulativo do DLNM; nao deve ser interpretada como causalidade individual.
norte_internacoes_i63_temp_med,Norte,internacoes_i63,temp_med,alto_p95,>= 27.637,294,101,13.724298565697037,0.13588414421482214,Estimativa descritiva baseada no RR cumulativo do DLNM; nao deve ser interpretada como causalidade individual.
norte_internacoes_i63_temp_med,Norte,internacoes_i63,temp_med,alto_p99,>= 28.554,59,26,0.8447735161829188,0.032491289083958416,Estimativa descritiva baseada no RR cumulativo do DLNM; nao deve ser interpretada como causalidade individual.
norte_internacoes_i63_ur_med,Norte,internacoes_i63,ur_med,baixo_p05,<= 67.252,293,123,51.54116002867678,0.4190338213713559,Estimativa descritiva baseada no RR cumulativo do DLNM; nao deve ser interpretada como causalidade individual.
norte_internacoes_i63_ur_med,Norte,internacoes_i63,ur_med,alto_p95,>= 88.647,293,118,26.6989848316823,0.22626258331934151,Estimativa descritiva baseada no RR cumulativo do DLNM; nao deve ser interpretada como causalidade individual.
norte_internacoes_i63_ur_med,Norte,internacoes_i63,ur_med,alto_p99,>= 92.246,59,30,0,0,Estimativa descritiva baseada no RR cumulativo do DLNM; nao deve ser interpretada como causalidade individual.
serrana_internacoes_i60_i69_temp_med,Serrana,internacoes_i60_i69,temp_med,baixo_p05,<= 12.093,294,1766,678.5648819276693,0.38423832498735516,Estimativa descritiva baseada no RR cumulativo do DLNM; nao deve ser interpretada como causalidade individual.
serrana_internacoes_i60_i69_temp_med,Serrana,internacoes_i60_i69,temp_med,alto_p95,>= 22.439,293,1473,188.17250177593553,0.1277477948241246,Estimativa descritiva baseada no RR cumulativo do DLNM; nao deve ser interpretada como causalidade individual.
serrana_internacoes_i60_i69_temp_med,Serrana,internacoes_i60_i69,temp_med,alto_p99,>= 23.896,59,258,13.788150271510172,0.053442442912830124,Estimativa descritiva baseada no RR cumulativo do DLNM; nao deve ser interpretada como causalidade individual.
serrana_internacoes_i60_i69_ur_med,Serrana,internacoes_i60_i69,ur_med,baixo_p05,<= 67.357,293,1734,351.4232307332136,0.20266622302953494,Estimativa descritiva baseada no RR cumulativo do DLNM; nao deve ser interpretada como causalidade individual.
serrana_internacoes_i60_i69_ur_med,Serrana,internacoes_i60_i69,ur_med,alto_p95,>= 94.783,293,1677,321.1090759683892,0.19147828024352367,Estimativa descritiva baseada no RR cumulativo do DLNM; nao deve ser interpretada como causalidade individual.
serrana_internacoes_i60_i69_ur_med,Serrana,internacoes_i60_i69,ur_med,alto_p99,>= 96.824,59,235,55.54414268958397,0.23635805399822968,Estimativa descritiva baseada no RR cumulativo do DLNM; nao deve ser interpretada como causalidade individual.
serrana_obitos_i60_i69_temp_med,Serrana,obitos_i60_i69,temp_med,baixo_p05,<= 12.093,294,578,144.75413472612564,0.25043967945696477,Estimativa descritiva baseada no RR cumulativo do DLNM; nao deve ser interpretada como causalidade individual.
serrana_obitos_i60_i69_temp_med,Serrana,obitos_i60_i69,temp_med,alto_p95,>= 22.439,293,390,0.732464676390069,0.0018781145548463307,Estimativa descritiva baseada no RR cumulativo do DLNM; nao deve ser interpretada como causalidade individual.
serrana_obitos_i60_i69_temp_med,Serrana,obitos_i60_i69,temp_med,alto_p99,>= 23.896,59,65,0.07010274277136348,0.0010785037349440535,Estimativa descritiva baseada no RR cumulativo do DLNM; nao deve ser interpretada como causalidade individual.
serrana_obitos_i60_i69_ur_med,Serrana,obitos_i60_i69,ur_med,baixo_p05,<= 67.357,293,509,108.0579512564098,0.21229459971789744,Estimativa descritiva baseada no RR cumulativo do DLNM; nao deve ser interpretada como causalidade individual.
serrana_obitos_i60_i69_ur_med,Serrana,obitos_i60_i69,ur_med,alto_p95,>= 94.783,293,516,20.7242743927617,0.04016332246659244,Estimativa descritiva baseada no RR cumulativo do DLNM; nao deve ser interpretada como causalidade individual.
serrana_obitos_i60_i69_ur_med,Serrana,obitos_i60_i69,ur_med,alto_p99,>= 96.824,59,109,0,0,Estimativa descritiva baseada no RR cumulativo do DLNM; nao deve ser interpretada como causalidade individual.
serrana_internacoes_i60_i64_temp_med,Serrana,internacoes_i60_i64,temp_med,baixo_p05,<= 12.093,294,887,161.4858866377023,0.18205849677305783,Estimativa descritiva baseada no RR cumulativo do DLNM; nao deve ser interpretada como causalidade individual.
serrana_internacoes_i60_i64_temp_med,Serrana,internacoes_i60_i64,temp_med,alto_p95,>= 22.439,293,955,30.509668921531393,0.03194729730003287,Estimativa descritiva baseada no RR cumulativo do DLNM; nao deve ser interpretada como causalidade individual.
serrana_internacoes_i60_i64_temp_med,Serrana,internacoes_i60_i64,temp_med,alto_p99,>= 23.896,59,194,0,0,Estimativa descritiva baseada no RR cumulativo do DLNM; nao deve ser interpretada como causalidade individual.
serrana_internacoes_i60_i64_ur_med,Serrana,internacoes_i60_i64,ur_med,baixo_p05,<= 67.357,293,932,64.13222648224483,0.06881140180498373,Estimativa descritiva baseada no RR cumulativo do DLNM; nao deve ser interpretada como causalidade individual.
serrana_internacoes_i60_i64_ur_med,Serrana,internacoes_i60_i64,ur_med,alto_p95,>= 94.783,293,730,121.84160368345316,0.16690630641568927,Estimativa descritiva baseada no RR cumulativo do DLNM; nao deve ser interpretada como causalidade individual.
serrana_internacoes_i60_i64_ur_med,Serrana,internacoes_i60_i64,ur_med,alto_p99,>= 96.824,59,131,21.476306712596113,0.1639412726152375,Estimativa descritiva baseada no RR cumulativo do DLNM; nao deve ser interpretada como causalidade individual.
serrana_obitos_i60_i64_temp_med,Serrana,obitos_i60_i64,temp_med,baixo_p05,<= 12.093,294,345,150.39083620089846,0.43591546724898106,Estimativa descritiva baseada no RR cumulativo do DLNM; nao deve ser interpretada como causalidade individual.
serrana_obitos_i60_i64_temp_med,Serrana,obitos_i60_i64,temp_med,alto_p95,>= 22.439,293,230,19.582186285342612,0.08513994037105484,Estimativa descritiva baseada no RR cumulativo do DLNM; nao deve ser interpretada como causalidade individual.
serrana_obitos_i60_i64_temp_med,Serrana,obitos_i60_i64,temp_med,alto_p99,>= 23.896,59,40,0,0,Estimativa descritiva baseada no RR cumulativo do DLNM; nao deve ser interpretada como causalidade individual.
serrana_obitos_i60_i64_ur_med,Serrana,obitos_i60_i64,ur_med,baixo_p05,<= 67.357,293,311,127.15877259852722,0.40887065144220974,Estimativa descritiva baseada no RR cumulativo do DLNM; nao deve ser interpretada como causalidade individual.
serrana_obitos_i60_i64_ur_med,Serrana,obitos_i60_i64,ur_med,alto_p95,>= 94.783,293,321,22.76914055413142,0.07093190203779258,Estimativa descritiva baseada no RR cumulativo do DLNM; nao deve ser interpretada como causalidade individual.
serrana_obitos_i60_i64_ur_med,Serrana,obitos_i60_i64,ur_med,alto_p99,>= 96.824,59,60,0,0,Estimativa descritiva baseada no RR cumulativo do DLNM; nao deve ser interpretada como causalidade individual.
serrana_internacoes_i60_i62_temp_med,Serrana,internacoes_i60_i62,temp_med,baixo_p05,<= 12.093,294,151,68.5137015024899,0.45373312253304565,Estimativa descritiva baseada no RR cumulativo do DLNM; nao deve ser interpretada como causalidade individual.
serrana_internacoes_i60_i62_temp_med,Serrana,internacoes_i60_i62,temp_med,alto_p95,>= 22.439,293,128,6.92983173685401,0.05413931044417195,Estimativa descritiva baseada no RR cumulativo do DLNM; nao deve ser interpretada como causalidade individual.
serrana_internacoes_i60_i62_temp_med,Serrana,internacoes_i60_i62,temp_med,alto_p99,>= 23.896,59,28,0,0,Estimativa descritiva baseada no RR cumulativo do DLNM; nao deve ser interpretada como causalidade individual.
serrana_internacoes_i60_i62_ur_med,Serrana,internacoes_i60_i62,ur_med,baixo_p05,<= 67.357,293,142,21.389636653823835,0.1506312440410129,Estimativa descritiva baseada no RR cumulativo do DLNM; nao deve ser interpretada como causalidade individual.
serrana_internacoes_i60_i62_ur_med,Serrana,internacoes_i60_i62,ur_med,alto_p95,>= 94.783,293,108,6.723204021107177,0.06225188908432572,Estimativa descritiva baseada no RR cumulativo do DLNM; nao deve ser interpretada como causalidade individual.
serrana_internacoes_i60_i62_ur_med,Serrana,internacoes_i60_i62,ur_med,alto_p99,>= 96.824,59,19,0,0,Estimativa descritiva baseada no RR cumulativo do DLNM; nao deve ser interpretada como causalidade individual.
serrana_internacoes_i63_temp_med,Serrana,internacoes_i63,temp_med,baixo_p05,<= 12.093,294,23,16.973240038562253,0.7379669581983588,Estimativa descritiva baseada no RR cumulativo do DLNM; nao deve ser interpretada como causalidade individual.
serrana_internacoes_i63_temp_med,Serrana,internacoes_i63,temp_med,alto_p95,>= 22.439,293,26,16.32387051138882,0.6278411735149546,Estimativa descritiva baseada no RR cumulativo do DLNM; nao deve ser interpretada como causalidade individual.
serrana_internacoes_i63_temp_med,Serrana,internacoes_i63,temp_med,alto_p99,>= 23.896,59,6,3.4780038599018086,0.5796673099836348,Estimativa descritiva baseada no RR cumulativo do DLNM; nao deve ser interpretada como causalidade individual.
serrana_internacoes_i63_ur_med,Serrana,internacoes_i63,ur_med,baixo_p05,<= 67.357,293,27,17.28799345394627,0.6402960538498619,Estimativa descritiva baseada no RR cumulativo do DLNM; nao deve ser interpretada como causalidade individual.
serrana_internacoes_i63_ur_med,Serrana,internacoes_i63,ur_med,alto_p95,>= 94.783,293,23,5.2886165747456415,0.22993985107589746,Estimativa descritiva baseada no RR cumulativo do DLNM; nao deve ser interpretada como causalidade individual.
serrana_internacoes_i63_ur_med,Serrana,internacoes_i63,ur_med,alto_p99,>= 96.824,59,8,0,0,Estimativa descritiva baseada no RR cumulativo do DLNM; nao deve ser interpretada como causalidade individual.
serrana_obitos_i63_ur_med,Serrana,obitos_i63,ur_med,baixo_p05,<= 67.357,293,0,0,,Estimativa descritiva baseada no RR cumulativo do DLNM; nao deve ser interpretada como causalidade individual.
serrana_obitos_i63_ur_med,Serrana,obitos_i63,ur_med,alto_p95,>= 94.783,293,3,2.991771002694942,0.997257000898314,Estimativa descritiva baseada no RR cumulativo do DLNM; nao deve ser interpretada como causalidade individual.
serrana_obitos_i63_ur_med,Serrana,obitos_i63,ur_med,alto_p99,>= 96.824,59,0,0,,Estimativa descritiva baseada no RR cumulativo do DLNM; nao deve ser interpretada como causalidade individual.
