modelo_id,df_exp,df_lag,status,macro_regiao,desfecho,exposicao,p_associacao,metodo_p,p_curva_auc,metodo_p_curva_auc,alerta_convergencia,avisos_modelo,cen,cen_mmt,cen_percentil_mmt,auc_rr_cumulativo,auc_excesso_rr_cumulativo,auc_protecao_rr_cumulativo,rr_cumulativo_max,exposicao_rr_max
baia_da_ilha_grande_internacoes_i60_i69_temp_med,3,3,ok,Baia da Ilha Grande,internacoes_i60_i69,temp_med,0.08481550742024101,Quasi-Poisson F test: modelo completo vs. modelo sem crossbasis + Wald global para coeficientes da crossbasis quando a comparacao reduzida nao foi estimavel | NW-HAC(lag=21): p=0.02443,0.014180339477567876,Menor p ponto-a-ponto da curva cumulativa usada para calcular a AUC,FALSE,,26.25755511603375,26.25755511603375,85.2,15.789148237662374,3.033252404329048,0,1.5645832142553504,16.731
baia_da_ilha_grande_internacoes_i60_i69_temp_med,3,4,ok,Baia da Ilha Grande,internacoes_i60_i69,temp_med,0.17106245506953205,Quasi-Poisson F test: modelo completo vs. modelo sem crossbasis + Wald global para coeficientes da crossbasis quando a comparacao reduzida nao foi estimavel | NW-HAC(lag=21): p=0.05428,0.0189870988118772,Menor p ponto-a-ponto da curva cumulativa usada para calcular a AUC,FALSE,,26.25755511603375,26.25755511603375,85.2,15.651991192377357,2.8960953590440304,0,1.5294238115570438,17.05393407172996
baia_da_ilha_grande_internacoes_i60_i69_temp_med,3,5,ok,Baia da Ilha Grande,internacoes_i60_i69,temp_med,0.17652448469024912,Quasi-Poisson F test: modelo completo vs. modelo sem crossbasis + Wald global para coeficientes da crossbasis quando a comparacao reduzida nao foi estimavel | NW-HAC(lag=21): p=0.03562,0.028012560325213102,Menor p ponto-a-ponto da curva cumulativa usada para calcular a AUC,FALSE,,26.25755511603375,26.25755511603375,85.2,15.470659317518889,2.7147634841855623,0,1.4695270448824318,17.861269251054853
baia_da_ilha_grande_internacoes_i60_i69_temp_med,4,3,ok,Baia da Ilha Grande,internacoes_i60_i69,temp_med,0.1807568157808315,Quasi-Poisson F test: modelo completo vs. modelo sem crossbasis + Wald global para coeficientes da crossbasis quando a comparacao reduzida nao foi estimavel | NW-HAC(lag=21): p=0.06557,0.012902226945699962,Menor p ponto-a-ponto da curva cumulativa usada para calcular a AUC,FALSE,,26.25755511603375,26.25755511603375,85.2,15.951819505609318,3.1959236722759923,0,1.5890143511965094,16.731
baia_da_ilha_grande_internacoes_i60_i69_temp_med,4,4,ok,Baia da Ilha Grande,internacoes_i60_i69,temp_med,0.28851414221697286,Quasi-Poisson F test: modelo completo vs. modelo sem crossbasis + Wald global para coeficientes da crossbasis quando a comparacao reduzida nao foi estimavel | NW-HAC(lag=21): p=0.09102,0.01698580170725379,Menor p ponto-a-ponto da curva cumulativa usada para calcular a AUC,FALSE,,26.25755511603375,26.25755511603375,85.2,15.816651824571057,3.0607559912377313,0,1.539291407569684,17.376868143459916
baia_da_ilha_grande_internacoes_i60_i69_temp_med,4,5,ok,Baia da Ilha Grande,internacoes_i60_i69,temp_med,0.24041949391004994,Quasi-Poisson F test: modelo completo vs. modelo sem crossbasis + Wald global para coeficientes da crossbasis quando a comparacao reduzida nao foi estimavel | NW-HAC(lag=21): p=0.07172,0.02532304224064527,Menor p ponto-a-ponto da curva cumulativa usada para calcular a AUC,FALSE,,26.25755511603375,26.25755511603375,85.2,15.686389825933384,2.930493992600057,0,1.4888923791951174,17.861269251054853
baia_da_ilha_grande_internacoes_i60_i69_temp_med,5,3,ok,Baia da Ilha Grande,internacoes_i60_i69,temp_med,0.2107303438737805,Quasi-Poisson F test: modelo completo vs. modelo sem crossbasis + Wald global para coeficientes da crossbasis quando a comparacao reduzida nao foi estimavel | NW-HAC(lag=21): p=0.03961,0.005008795673555368,Menor p ponto-a-ponto da curva cumulativa usada para calcular a AUC,FALSE,,26.903423259493668,26.903423259493668,89.7,16.79948431361343,4.043588480280103,0,1.7331929176011818,18.507137394514768
baia_da_ilha_grande_internacoes_i60_i69_temp_med,5,4,ok,Baia da Ilha Grande,internacoes_i60_i69,temp_med,0.34078009814736504,Quasi-Poisson F test: modelo completo vs. modelo sem crossbasis + Wald global para coeficientes da crossbasis quando a comparacao reduzida nao foi estimavel | NW-HAC(lag=21): p=0.08643,0.007595102508383153,Menor p ponto-a-ponto da curva cumulativa usada para calcular a AUC,FALSE,,26.903423259493668,26.903423259493668,89.7,16.598387685857208,3.8424918525238825,0,1.6902069704300295,18.668604430379748
baia_da_ilha_grande_internacoes_i60_i69_temp_med,5,5,ok,Baia da Ilha Grande,internacoes_i60_i69,temp_med,0.2906150992458507,Quasi-Poisson F test: modelo completo vs. modelo sem crossbasis + Wald global para coeficientes da crossbasis quando a comparacao reduzida nao foi estimavel | NW-HAC(lag=21): p=0.02891,0.010044993990577003,Menor p ponto-a-ponto da curva cumulativa usada para calcular a AUC,FALSE,,26.74195622362869,26.74195622362869,88.9,16.4812518675577,3.7253560342243723,0,1.6525606791325091,18.668604430379748
baixada_litoranea_internacoes_i60_i69_ur_med,3,3,ok,Baixada Litoranea,internacoes_i60_i69,ur_med,0.1877920278175198,Quasi-Poisson F test: modelo completo vs. modelo sem crossbasis + Wald global para coeficientes da crossbasis quando a comparacao reduzida nao foi estimavel | NW-HAC(lag=21): p=0.1642,0.012469036388518717,Menor p ponto-a-ponto da curva cumulativa usada para calcular a AUC,FALSE,,82.9541270409099,82.9541270409099,66.5,37.704932001486505,4.7859700449648175,0,1.376736437651956,59.61916666666667
baixada_litoranea_internacoes_i60_i69_ur_med,3,4,ok,Baixada Litoranea,internacoes_i60_i69,ur_med,0.12269947776319944,Quasi-Poisson F test: modelo completo vs. modelo sem crossbasis + Wald global para coeficientes da crossbasis quando a comparacao reduzida nao foi estimavel | NW-HAC(lag=21): p=0.07596,0.010840444340423687,Menor p ponto-a-ponto da curva cumulativa usada para calcular a AUC,FALSE,,82.9541270409099,82.9541270409099,66.5,37.85100104864452,4.932039092122838,0,1.385099110290368,59.61916666666667
baixada_litoranea_internacoes_i60_i69_ur_med,3,5,ok,Baixada Litoranea,internacoes_i60_i69,ur_med,0.1856359384927353,Quasi-Poisson F test: modelo completo vs. modelo sem crossbasis + Wald global para coeficientes da crossbasis quando a comparacao reduzida nao foi estimavel | NW-HAC(lag=21): p=0.08606,0.011655925532262867,Menor p ponto-a-ponto da curva cumulativa usada para calcular a AUC,FALSE,,82.9541270409099,82.9541270409099,66.5,37.7312625436744,4.812300587152716,0,1.3824695885498386,59.61916666666667
baixada_litoranea_internacoes_i60_i69_ur_med,4,3,ok,Baixada Litoranea,internacoes_i60_i69,ur_med,0.34957375663805906,Quasi-Poisson F test: modelo completo vs. modelo sem crossbasis + Wald global para coeficientes da crossbasis quando a comparacao reduzida nao foi estimavel | NW-HAC(lag=21): p=0.1993,0.014175118813001212,Menor p ponto-a-ponto da curva cumulativa usada para calcular a AUC,FALSE,,84.20421420381578,84.20421420381578,73.8,37.920406439766616,5.001444483244934,0,1.3683040794195132,59.61916666666667
baixada_litoranea_internacoes_i60_i69_ur_med,4,4,ok,Baixada Litoranea,internacoes_i60_i69,ur_med,0.29255690543451435,Quasi-Poisson F test: modelo completo vs. modelo sem crossbasis + Wald global para coeficientes da crossbasis quando a comparacao reduzida nao foi estimavel | NW-HAC(lag=21): p=0.1037,0.012001531344808686,Menor p ponto-a-ponto da curva cumulativa usada para calcular a AUC,FALSE,,84.20421420381578,84.20421420381578,73.8,38.09605881482285,5.177096858301161,0,1.3788644875700857,59.61916666666667
baixada_litoranea_internacoes_i60_i69_ur_med,4,5,ok,Baixada Litoranea,internacoes_i60_i69,ur_med,0.2770793470454779,Quasi-Poisson F test: modelo completo vs. modelo sem crossbasis + Wald global para coeficientes da crossbasis quando a comparacao reduzida nao foi estimavel | NW-HAC(lag=21): p=0.06402,0.011622046718168655,Menor p ponto-a-ponto da curva cumulativa usada para calcular a AUC,FALSE,,84.20421420381578,84.20421420381578,73.8,37.920679983240966,5.0017180267192805,0,1.3829038766482642,59.61916666666667
baixada_litoranea_internacoes_i60_i69_ur_med,5,3,ok,Baixada Litoranea,internacoes_i60_i69,ur_med,0.11931392552339903,Quasi-Poisson F test: modelo completo vs. modelo sem crossbasis + Wald global para coeficientes da crossbasis quando a comparacao reduzida nao foi estimavel | NW-HAC(lag=21): p=0.04157,0.021074218738333095,Menor p ponto-a-ponto da curva cumulativa usada para calcular a AUC,FALSE,,83.78751848284715,83.78751848284715,71.3,37.61507852270993,4.6961165661882465,0,1.3540396207008025,59.61916666666667
baixada_litoranea_internacoes_i60_i69_ur_med,5,4,ok,Baixada Litoranea,internacoes_i60_i69,ur_med,0.12320558755897261,Quasi-Poisson F test: modelo completo vs. modelo sem crossbasis + Wald global para coeficientes da crossbasis quando a comparacao reduzida nao foi estimavel | NW-HAC(lag=21): p=0.02147,0.0175356860315858,Menor p ponto-a-ponto da curva cumulativa usada para calcular a AUC,FALSE,,83.78751848284715,83.78751848284715,71.3,37.79647185778501,4.877509901263327,0,1.366800350413228,59.61916666666667
baixada_litoranea_internacoes_i60_i69_ur_med,5,5,ok,Baixada Litoranea,internacoes_i60_i69,ur_med,0.0711682049953611,Quasi-Poisson F test: modelo completo vs. modelo sem crossbasis + Wald global para coeficientes da crossbasis quando a comparacao reduzida nao foi estimavel | NW-HAC(lag=21): p=0.0109,0.017911619128363775,Menor p ponto-a-ponto da curva cumulativa usada para calcular a AUC,FALSE,,82.9541270409099,82.9541270409099,66.5,37.81189286463737,4.892930908115686,0,1.374046861967292,59.61916666666667
centro_sul_obitos_i60_i69_temp_med,3,3,ok,Centro-Sul,obitos_i60_i69,temp_med,0.65434250120502635,Quasi-Poisson F test: modelo completo vs. modelo sem crossbasis + Wald global para coeficientes da crossbasis quando a comparacao reduzida nao foi estimavel | NW-HAC(lag=21): p=0.4248,0.04084247696832069,Menor p ponto-a-ponto da curva cumulativa usada para calcular a AUC,FALSE,,24.580473101265824,24.580473101265824,82.4,26.51855827039899,6.573933270398989,0,1.6383593999983226,11.19990189873418
centro_sul_obitos_i60_i69_temp_med,3,4,ok,Centro-Sul,obitos_i60_i69,temp_med,0.811898899980716,Quasi-Poisson F test: modelo completo vs. modelo sem crossbasis + Wald global para coeficientes da crossbasis quando a comparacao reduzida nao foi estimavel | NW-HAC(lag=21): p=0.5671,0.03675190720313954,Menor p ponto-a-ponto da curva cumulativa usada para calcular a AUC,FALSE,,24.580473101265824,24.580473101265824,82.4,26.788811057990344,6.844186057990345,0,1.6699000967343711,10.947438291139242
centro_sul_obitos_i60_i69_temp_med,3,5,ok,Centro-Sul,obitos_i60_i69,temp_med,0.9241935069355494,Quasi-Poisson F test: modelo completo vs. modelo sem crossbasis + Wald global para coeficientes da crossbasis quando a comparacao reduzida nao foi estimavel | NW-HAC(lag=21): p=0.7564,0.03653913215357172,Menor p ponto-a-ponto da curva cumulativa usada para calcular a AUC,FALSE,,24.832936708860764,24.832936708860764,84.5,26.92475584812587,6.98013084812587,0,1.6881273303170012,10.442511075949367
centro_sul_obitos_i60_i69_temp_med,4,3,ok,Centro-Sul,obitos_i60_i69,temp_med,0.29453587603209885,Quasi-Poisson F test: modelo completo vs. modelo sem crossbasis + Wald global para coeficientes da crossbasis quando a comparacao reduzida nao foi estimavel | NW-HAC(lag=21): p=0.08033,0.012472163754615505,Menor p ponto-a-ponto da curva cumulativa usada para calcular a AUC,FALSE,,24.32800949367089,24.32800949367089,80.2,29.00649783194906,9.061872831949056,0,1.8643739307311882,7.917875
centro_sul_obitos_i60_i69_temp_med,4,4,ok,Centro-Sul,obitos_i60_i69,temp_med,0.3587909143543868,Quasi-Poisson F test: modelo completo vs. modelo sem crossbasis + Wald global para coeficientes da crossbasis quando a comparacao reduzida nao foi estimavel | NW-HAC(lag=21): p=0.09132,0.012530834576294576,Menor p ponto-a-ponto da curva cumulativa usada para calcular a AUC,FALSE,,24.580473101265824,24.580473101265824,82.4,29.22742172653522,9.282796726535219,0,1.9239476750552527,7.917875
centro_sul_obitos_i60_i69_temp_med,4,5,ok,Centro-Sul,obitos_i60_i69,temp_med,0.33983560691219133,Quasi-Poisson F test: modelo completo vs. modelo sem crossbasis + Wald global para coeficientes da crossbasis quando a comparacao reduzida nao foi estimavel | NW-HAC(lag=21): p=0.1362,0.009953809891661046,Menor p ponto-a-ponto da curva cumulativa usada para calcular a AUC,FALSE,,24.580473101265824,24.580473101265824,82.4,29.431429921986236,9.486804921986234,0,1.9478373262037108,7.917875
centro_sul_obitos_i60_i69_temp_med,5,3,ok,Centro-Sul,obitos_i60_i69,temp_med,0.3274922733169004,Quasi-Poisson F test: modelo completo vs. modelo sem crossbasis + Wald global para coeficientes da crossbasis quando a comparacao reduzida nao foi estimavel | NW-HAC(lag=21): p=0.06625,0.008729278050306325,Menor p ponto-a-ponto da curva cumulativa usada para calcular a AUC,FALSE,,24.580473101265824,24.580473101265824,82.4,28.950969411547327,9.006344411547326,0,1.8709420303646744,7.917875
centro_sul_obitos_i60_i69_temp_med,5,4,ok,Centro-Sul,obitos_i60_i69,temp_med,0.4545710819038567,Quasi-Poisson F test: modelo completo vs. modelo sem crossbasis + Wald global para coeficientes da crossbasis quando a comparacao reduzida nao foi estimavel | NW-HAC(lag=21): p=0.09014,0.009041315591505911,Menor p ponto-a-ponto da curva cumulativa usada para calcular a AUC,FALSE,,24.580473101265824,24.580473101265824,82.4,29.201360829398393,9.25673582939839,0,1.9258611908982992,7.917875
centro_sul_obitos_i60_i69_temp_med,5,5,ok,Centro-Sul,obitos_i60_i69,temp_med,0.5084545997948934,Quasi-Poisson F test: modelo completo vs. modelo sem crossbasis + Wald global para coeficientes da crossbasis quando a comparacao reduzida nao foi estimavel | NW-HAC(lag=21): p=0.1752,0.007109596210243874,Menor p ponto-a-ponto da curva cumulativa usada para calcular a AUC,FALSE,,24.580473101265824,24.580473101265824,82.4,29.207573948144926,9.262948948144924,0,1.9289888597712477,7.917875
medio_paraiba_internacoes_i60_i69_temp_med,3,3,ok,Medio Paraiba,internacoes_i60_i69,temp_med,4.688577663780613e-6,Negative binomial likelihood-ratio test: modelo completo vs. modelo sem crossbasis | NW-HAC(lag=21): p=0.7225,0.33037800658735006,Menor p ponto-a-ponto da curva cumulativa usada para calcular a AUC,FALSE,,27.622020833333334,27.622020833333334,99,14.259206384670833,1.301310551337498,0,1.1213217566893683,21.553132911392403
medio_paraiba_internacoes_i60_i69_temp_med,3,4,ok,Medio Paraiba,internacoes_i60_i69,temp_med,9.432123289077055e-7,Negative binomial likelihood-ratio test: modelo completo vs. modelo sem crossbasis | NW-HAC(lag=21): p=0.5672,0.3456758440327855,Menor p ponto-a-ponto da curva cumulativa usada para calcular a AUC,FALSE,,27.622020833333334,27.622020833333334,99,14.198553042629925,1.24065720929659,0,1.1186344806771429,22.537276898734177
medio_paraiba_internacoes_i60_i69_temp_med,3,5,ok,Medio Paraiba,internacoes_i60_i69,temp_med,9.451080629219177e-8,Negative binomial likelihood-ratio test: modelo completo vs. modelo sem crossbasis | NW-HAC(lag=21): p=0.09662,0.3830138398689591,Menor p ponto-a-ponto da curva cumulativa usada para calcular a AUC,FALSE,,27.622020833333334,27.622020833333334,99,13.811631788551933,0.8537359552185984,0,1.1026749760274361,23.357396888185654
medio_paraiba_internacoes_i60_i69_temp_med,4,3,ok,Medio Paraiba,internacoes_i60_i69,temp_med,2.601818923642085e-7,Negative binomial likelihood-ratio test: modelo completo vs. modelo sem crossbasis | NW-HAC(lag=21): p=0.1721,0.014530455409081608,Menor p ponto-a-ponto da curva cumulativa usada para calcular a AUC,FALSE,,27.622020833333334,27.622020833333334,99,15.575381884882884,2.6174860515495486,0,1.3588528313597361,18.1086289556962
medio_paraiba_internacoes_i60_i69_temp_med,4,4,ok,Medio Paraiba,internacoes_i60_i69,temp_med,9.047090787639434e-8,Negative binomial likelihood-ratio test: modelo completo vs. modelo sem crossbasis | NW-HAC(lag=21): p=0.3064,0.01220123304954926,Menor p ponto-a-ponto da curva cumulativa usada para calcular a AUC,FALSE,,27.622020833333334,27.622020833333334,99,15.545990973780535,2.5880951404472,0,1.3425061737633601,18.1086289556962
medio_paraiba_internacoes_i60_i69_temp_med,4,5,ok,Medio Paraiba,internacoes_i60_i69,temp_med,1.3786638053403522e-8,Negative binomial likelihood-ratio test: modelo completo vs. modelo sem crossbasis | NW-HAC(lag=21): p=0.07005,0.035722388998668954,Menor p ponto-a-ponto da curva cumulativa usada para calcular a AUC,FALSE,,14.664124999999999,14.664124999999999,1,15.270746184462391,2.3128503511290552,0,1.2969975489060497,18.1086289556962
medio_paraiba_internacoes_i60_i69_temp_med,5,3,ok,Medio Paraiba,internacoes_i60_i69,temp_med,8.563333042665988e-9,Negative binomial likelihood-ratio test: modelo completo vs. modelo sem crossbasis | NW-HAC(lag=21): p=0.1903,1.8796950074623117e-4,Menor p ponto-a-ponto da curva cumulativa usada para calcular a AUC,FALSE,,14.664124999999999,14.664124999999999,1,17.358052997055893,4.400157163722558,0,1.666404271686326,17.78058095991561
medio_paraiba_internacoes_i60_i69_temp_med,5,4,ok,Medio Paraiba,internacoes_i60_i69,temp_med,4.9384624167814195e-9,Negative binomial likelihood-ratio test: modelo completo vs. modelo sem crossbasis | NW-HAC(lag=21): p=0.265,3.623052866121653e-4,Menor p ponto-a-ponto da curva cumulativa usada para calcular a AUC,FALSE,,14.664124999999999,14.664124999999999,1,17.13554389320185,4.177648059868512,0,1.62615303315529,17.616556962025314
medio_paraiba_internacoes_i60_i69_temp_med,5,5,ok,Medio Paraiba,internacoes_i60_i69,temp_med,9.04577190929956e-10,Negative binomial likelihood-ratio test: modelo completo vs. modelo sem crossbasis | NW-HAC(lag=21): p=0.08218,3.4196129344048453e-4,Menor p ponto-a-ponto da curva cumulativa usada para calcular a AUC,FALSE,,14.664124999999999,14.664124999999999,1,17.643462800830235,4.6855669674969,0,1.6425978492788567,17.78058095991561
medio_paraiba_internacoes_i60_i69_ur_med,3,3,ok,Medio Paraiba,internacoes_i60_i69,ur_med,6.026034693462634e-7,Negative binomial likelihood-ratio test: modelo completo vs. modelo sem crossbasis | NW-HAC(lag=21): p=0.0852,0.004933237358583323,Menor p ponto-a-ponto da curva cumulativa usada para calcular a AUC,FALSE,,53.714305555555555,53.714305555555555,1,52.231470535650736,14.811067757872971,0,1.524803948366816,76.45075281293951
medio_paraiba_internacoes_i60_i69_ur_med,3,4,ok,Medio Paraiba,internacoes_i60_i69,ur_med,2.476338484269647e-7,Negative binomial likelihood-ratio test: modelo completo vs. modelo sem crossbasis | NW-HAC(lag=21): p=0.08969,0.013179141352996096,Menor p ponto-a-ponto da curva cumulativa usada para calcular a AUC,FALSE,,53.714305555555555,53.714305555555555,1,50.304646490796856,12.884243713019092,0,1.4569686515449323,75.97707682841067
medio_paraiba_internacoes_i60_i69_ur_med,3,5,ok,Medio Paraiba,internacoes_i60_i69,ur_med,2.9532873913051816e-7,Negative binomial likelihood-ratio test: modelo completo vs. modelo sem crossbasis | NW-HAC(lag=21): p=0.04675,0.014966698799703282,Menor p ponto-a-ponto da curva cumulativa usada para calcular a AUC,FALSE,,53.714305555555555,53.714305555555555,1,50.084475517813594,12.664072740035829,0,1.451622036231893,75.97707682841067
medio_paraiba_internacoes_i60_i69_ur_med,4,3,ok,Medio Paraiba,internacoes_i60_i69,ur_med,2.5509064971451778e-8,Negative binomial likelihood-ratio test: modelo completo vs. modelo sem crossbasis | NW-HAC(lag=21): p=0.03037,0.0016785000100023888,Menor p ponto-a-ponto da curva cumulativa usada para calcular a AUC,FALSE,,53.714305555555555,53.714305555555555,1,54.208801341012304,16.78839856323454,0,1.6471735242567989,91.13470833333332
medio_paraiba_internacoes_i60_i69_ur_med,4,4,ok,Medio Paraiba,internacoes_i60_i69,ur_med,1.0714825027235975e-8,Negative binomial likelihood-ratio test: modelo completo vs. modelo sem crossbasis | NW-HAC(lag=21): p=0.02812,0.0037334045605413183,Menor p ponto-a-ponto da curva cumulativa usada para calcular a AUC,FALSE,,53.714305555555555,53.714305555555555,1,52.58950798655548,15.169105208777717,0,1.5931637918313377,91.13470833333332
medio_paraiba_internacoes_i60_i69_ur_med,4,5,ok,Medio Paraiba,internacoes_i60_i69,ur_med,1.3584839586577857e-8,Negative binomial likelihood-ratio test: modelo completo vs. modelo sem crossbasis | NW-HAC(lag=21): p=0.02186,0.004777638787323575,Menor p ponto-a-ponto da curva cumulativa usada para calcular a AUC,FALSE,,53.714305555555555,53.714305555555555,1,51.963475445178595,14.543072667400828,0,1.5669692923372536,91.13470833333332
medio_paraiba_internacoes_i60_i69_ur_med,5,3,ok,Medio Paraiba,internacoes_i60_i69,ur_med,4.8603416624715123e-8,Negative binomial likelihood-ratio test: modelo completo vs. modelo sem crossbasis | NW-HAC(lag=21): p=0.04434,0.0014205806920574177,Menor p ponto-a-ponto da curva cumulativa usada para calcular a AUC,FALSE,,53.714305555555555,53.714305555555555,1,54.64307228650208,17.222669508724312,0,1.749473767279496,91.13470833333332
medio_paraiba_internacoes_i60_i69_ur_med,5,4,ok,Medio Paraiba,internacoes_i60_i69,ur_med,8.957836139522612e-9,Negative binomial likelihood-ratio test: modelo completo vs. modelo sem crossbasis | NW-HAC(lag=21): p=0.02178,0.003309676109186276,Menor p ponto-a-ponto da curva cumulativa usada para calcular a AUC,FALSE,,53.714305555555555,53.714305555555555,1,53.18349526887255,15.76309249109478,0,1.7006702613651132,91.13470833333332
medio_paraiba_internacoes_i60_i69_ur_med,5,5,ok,Medio Paraiba,internacoes_i60_i69,ur_med,2.240874596992626e-9,Negative binomial likelihood-ratio test: modelo completo vs. modelo sem crossbasis | NW-HAC(lag=21): p=0.01047,0.0038006063801475395,Menor p ponto-a-ponto da curva cumulativa usada para calcular a AUC,FALSE,,53.714305555555555,53.714305555555555,1,52.76625691118073,15.345854133402963,0,1.683329421490928,91.13470833333332
medio_paraiba_obitos_i60_i69_temp_med,3,3,ok,Medio Paraiba,obitos_i60_i69,temp_med,0.10867696208306458,Quasi-Poisson F test: modelo completo vs. modelo sem crossbasis + Wald global para coeficientes da crossbasis quando a comparacao reduzida nao foi estimavel | NW-HAC(lag=21): p=0.01171,0.010693300868542227,Menor p ponto-a-ponto da curva cumulativa usada para calcular a AUC,FALSE,,23.357396888185654,23.357396888185654,65.6,14.806004665794951,1.8481088324616153,0,1.3502086854379665,27.622020833333334
medio_paraiba_obitos_i60_i69_temp_med,3,4,ok,Medio Paraiba,obitos_i60_i69,temp_med,0.12320976507623811,Quasi-Poisson F test: modelo completo vs. modelo sem crossbasis + Wald global para coeficientes da crossbasis quando a comparacao reduzida nao foi estimavel | NW-HAC(lag=21): p=0.01391,0.013719169090105938,Menor p ponto-a-ponto da curva cumulativa usada para calcular a AUC,FALSE,,23.193372890295358,23.193372890295358,63.7,14.707817754882225,1.74992192154889,0,1.3452061042777583,27.622020833333334
medio_paraiba_obitos_i60_i69_temp_med,3,5,ok,Medio Paraiba,obitos_i60_i69,temp_med,0.1322495390295718,Quasi-Poisson F test: modelo completo vs. modelo sem crossbasis + Wald global para coeficientes da crossbasis quando a comparacao reduzida nao foi estimavel | NW-HAC(lag=21): p=0.02898,0.023853684657345074,Menor p ponto-a-ponto da curva cumulativa usada para calcular a AUC,FALSE,,23.193372890295358,23.193372890295358,63.7,14.597593016776013,1.6396971834426783,0,1.3166854162053834,27.622020833333334
medio_paraiba_obitos_i60_i69_temp_med,4,3,ok,Medio Paraiba,obitos_i60_i69,temp_med,0.20103164377181812,Quasi-Poisson F test: modelo completo vs. modelo sem crossbasis + Wald global para coeficientes da crossbasis quando a comparacao reduzida nao foi estimavel | NW-HAC(lag=21): p=0.01622,0.004489894250130994,Menor p ponto-a-ponto da curva cumulativa usada para calcular a AUC,FALSE,,24.17751687763713,24.17751687763713,75.6,14.757728116052718,1.7998322827193827,0,1.392623042250552,14.664124999999999
medio_paraiba_obitos_i60_i69_temp_med,4,4,ok,Medio Paraiba,obitos_i60_i69,temp_med,0.19718529354920475,Quasi-Poisson F test: modelo completo vs. modelo sem crossbasis + Wald global para coeficientes da crossbasis quando a comparacao reduzida nao foi estimavel | NW-HAC(lag=21): p=0.01526,0.0057792302456175,Menor p ponto-a-ponto da curva cumulativa usada para calcular a AUC,FALSE,,24.17751687763713,24.17751687763713,75.6,14.636103645744585,1.6782078124112492,0,1.3869719909106726,14.664124999999999
medio_paraiba_obitos_i60_i69_temp_med,4,5,ok,Medio Paraiba,obitos_i60_i69,temp_med,0.15952589814268411,Quasi-Poisson F test: modelo completo vs. modelo sem crossbasis + Wald global para coeficientes da crossbasis quando a comparacao reduzida nao foi estimavel | NW-HAC(lag=21): p=0.02714,0.015601847127206102,Menor p ponto-a-ponto da curva cumulativa usada para calcular a AUC,FALSE,,24.013492879746835,24.013492879746835,73.4,14.496511255393312,1.538615422059976,0,1.368948005104611,14.664124999999999
medio_paraiba_obitos_i60_i69_temp_med,5,3,ok,Medio Paraiba,obitos_i60_i69,temp_med,0.37640739936259976,Quasi-Poisson F test: modelo completo vs. modelo sem crossbasis + Wald global para coeficientes da crossbasis quando a comparacao reduzida nao foi estimavel | NW-HAC(lag=21): p=0.03323,0.005630553897535257,Menor p ponto-a-ponto da curva cumulativa usada para calcular a AUC,FALSE,,24.013492879746835,24.013492879746835,73.4,14.73483791500264,1.7769420816693047,0,1.4007588054247953,14.664124999999999
medio_paraiba_obitos_i60_i69_temp_med,5,4,ok,Medio Paraiba,obitos_i60_i69,temp_med,0.29566461887358536,Quasi-Poisson F test: modelo completo vs. modelo sem crossbasis + Wald global para coeficientes da crossbasis quando a comparacao reduzida nao foi estimavel | NW-HAC(lag=21): p=0.02549,0.006699349832938988,Menor p ponto-a-ponto da curva cumulativa usada para calcular a AUC,FALSE,,24.013492879746835,24.013492879746835,73.4,14.642263445564616,1.6843676122312818,0,1.410629672614401,14.664124999999999
medio_paraiba_obitos_i60_i69_temp_med,5,5,ok,Medio Paraiba,obitos_i60_i69,temp_med,0.26461993040738524,Quasi-Poisson F test: modelo completo vs. modelo sem crossbasis + Wald global para coeficientes da crossbasis quando a comparacao reduzida nao foi estimavel | NW-HAC(lag=21): p=0.04769,0.016949953135314742,Menor p ponto-a-ponto da curva cumulativa usada para calcular a AUC,FALSE,,23.84946888185654,23.84946888185654,71.5,14.544468213820387,1.5865723804870513,0,1.400249696543611,14.664124999999999
medio_paraiba_obitos_i60_i69_ur_med,3,3,ok,Medio Paraiba,obitos_i60_i69,ur_med,0.03861347551662835,Quasi-Poisson F test: modelo completo vs. modelo sem crossbasis + Wald global para coeficientes da crossbasis quando a comparacao reduzida nao foi estimavel | NW-HAC(lag=21): p=0.0002198,0.004232464007743487,Menor p ponto-a-ponto da curva cumulativa usada para calcular a AUC,FALSE,,77.39810478199718,77.39810478199718,53.9,42.034533043506954,4.614130265729191,0,1.5222330769042942,53.714305555555555
medio_paraiba_obitos_i60_i69_ur_med,3,4,ok,Medio Paraiba,obitos_i60_i69,ur_med,0.11235746010382555,Quasi-Poisson F test: modelo completo vs. modelo sem crossbasis + Wald global para coeficientes da crossbasis quando a comparacao reduzida nao foi estimavel | NW-HAC(lag=21): p=0.001292,0.0044047840547625184,Menor p ponto-a-ponto da curva cumulativa usada para calcular a AUC,FALSE,,77.39810478199718,77.39810478199718,53.9,42.09060333163799,4.670200553860228,0,1.5283959117407842,53.714305555555555
medio_paraiba_obitos_i60_i69_ur_med,3,5,ok,Medio Paraiba,obitos_i60_i69,ur_med,0.12069180133301594,Quasi-Poisson F test: modelo completo vs. modelo sem crossbasis + Wald global para coeficientes da crossbasis quando a comparacao reduzida nao foi estimavel | NW-HAC(lag=21): p=0.002942,0.007995078787721682,Menor p ponto-a-ponto da curva cumulativa usada para calcular a AUC,FALSE,,76.92442879746835,76.92442879746835,51.3,41.747058117367004,4.326655339589236,0,1.4918672319432198,53.714305555555555
medio_paraiba_obitos_i60_i69_ur_med,4,3,ok,Medio Paraiba,obitos_i60_i69,ur_med,0.022464496211416444,Quasi-Poisson F test: modelo completo vs. modelo sem crossbasis + Wald global para coeficientes da crossbasis quando a comparacao reduzida nao foi estimavel | NW-HAC(lag=21): p=3.548e-05,0.002360637971356966,Menor p ponto-a-ponto da curva cumulativa usada para calcular a AUC,FALSE,,82.13486462728551,82.13486462728551,78.8,43.392011549834095,5.971608772056327,0,1.570803821407411,53.714305555555555
medio_paraiba_obitos_i60_i69_ur_med,4,4,ok,Medio Paraiba,obitos_i60_i69,ur_med,0.07944732187077662,Quasi-Poisson F test: modelo completo vs. modelo sem crossbasis + Wald global para coeficientes da crossbasis quando a comparacao reduzida nao foi estimavel | NW-HAC(lag=21): p=0.0002741,0.002639022661761189,Menor p ponto-a-ponto da curva cumulativa usada para calcular a AUC,FALSE,,82.60854061181433,82.60854061181433,80.7,43.555141036947525,6.1347382591697555,0,1.575839452234795,53.714305555555555
medio_paraiba_obitos_i60_i69_ur_med,4,5,ok,Medio Paraiba,obitos_i60_i69,ur_med,0.09659143612737504,Quasi-Poisson F test: modelo completo vs. modelo sem crossbasis + Wald global para coeficientes da crossbasis quando a comparacao reduzida nao foi estimavel | NW-HAC(lag=21): p=0.0006953,0.00467098872708297,Menor p ponto-a-ponto da curva cumulativa usada para calcular a AUC,FALSE,,82.60854061181433,82.60854061181433,80.7,43.1864067891699,5.766004011392138,0,1.5434408084579407,53.714305555555555
medio_paraiba_obitos_i60_i69_ur_med,5,3,ok,Medio Paraiba,obitos_i60_i69,ur_med,0.03582947050094364,Quasi-Poisson F test: modelo completo vs. modelo sem crossbasis + Wald global para coeficientes da crossbasis quando a comparacao reduzida nao foi estimavel | NW-HAC(lag=21): p=3.408e-05,0.002377001713051474,Menor p ponto-a-ponto da curva cumulativa usada para calcular a AUC,FALSE,,83.08221659634317,83.08221659634317,82.5,43.71009888134845,6.28969610357068,0,1.5983681762985464,53.714305555555555
medio_paraiba_obitos_i60_i69_ur_med,5,4,ok,Medio Paraiba,obitos_i60_i69,ur_med,0.12712982989187926,Quasi-Poisson F test: modelo completo vs. modelo sem crossbasis + Wald global para coeficientes da crossbasis quando a comparacao reduzida nao foi estimavel | NW-HAC(lag=21): p=0.0003506,0.0026047415299926546,Menor p ponto-a-ponto da curva cumulativa usada para calcular a AUC,FALSE,,83.08221659634317,83.08221659634317,82.5,43.87329996828663,6.4528971905088675,0,1.6033531408098147,53.714305555555555
medio_paraiba_obitos_i60_i69_ur_med,5,5,ok,Medio Paraiba,obitos_i60_i69,ur_med,0.17230549609599607,Quasi-Poisson F test: modelo completo vs. modelo sem crossbasis + Wald global para coeficientes da crossbasis quando a comparacao reduzida nao foi estimavel | NW-HAC(lag=21): p=0.0008865,0.0043582232448058054,Menor p ponto-a-ponto da curva cumulativa usada para calcular a AUC,FALSE,,83.08221659634317,83.08221659634317,82.5,43.471971554029075,6.051568776251311,0,1.57261137640378,53.714305555555555
metropolitana_i_obitos_i60_i69_temp_med,3,3,ok,Metropolitana I,obitos_i60_i69,temp_med,4.2986252824937854e-13,Quasi-Poisson F test: modelo completo vs. modelo sem crossbasis + Wald global para coeficientes da crossbasis quando a comparacao reduzida nao foi estimavel | NW-HAC(lag=21): p=1.004e-13,2.7142790843063764e-8,Menor p ponto-a-ponto da curva cumulativa usada para calcular a AUC,FALSE,,24.916084456077005,24.916084456077005,65.6,13.55657614525028,1.3776488944817293,0,1.2863299809188702,29.540993538647342
metropolitana_i_obitos_i60_i69_temp_med,3,4,ok,Metropolitana I,obitos_i60_i69,temp_med,2.464292309278003e-14,Quasi-Poisson F test: modelo completo vs. modelo sem crossbasis + Wald global para coeficientes da crossbasis quando a comparacao reduzida nao foi estimavel | NW-HAC(lag=21): p=7.418e-16,5.235060948524533e-8,Menor p ponto-a-ponto da curva cumulativa usada para calcular a AUC,FALSE,,24.761920819991328,24.761920819991328,64.2,13.590460427922245,1.4115331771536934,0,1.3233187792980914,29.540993538647342
metropolitana_i_obitos_i60_i69_temp_med,3,5,ok,Metropolitana I,obitos_i60_i69,temp_med,4.458166884665683e-13,Quasi-Poisson F test: modelo completo vs. modelo sem crossbasis + Wald global para coeficientes da crossbasis quando a comparacao reduzida nao foi estimavel | NW-HAC(lag=21): p=8.599e-15,6.679942230694486e-8,Menor p ponto-a-ponto da curva cumulativa usada para calcular a AUC,FALSE,,24.761920819991328,24.761920819991328,64.2,13.589413726534739,1.410486475766186,0,1.323236671883305,29.540993538647342
metropolitana_i_obitos_i60_i69_temp_med,4,3,ok,Metropolitana I,obitos_i60_i69,temp_med,9.36597484018916e-12,Quasi-Poisson F test: modelo completo vs. modelo sem crossbasis + Wald global para coeficientes da crossbasis quando a comparacao reduzida nao foi estimavel | NW-HAC(lag=21): p=2.209e-12,4.712451754801402e-8,Menor p ponto-a-ponto da curva cumulativa usada para calcular a AUC,FALSE,,25.070248092162682,25.070248092162682,67.6,13.526682884336578,1.3477556335680259,0,1.2927537389698038,29.540993538647342
metropolitana_i_obitos_i60_i69_temp_med,4,4,ok,Metropolitana I,obitos_i60_i69,temp_med,1.1499255075342332e-12,Quasi-Poisson F test: modelo completo vs. modelo sem crossbasis + Wald global para coeficientes da crossbasis quando a comparacao reduzida nao foi estimavel | NW-HAC(lag=21): p=2.475e-14,8.087537994885715e-8,Menor p ponto-a-ponto da curva cumulativa usada para calcular a AUC,FALSE,,25.070248092162682,25.070248092162682,67.6,13.554291448788213,1.375364198019661,0,1.3338279130394268,29.540993538647342
metropolitana_i_obitos_i60_i69_temp_med,4,5,ok,Metropolitana I,obitos_i60_i69,temp_med,2.9366630659373355e-11,Quasi-Poisson F test: modelo completo vs. modelo sem crossbasis + Wald global para coeficientes da crossbasis quando a comparacao reduzida nao foi estimavel | NW-HAC(lag=21): p=1.074e-13,1.1197509510654398e-7,Menor p ponto-a-ponto da curva cumulativa usada para calcular a AUC,FALSE,,25.070248092162682,25.070248092162682,67.6,13.551729859945732,1.3728026091771803,0,1.334556349700247,29.540993538647342
metropolitana_i_obitos_i60_i69_temp_med,5,3,ok,Metropolitana I,obitos_i60_i69,temp_med,1.3201133750298357e-10,Quasi-Poisson F test: modelo completo vs. modelo sem crossbasis + Wald global para coeficientes da crossbasis quando a comparacao reduzida nao foi estimavel | NW-HAC(lag=21): p=1.714e-11,1.595702727728517e-7,Menor p ponto-a-ponto da curva cumulativa usada para calcular a AUC,FALSE,,24.916084456077005,24.916084456077005,65.6,13.572430183612793,1.3935029328442416,0,1.2959431562397083,29.540993538647342
metropolitana_i_obitos_i60_i69_temp_med,5,4,ok,Metropolitana I,obitos_i60_i69,temp_med,3.0598138671034634e-11,Quasi-Poisson F test: modelo completo vs. modelo sem crossbasis + Wald global para coeficientes da crossbasis quando a comparacao reduzida nao foi estimavel | NW-HAC(lag=21): p=4.757e-13,9.903868574029668e-8,Menor p ponto-a-ponto da curva cumulativa usada para calcular a AUC,FALSE,,24.916084456077005,24.916084456077005,65.6,13.61991018311111,1.4409829323425571,0,1.3373855757067699,29.540993538647342
metropolitana_i_obitos_i60_i69_temp_med,5,5,ok,Metropolitana I,obitos_i60_i69,temp_med,7.863690431980785e-10,Quasi-Poisson F test: modelo completo vs. modelo sem crossbasis + Wald global para coeficientes da crossbasis quando a comparacao reduzida nao foi estimavel | NW-HAC(lag=21): p=1.358e-12,1.3630381256408398e-7,Menor p ponto-a-ponto da curva cumulativa usada para calcular a AUC,FALSE,,24.916084456077005,24.916084456077005,65.6,13.620432994710134,1.4415057439415813,0,1.3368970783691831,29.540993538647342
metropolitana_ii_internacoes_i60_i69_ur_med,3,3,ok,Metropolitana II,internacoes_i60_i69,ur_med,0.016893561421665204,Quasi-Poisson F test: modelo completo vs. modelo sem crossbasis + Wald global para coeficientes da crossbasis quando a comparacao reduzida nao foi estimavel | NW-HAC(lag=21): p=0.1365,0.00505302298254427,Menor p ponto-a-ponto da curva cumulativa usada para calcular a AUC,FALSE,,97.54166666666667,97.54166666666667,99,45.37399952032003,6.323582853653359,0,1.4726937606367683,58.49125
metropolitana_ii_internacoes_i60_i69_ur_med,3,4,ok,Metropolitana II,internacoes_i60_i69,ur_med,0.003152950927331472,Quasi-Poisson F test: modelo completo vs. modelo sem crossbasis + Wald global para coeficientes da crossbasis quando a comparacao reduzida nao foi estimavel | NW-HAC(lag=21): p=0.003913,0.0025100425179640836,Menor p ponto-a-ponto da curva cumulativa usada para calcular a AUC,FALSE,,97.54166666666667,97.54166666666667,99,46.05241300494076,7.0019963382740915,0,1.520657634489434,58.49125
metropolitana_ii_internacoes_i60_i69_ur_med,3,5,ok,Metropolitana II,internacoes_i60_i69,ur_med,0.0060255896012687575,Quasi-Poisson F test: modelo completo vs. modelo sem crossbasis + Wald global para coeficientes da crossbasis quando a comparacao reduzida nao foi estimavel | NW-HAC(lag=21): p=0.008641,0.0017159779598707441,Menor p ponto-a-ponto da curva cumulativa usada para calcular a AUC,FALSE,,97.54166666666667,97.54166666666667,99,46.46226363925432,7.411846972587644,0,1.5456047229969998,58.49125
metropolitana_ii_internacoes_i60_i69_ur_med,4,3,ok,Metropolitana II,internacoes_i60_i69,ur_med,0.03149336220585672,Quasi-Poisson F test: modelo completo vs. modelo sem crossbasis + Wald global para coeficientes da crossbasis quando a comparacao reduzida nao foi estimavel | NW-HAC(lag=21): p=0.1391,0.005217239591718036,Menor p ponto-a-ponto da curva cumulativa usada para calcular a AUC,FALSE,,97.54166666666667,97.54166666666667,99,46.74823339043796,7.697816723771289,0,1.4984571796457737,58.49125
metropolitana_ii_internacoes_i60_i69_ur_med,4,4,ok,Metropolitana II,internacoes_i60_i69,ur_med,0.009147768281834667,Quasi-Poisson F test: modelo completo vs. modelo sem crossbasis + Wald global para coeficientes da crossbasis quando a comparacao reduzida nao foi estimavel | NW-HAC(lag=21): p=0.00807,0.0027692506929107674,Menor p ponto-a-ponto da curva cumulativa usada para calcular a AUC,FALSE,,97.54166666666667,97.54166666666667,99,47.30025370331254,8.24983703664587,0,1.5449114998658675,58.49125
metropolitana_ii_internacoes_i60_i69_ur_med,4,5,ok,Metropolitana II,internacoes_i60_i69,ur_med,0.019236656072891708,Quasi-Poisson F test: modelo completo vs. modelo sem crossbasis + Wald global para coeficientes da crossbasis quando a comparacao reduzida nao foi estimavel | NW-HAC(lag=21): p=0.01517,0.0019387337185211826,Menor p ponto-a-ponto da curva cumulativa usada para calcular a AUC,FALSE,,97.54166666666667,97.54166666666667,99,47.71894365199152,8.66852698532485,0,1.5697961073147506,58.49125
metropolitana_ii_internacoes_i60_i69_ur_med,5,3,ok,Metropolitana II,internacoes_i60_i69,ur_med,0.013094734354517888,Quasi-Poisson F test: modelo completo vs. modelo sem crossbasis + Wald global para coeficientes da crossbasis quando a comparacao reduzida nao foi estimavel | NW-HAC(lag=21): p=0.1869,0.007575242821428797,Menor p ponto-a-ponto da curva cumulativa usada para calcular a AUC,FALSE,,97.54166666666667,97.54166666666667,99,47.49059474369425,8.440178077027584,0,1.5407907617306453,58.49125
metropolitana_ii_internacoes_i60_i69_ur_med,5,4,ok,Metropolitana II,internacoes_i60_i69,ur_med,0.004856137221399032,Quasi-Poisson F test: modelo completo vs. modelo sem crossbasis + Wald global para coeficientes da crossbasis quando a comparacao reduzida nao foi estimavel | NW-HAC(lag=21): p=0.01706,0.004493616484134,Menor p ponto-a-ponto da curva cumulativa usada para calcular a AUC,FALSE,,97.54166666666667,97.54166666666667,99,47.93123402307917,8.880817356412498,0,1.5860342786035204,58.49125
metropolitana_ii_internacoes_i60_i69_ur_med,5,5,ok,Metropolitana II,internacoes_i60_i69,ur_med,0.010647772764943178,Quasi-Poisson F test: modelo completo vs. modelo sem crossbasis + Wald global para coeficientes da crossbasis quando a comparacao reduzida nao foi estimavel | NW-HAC(lag=21): p=0.0288,0.0033051639849598527,Menor p ponto-a-ponto da curva cumulativa usada para calcular a AUC,FALSE,,97.54166666666667,97.54166666666667,99,48.2751795829869,9.224762916320227,0,1.6110091711240493,58.49125
metropolitana_ii_obitos_i60_i69_ur_med,3,3,ok,Metropolitana II,obitos_i60_i69,ur_med,0.1987903049522044,Quasi-Poisson F test: modelo completo vs. modelo sem crossbasis + Wald global para coeficientes da crossbasis quando a comparacao reduzida nao foi estimavel | NW-HAC(lag=21): p=0.2191,0.006472791758325288,Menor p ponto-a-ponto da curva cumulativa usada para calcular a AUC,FALSE,,97.54166666666667,97.54166666666667,99,50.66087730374811,11.610460637081442,0,1.4147920221658048,82.71239451476794
metropolitana_ii_obitos_i60_i69_ur_med,3,4,ok,Metropolitana II,obitos_i60_i69,ur_med,0.09599373645780053,Quasi-Poisson F test: modelo completo vs. modelo sem crossbasis + Wald global para coeficientes da crossbasis quando a comparacao reduzida nao foi estimavel | NW-HAC(lag=21): p=0.1045,0.003534225424885615,Menor p ponto-a-ponto da curva cumulativa usada para calcular a AUC,FALSE,,97.54166666666667,97.54166666666667,99,51.87299745077285,12.822580784106181,0,1.4494578027243064,82.71239451476794
metropolitana_ii_obitos_i60_i69_ur_med,3,5,ok,Metropolitana II,obitos_i60_i69,ur_med,0.12162648572999922,Quasi-Poisson F test: modelo completo vs. modelo sem crossbasis + Wald global para coeficientes da crossbasis quando a comparacao reduzida nao foi estimavel | NW-HAC(lag=21): p=0.1516,0.004252866738580998,Menor p ponto-a-ponto da curva cumulativa usada para calcular a AUC,FALSE,,97.54166666666667,97.54166666666667,99,51.63400978033844,12.583593113671766,0,1.44065023878444,82.71239451476794
metropolitana_ii_obitos_i60_i69_ur_med,4,3,ok,Metropolitana II,obitos_i60_i69,ur_med,0.343974090627081,Quasi-Poisson F test: modelo completo vs. modelo sem crossbasis + Wald global para coeficientes da crossbasis quando a comparacao reduzida nao foi estimavel | NW-HAC(lag=21): p=0.3811,0.012432039361259148,Menor p ponto-a-ponto da curva cumulativa usada para calcular a AUC,FALSE,,97.54166666666667,97.54166666666667,99,48.63841925184599,9.588002585179314,0,1.3753004796421524,80.7351582278481
metropolitana_ii_obitos_i60_i69_ur_med,4,4,ok,Metropolitana II,obitos_i60_i69,ur_med,0.21693089882683014,Quasi-Poisson F test: modelo completo vs. modelo sem crossbasis + Wald global para coeficientes da crossbasis quando a comparacao reduzida nao foi estimavel | NW-HAC(lag=21): p=0.2333,0.0072433421996193435,Menor p ponto-a-ponto da curva cumulativa usada para calcular a AUC,FALSE,,97.54166666666667,97.54166666666667,99,49.49895865619852,10.448541989531845,0,1.407704412574472,80.24084915611814
metropolitana_ii_obitos_i60_i69_ur_med,4,5,ok,Metropolitana II,obitos_i60_i69,ur_med,0.26944472749111525,Quasi-Poisson F test: modelo completo vs. modelo sem crossbasis + Wald global para coeficientes da crossbasis quando a comparacao reduzida nao foi estimavel | NW-HAC(lag=21): p=0.2874,0.008977473437590948,Menor p ponto-a-ponto da curva cumulativa usada para calcular a AUC,FALSE,,97.54166666666667,97.54166666666667,99,49.25174609209634,10.201329425429666,0,1.3960535173626742,80.24084915611814
metropolitana_ii_obitos_i60_i69_ur_med,5,3,ok,Metropolitana II,obitos_i60_i69,ur_med,0.5566872210492131,Quasi-Poisson F test: modelo completo vs. modelo sem crossbasis + Wald global para coeficientes da crossbasis quando a comparacao reduzida nao foi estimavel | NW-HAC(lag=21): p=0.5694,0.014110327789504214,Menor p ponto-a-ponto da curva cumulativa usada para calcular a AUC,FALSE,,97.54166666666667,97.54166666666667,99,50.098657653807464,11.048240987140792,0,1.4118328155681172,78.26361286919831
metropolitana_ii_obitos_i60_i69_ur_med,5,4,ok,Metropolitana II,obitos_i60_i69,ur_med,0.44414666273240544,Quasi-Poisson F test: modelo completo vs. modelo sem crossbasis + Wald global para coeficientes da crossbasis quando a comparacao reduzida nao foi estimavel | NW-HAC(lag=21): p=0.4417,0.009058095673421317,Menor p ponto-a-ponto da curva cumulativa usada para calcular a AUC,FALSE,,97.54166666666667,97.54166666666667,99,50.91699203256349,11.866575365896818,0,1.4444631339084348,78.26361286919831
metropolitana_ii_obitos_i60_i69_ur_med,5,5,ok,Metropolitana II,obitos_i60_i69,ur_med,0.44852945613396983,Quasi-Poisson F test: modelo completo vs. modelo sem crossbasis + Wald global para coeficientes da crossbasis quando a comparacao reduzida nao foi estimavel | NW-HAC(lag=21): p=0.4264,0.010885845284748381,Menor p ponto-a-ponto da curva cumulativa usada para calcular a AUC,FALSE,,97.54166666666667,97.54166666666667,99,50.69579661207974,11.645379945413067,0,1.4314740577898737,78.26361286919831
noroeste_internacoes_i60_i69_temp_med,3,3,ok,Noroeste,internacoes_i60_i69,temp_med,0.0038218415145544068,Quasi-Poisson F test: modelo completo vs. modelo sem crossbasis + Wald global para coeficientes da crossbasis quando a comparacao reduzida nao foi estimavel | NW-HAC(lag=21): p=0.1172,7.705624538451039e-6,Menor p ponto-a-ponto da curva cumulativa usada para calcular a AUC,FALSE,,27.649914556962024,27.649914556962024,86.9,21.62254091572403,8.051207582390703,0,2.286905587822794,18.029728902953586
noroeste_internacoes_i60_i69_temp_med,3,4,ok,Noroeste,internacoes_i60_i69,temp_med,1.3717738268608159e-5,Quasi-Poisson F test: modelo completo vs. modelo sem crossbasis + Wald global para coeficientes da crossbasis quando a comparacao reduzida nao foi estimavel | NW-HAC(lag=21): p=1.878e-05,1.5071039055521284e-5,Menor p ponto-a-ponto da curva cumulativa usada para calcular a AUC,FALSE,,27.306336497890292,27.306336497890292,83.3,21.049571327120375,7.4782379937870465,0,2.1669933854632144,18.545095991561183
noroeste_internacoes_i60_i69_temp_med,3,5,ok,Noroeste,internacoes_i60_i69,temp_med,5.6453027124123575e-5,Quasi-Poisson F test: modelo completo vs. modelo sem crossbasis + Wald global para coeficientes da crossbasis quando a comparacao reduzida nao foi estimavel | NW-HAC(lag=21): p=7.628e-05,8.8199484326982e-6,Menor p ponto-a-ponto da curva cumulativa usada para calcular a AUC,FALSE,,27.478125527426158,27.478125527426158,85.2,21.525111474905266,7.953778141571939,0,2.2444017660871913,18.545095991561183
noroeste_internacoes_i60_i69_temp_med,4,3,ok,Noroeste,internacoes_i60_i69,temp_med,0.002033233760458268,Quasi-Poisson F test: modelo completo vs. modelo sem crossbasis + Wald global para coeficientes da crossbasis quando a comparacao reduzida nao foi estimavel | NW-HAC(lag=21): p=0.0237,0.0010033375627558857,Menor p ponto-a-ponto da curva cumulativa usada para calcular a AUC,FALSE,,30.226749999999996,30.226749999999996,99,20.538829776831125,6.967496443497797,0,2.2577073873814375,19.232252109704643
noroeste_internacoes_i60_i69_temp_med,4,4,ok,Noroeste,internacoes_i60_i69,temp_med,1.0370746712703439e-5,Quasi-Poisson F test: modelo completo vs. modelo sem crossbasis + Wald global para coeficientes da crossbasis quando a comparacao reduzida nao foi estimavel | NW-HAC(lag=21): p=6.138e-06,1.6196415395498556e-5,Menor p ponto-a-ponto da curva cumulativa usada para calcular a AUC,FALSE,,26.96275843881856,26.96275843881856,80.2,19.55027185947801,5.978938526144681,0,2.1234268799304274,19.404041139240505
noroeste_internacoes_i60_i69_temp_med,4,5,ok,Noroeste,internacoes_i60_i69,temp_med,5.4948407238380174e-5,Quasi-Poisson F test: modelo completo vs. modelo sem crossbasis + Wald global para coeficientes da crossbasis quando a comparacao reduzida nao foi estimavel | NW-HAC(lag=21): p=2.477e-05,1.543739147393388e-5,Menor p ponto-a-ponto da curva cumulativa usada para calcular a AUC,FALSE,,27.993492616033752,27.993492616033752,90.5,20.067051392576932,6.495718059243605,0,2.2010540020881924,19.404041139240505
noroeste_internacoes_i60_i69_temp_med,5,3,ok,Noroeste,internacoes_i60_i69,temp_med,0.0010269367282619898,Quasi-Poisson F test: modelo completo vs. modelo sem crossbasis + Wald global para coeficientes da crossbasis quando a comparacao reduzida nao foi estimavel | NW-HAC(lag=21): p=0.006194,5.157152807756452e-7,Menor p ponto-a-ponto da curva cumulativa usada para calcular a AUC,FALSE,,25.416657172995777,25.416657172995777,64.9,22.83397928500341,9.262645951670079,0,2.483882285709562,16.655416666666667
noroeste_internacoes_i60_i69_temp_med,5,4,ok,Noroeste,internacoes_i60_i69,temp_med,6.469376939277425e-8,Quasi-Poisson F test: modelo completo vs. modelo sem crossbasis + Wald global para coeficientes da crossbasis quando a comparacao reduzida nao foi estimavel | NW-HAC(lag=21): p=5.912e-06,1.6718403627254362e-7,Menor p ponto-a-ponto da curva cumulativa usada para calcular a AUC,FALSE,,25.24486814345991,25.24486814345991,63.2,23.210606451981764,9.639273118648434,0,2.4664705412411556,16.655416666666667
noroeste_internacoes_i60_i69_temp_med,5,5,ok,Noroeste,internacoes_i60_i69,temp_med,1.4647584217708312e-7,Quasi-Poisson F test: modelo completo vs. modelo sem crossbasis + Wald global para coeficientes da crossbasis quando a comparacao reduzida nao foi estimavel | NW-HAC(lag=21): p=1.307e-05,1.6069201248961176e-7,Menor p ponto-a-ponto da curva cumulativa usada para calcular a AUC,FALSE,,25.416657172995777,25.416657172995777,64.9,23.14037086283503,9.569037529501703,0,2.4836609599393893,16.655416666666667
norte_internacoes_i60_i69_temp_med,3,3,ok,Norte,internacoes_i60_i69,temp_med,1.455610084768023e-20,Quasi-Poisson F test: modelo completo vs. modelo sem crossbasis + Wald global para coeficientes da crossbasis quando a comparacao reduzida nao foi estimavel | NW-HAC(lag=21): p=0.06365,2.623454021599215e-4,Menor p ponto-a-ponto da curva cumulativa usada para calcular a AUC,FALSE,,28.554361111111106,28.554361111111106,99,17.33880161618896,7.30548217174452,0,1.9436678030744245,18.52104166666667
norte_internacoes_i60_i69_temp_med,3,4,ok,Norte,internacoes_i60_i69,temp_med,4.133086745272225e-21,Quasi-Poisson F test: modelo completo vs. modelo sem crossbasis + Wald global para coeficientes da crossbasis quando a comparacao reduzida nao foi estimavel | NW-HAC(lag=21): p=0.1339,6.445852977036751e-4,Menor p ponto-a-ponto da curva cumulativa usada para calcular a AUC,FALSE,,28.554361111111106,28.554361111111106,99,16.77091441757719,6.737594973132752,0,1.9008982219325752,18.52104166666667
norte_internacoes_i60_i69_temp_med,3,5,ok,Norte,internacoes_i60_i69,temp_med,4.285395284138376e-22,Quasi-Poisson F test: modelo completo vs. modelo sem crossbasis + Wald global para coeficientes da crossbasis quando a comparacao reduzida nao foi estimavel | NW-HAC(lag=21): p=0.2754,1.6264738756159315e-4,Menor p ponto-a-ponto da curva cumulativa usada para calcular a AUC,FALSE,,28.554361111111106,28.554361111111106,99,17.724825665572446,7.6915062211280105,0,2.0527145618972518,18.52104166666667
norte_internacoes_i60_i69_temp_med,4,3,ok,Norte,internacoes_i60_i69,temp_med,1.1524466216771665e-20,Quasi-Poisson F test: modelo completo vs. modelo sem crossbasis + Wald global para coeficientes da crossbasis quando a comparacao reduzida nao foi estimavel | NW-HAC(lag=21): p=0.1581,4.1432971878382457e-4,Menor p ponto-a-ponto da curva cumulativa usada para calcular a AUC,FALSE,,28.554361111111106,28.554361111111106,99,16.917515643807306,6.884196199362868,0,1.9065300425824243,18.52104166666667
norte_internacoes_i60_i69_temp_med,4,4,ok,Norte,internacoes_i60_i69,temp_med,1.4317261343769587e-20,Quasi-Poisson F test: modelo completo vs. modelo sem crossbasis + Wald global para coeficientes da crossbasis quando a comparacao reduzida nao foi estimavel | NW-HAC(lag=21): p=0.312,9.425921941770152e-4,Menor p ponto-a-ponto da curva cumulativa usada para calcular a AUC,FALSE,,28.554361111111106,28.554361111111106,99,16.443189402307873,6.409869957863435,0,1.8584491196714246,18.52104166666667
norte_internacoes_i60_i69_temp_med,4,5,ok,Norte,internacoes_i60_i69,temp_med,2.6005983278602995e-21,Quasi-Poisson F test: modelo completo vs. modelo sem crossbasis + Wald global para coeficientes da crossbasis quando a comparacao reduzida nao foi estimavel | NW-HAC(lag=21): p=0.5073,2.550378455863477e-4,Menor p ponto-a-ponto da curva cumulativa usada para calcular a AUC,FALSE,,28.554361111111106,28.554361111111106,99,17.421264848727073,7.387945404282637,0,2.0083465325121077,18.52104166666667
norte_internacoes_i60_i69_temp_med,5,3,ok,Norte,internacoes_i60_i69,temp_med,1.0581687912296329e-22,Quasi-Poisson F test: modelo completo vs. modelo sem crossbasis + Wald global para coeficientes da crossbasis quando a comparacao reduzida nao foi estimavel | NW-HAC(lag=21): p=0.08716,6.97432106270235e-4,Menor p ponto-a-ponto da curva cumulativa usada para calcular a AUC,FALSE,,28.554361111111106,28.554361111111106,99,16.483834817404688,6.45051537296025,0,1.8608503162520857,24.363227672292545
norte_internacoes_i60_i69_temp_med,5,4,ok,Norte,internacoes_i60_i69,temp_med,1.3233783409223259e-24,Quasi-Poisson F test: modelo completo vs. modelo sem crossbasis + Wald global para coeficientes da crossbasis quando a comparacao reduzida nao foi estimavel | NW-HAC(lag=21): p=0.1704,0.0013123975644366548,Menor p ponto-a-ponto da curva cumulativa usada para calcular a AUC,FALSE,,28.554361111111106,28.554361111111106,99,15.943009487378161,5.9096900429337245,0,1.7914219382065295,24.490231715893106
norte_internacoes_i60_i69_temp_med,5,5,ok,Norte,internacoes_i60_i69,temp_med,7.676128110923087e-25,Quasi-Poisson F test: modelo completo vs. modelo sem crossbasis + Wald global para coeficientes da crossbasis quando a comparacao reduzida nao foi estimavel | NW-HAC(lag=21): p=0.3631,4.3588483424315e-4,Menor p ponto-a-ponto da curva cumulativa usada para calcular a AUC,FALSE,,28.554361111111106,28.554361111111106,99,16.92043113686049,6.8871116924160525,0,1.9250486979064267,18.52104166666667
norte_internacoes_i60_i69_ur_med,3,3,ok,Norte,internacoes_i60_i69,ur_med,7.123256485405782e-4,Quasi-Poisson F test: modelo completo vs. modelo sem crossbasis + Wald global para coeficientes da crossbasis quando a comparacao reduzida nao foi estimavel | NW-HAC(lag=21): p=0.5958,0.009104434021247084,Menor p ponto-a-ponto da curva cumulativa usada para calcular a AUC,FALSE,,63.246111111111105,63.246111111111105,1,40.92027814986887,11.920417038757765,0,1.5171220778646046,84.17006153305203
norte_internacoes_i60_i69_ur_med,3,4,ok,Norte,internacoes_i60_i69,ur_med,1.946098838075863e-9,Quasi-Poisson F test: modelo completo vs. modelo sem crossbasis + Wald global para coeficientes da crossbasis quando a comparacao reduzida nao foi estimavel | NW-HAC(lag=21): p=0.7002,0.006413149692305997,Menor p ponto-a-ponto da curva cumulativa usada para calcular a AUC,FALSE,,63.246111111111105,63.246111111111105,1,41.201924583765,12.202063472653895,0,1.5528938040204745,78.66375879043599
norte_internacoes_i60_i69_ur_med,3,5,ok,Norte,internacoes_i60_i69,ur_med,2.453886863086879e-9,Quasi-Poisson F test: modelo completo vs. modelo sem crossbasis + Wald global para coeficientes da crossbasis quando a comparacao reduzida nao foi estimavel | NW-HAC(lag=21): p=0.8169,0.0059654851304822894,Menor p ponto-a-ponto da curva cumulativa usada para calcular a AUC,FALSE,,63.246111111111105,63.246111111111105,1,41.31828376393539,12.318422652824292,0,1.5510724961591602,78.66375879043599
norte_internacoes_i60_i69_ur_med,4,3,ok,Norte,internacoes_i60_i69,ur_med,5.158303542973777e-4,Quasi-Poisson F test: modelo completo vs. modelo sem crossbasis + Wald global para coeficientes da crossbasis quando a comparacao reduzida nao foi estimavel | NW-HAC(lag=21): p=0.7956,9.494456453581279e-4,Menor p ponto-a-ponto da curva cumulativa usada para calcular a AUC,FALSE,,63.246111111111105,63.246111111111105,1,46.55051245907868,17.55065134796758,0,1.9065378462971883,84.90423523206749
norte_internacoes_i60_i69_ur_med,4,4,ok,Norte,internacoes_i60_i69,ur_med,4.419282416726204e-9,Quasi-Poisson F test: modelo completo vs. modelo sem crossbasis + Wald global para coeficientes da crossbasis quando a comparacao reduzida nao foi estimavel | NW-HAC(lag=21): p=0.8579,5.141793315579964e-4,Menor p ponto-a-ponto da curva cumulativa usada para calcular a AUC,FALSE,,63.246111111111105,63.246111111111105,1,47.108670930418455,18.108809819307353,0,1.917477037128374,84.53714838255976
norte_internacoes_i60_i69_ur_med,4,5,ok,Norte,internacoes_i60_i69,ur_med,2.520754924452392e-10,Quasi-Poisson F test: modelo completo vs. modelo sem crossbasis + Wald global para coeficientes da crossbasis quando a comparacao reduzida nao foi estimavel | NW-HAC(lag=21): p=0.9352,4.722220438427768e-4,Menor p ponto-a-ponto da curva cumulativa usada para calcular a AUC,FALSE,,63.246111111111105,63.246111111111105,1,47.01695702541186,18.01709591430076,0,1.9150847452830313,84.53714838255976
norte_internacoes_i60_i69_ur_med,5,3,ok,Norte,internacoes_i60_i69,ur_med,1.3411099633701623e-4,Quasi-Poisson F test: modelo completo vs. modelo sem crossbasis + Wald global para coeficientes da crossbasis quando a comparacao reduzida nao foi estimavel | NW-HAC(lag=21): p=0.4443,5.923865146204616e-4,Menor p ponto-a-ponto da curva cumulativa usada para calcular a AUC,FALSE,,63.246111111111105,63.246111111111105,1,48.238815168871916,19.238954057760814,0,1.9122720331333882,83.80297468354429
norte_internacoes_i60_i69_ur_med,5,4,ok,Norte,internacoes_i60_i69,ur_med,4.098836654349853e-10,Quasi-Poisson F test: modelo completo vs. modelo sem crossbasis + Wald global para coeficientes da crossbasis quando a comparacao reduzida nao foi estimavel | NW-HAC(lag=21): p=0.5964,2.881213925383187e-4,Menor p ponto-a-ponto da curva cumulativa usada para calcular a AUC,FALSE,,63.246111111111105,63.246111111111105,1,48.57060241859411,19.570741307483015,0,1.9223251040620521,83.43588783403655
norte_internacoes_i60_i69_ur_med,5,5,ok,Norte,internacoes_i60_i69,ur_med,2.394881059509617e-12,Quasi-Poisson F test: modelo completo vs. modelo sem crossbasis + Wald global para coeficientes da crossbasis quando a comparacao reduzida nao foi estimavel | NW-HAC(lag=21): p=0.6441,2.5585347500741096e-4,Menor p ponto-a-ponto da curva cumulativa usada para calcular a AUC,FALSE,,63.246111111111105,63.246111111111105,1,48.489573265384216,19.489712154273114,0,1.9182858724872347,83.43588783403655
norte_obitos_i60_i69_temp_med,3,3,ok,Norte,obitos_i60_i69,temp_med,0.5219339972429217,Quasi-Poisson F test: modelo completo vs. modelo sem crossbasis + Wald global para coeficientes da crossbasis quando a comparacao reduzida nao foi estimavel | NW-HAC(lag=21): p=0.2616,0.034106027805064255,Menor p ponto-a-ponto da curva cumulativa usada para calcular a AUC,FALSE,,24.617235759493667,24.617235759493667,60.2,10.955373542697124,0.9220540982526875,0,1.383823655301815,18.52104166666667
norte_obitos_i60_i69_temp_med,3,4,ok,Norte,obitos_i60_i69,temp_med,0.6526486058004257,Quasi-Poisson F test: modelo completo vs. modelo sem crossbasis + Wald global para coeficientes da crossbasis quando a comparacao reduzida nao foi estimavel | NW-HAC(lag=21): p=0.4237,0.03827602150124723,Menor p ponto-a-ponto da curva cumulativa usada para calcular a AUC,FALSE,,24.617235759493667,24.617235759493667,60.2,10.963899503083889,0.9305800586394516,0,1.3756164520350462,18.52104166666667
norte_obitos_i60_i69_temp_med,3,5,ok,Norte,obitos_i60_i69,temp_med,0.5558914626631559,Quasi-Poisson F test: modelo completo vs. modelo sem crossbasis + Wald global para coeficientes da crossbasis quando a comparacao reduzida nao foi estimavel | NW-HAC(lag=21): p=0.2384,0.03628419699741316,Menor p ponto-a-ponto da curva cumulativa usada para calcular a AUC,FALSE,,24.23622362869198,24.23622362869198,55.5,10.949962240740605,0.916642796296168,0,1.3826450662752827,18.52104166666667
norte_obitos_i60_i69_temp_med,4,3,ok,Norte,obitos_i60_i69,temp_med,0.1522662283083023,Quasi-Poisson F test: modelo completo vs. modelo sem crossbasis + Wald global para coeficientes da crossbasis quando a comparacao reduzida nao foi estimavel | NW-HAC(lag=21): p=0.03138,0.002321878975403191,Menor p ponto-a-ponto da curva cumulativa usada para calcular a AUC,FALSE,,23.855211497890295,23.855211497890295,51,12.23812505392004,2.2048056094756032,0,1.4047302126290038,20.17209423347398
norte_obitos_i60_i69_temp_med,4,4,ok,Norte,obitos_i60_i69,temp_med,0.26149190850852033,Quasi-Poisson F test: modelo completo vs. modelo sem crossbasis + Wald global para coeficientes da crossbasis quando a comparacao reduzida nao foi estimavel | NW-HAC(lag=21): p=0.06556,0.002507828602450913,Menor p ponto-a-ponto da curva cumulativa usada para calcular a AUC,FALSE,,23.855211497890295,23.855211497890295,51,12.232279568300445,2.1989601238560086,0,1.4040965632418443,20.299098277074545
norte_obitos_i60_i69_temp_med,4,5,ok,Norte,obitos_i60_i69,temp_med,0.2629916715339772,Quasi-Poisson F test: modelo completo vs. modelo sem crossbasis + Wald global para coeficientes da crossbasis quando a comparacao reduzida nao foi estimavel | NW-HAC(lag=21): p=0.04806,0.002941644910288351,Menor p ponto-a-ponto da curva cumulativa usada para calcular a AUC,FALSE,,23.855211497890295,23.855211497890295,51,12.282896621706024,2.2495771772615876,0,1.3983397244275404,20.17209423347398
norte_obitos_i60_i69_temp_med,5,3,ok,Norte,obitos_i60_i69,temp_med,0.05108397133962652,Quasi-Poisson F test: modelo completo vs. modelo sem crossbasis + Wald global para coeficientes da crossbasis quando a comparacao reduzida nao foi estimavel | NW-HAC(lag=21): p=0.004095,3.2151376123094237e-4,Menor p ponto-a-ponto da curva cumulativa usada para calcular a AUC,FALSE,,23.22019127988748,23.22019127988748,41.9,12.754096120035493,2.7207766755910554,0,1.5629461350160738,20.426102320675106
norte_obitos_i60_i69_temp_med,5,4,ok,Norte,obitos_i60_i69,temp_med,0.11146841995900061,Quasi-Poisson F test: modelo completo vs. modelo sem crossbasis + Wald global para coeficientes da crossbasis quando a comparacao reduzida nao foi estimavel | NW-HAC(lag=21): p=0.01447,4.3320400248329565e-4,Menor p ponto-a-ponto da curva cumulativa usada para calcular a AUC,FALSE,,23.22019127988748,23.22019127988748,41.9,12.674950850106539,2.641631405662102,0,1.5501397548424003,20.426102320675106
norte_obitos_i60_i69_temp_med,5,5,ok,Norte,obitos_i60_i69,temp_med,0.08886648038584112,Quasi-Poisson F test: modelo completo vs. modelo sem crossbasis + Wald global para coeficientes da crossbasis quando a comparacao reduzida nao foi estimavel | NW-HAC(lag=21): p=0.0068,3.74349885674211e-4,Menor p ponto-a-ponto da curva cumulativa usada para calcular a AUC,FALSE,,23.22019127988748,23.22019127988748,41.9,12.825165274457182,2.791845830012746,0,1.559822366510289,20.426102320675106
norte_obitos_i60_i69_ur_med,3,3,ok,Norte,obitos_i60_i69,ur_med,0.4213049522420718,Quasi-Poisson F test: modelo completo vs. modelo sem crossbasis + Wald global para coeficientes da crossbasis quando a comparacao reduzida nao foi estimavel | NW-HAC(lag=21): p=0.2484,0.050792503512638004,Menor p ponto-a-ponto da curva cumulativa usada para calcular a AUC,FALSE,,92.2459722222222,92.2459722222222,99,36.669252960919636,7.669391849808536,0,1.4093148545861123,75.7270639943741
norte_obitos_i60_i69_ur_med,3,4,ok,Norte,obitos_i60_i69,ur_med,0.6407012036817287,Quasi-Poisson F test: modelo completo vs. modelo sem crossbasis + Wald global para coeficientes da crossbasis quando a comparacao reduzida nao foi estimavel | NW-HAC(lag=21): p=0.408,0.05243435784763717,Menor p ponto-a-ponto da curva cumulativa usada para calcular a AUC,FALSE,,92.2459722222222,92.2459722222222,99,36.576186588718805,7.576325477607705,0,1.4066710165424439,75.7270639943741
norte_obitos_i60_i69_ur_med,3,5,ok,Norte,obitos_i60_i69,ur_med,0.6127005989356031,Quasi-Poisson F test: modelo completo vs. modelo sem crossbasis + Wald global para coeficientes da crossbasis quando a comparacao reduzida nao foi estimavel | NW-HAC(lag=21): p=0.438,0.053810497221501594,Menor p ponto-a-ponto da curva cumulativa usada para calcular a AUC,FALSE,,92.2459722222222,92.2459722222222,99,36.619082930048606,7.619221818937505,0,1.408437758125738,76.09415084388185
norte_obitos_i60_i69_ur_med,4,3,ok,Norte,obitos_i60_i69,ur_med,0.19309533576408505,Quasi-Poisson F test: modelo completo vs. modelo sem crossbasis + Wald global para coeficientes da crossbasis quando a comparacao reduzida nao foi estimavel | NW-HAC(lag=21): p=0.05389,0.010263460601404753,Menor p ponto-a-ponto da curva cumulativa usada para calcular a AUC,FALSE,,92.2459722222222,92.2459722222222,99,43.30849239707614,14.308631285965033,0,1.7273404681227222,71.68910864978902
norte_obitos_i60_i69_ur_med,4,4,ok,Norte,obitos_i60_i69,ur_med,0.402112524431105,Quasi-Poisson F test: modelo completo vs. modelo sem crossbasis + Wald global para coeficientes da crossbasis quando a comparacao reduzida nao foi estimavel | NW-HAC(lag=21): p=0.1126,0.010249583448997613,Menor p ponto-a-ponto da curva cumulativa usada para calcular a AUC,FALSE,,92.2459722222222,92.2459722222222,99,43.31900736387586,14.319146252764757,0,1.7301116956039864,71.68910864978902
norte_obitos_i60_i69_ur_med,4,5,ok,Norte,obitos_i60_i69,ur_med,0.4450062576300175,Quasi-Poisson F test: modelo completo vs. modelo sem crossbasis + Wald global para coeficientes da crossbasis quando a comparacao reduzida nao foi estimavel | NW-HAC(lag=21): p=0.1391,0.011017606667067737,Menor p ponto-a-ponto da curva cumulativa usada para calcular a AUC,FALSE,,92.2459722222222,92.2459722222222,99,43.30410790988606,14.304246798774964,0,1.7206416314950657,71.68910864978902
norte_obitos_i60_i69_ur_med,5,3,ok,Norte,obitos_i60_i69,ur_med,0.13380181199650645,Quasi-Poisson F test: modelo completo vs. modelo sem crossbasis + Wald global para coeficientes da crossbasis quando a comparacao reduzida nao foi estimavel | NW-HAC(lag=21): p=0.02696,0.015391930881547264,Menor p ponto-a-ponto da curva cumulativa usada para calcular a AUC,FALSE,,92.2459722222222,92.2459722222222,99,42.58230755664126,13.58244644553016,0,1.7157184239519445,70.95493495077355
norte_obitos_i60_i69_ur_med,5,4,ok,Norte,obitos_i60_i69,ur_med,0.3208917117648846,Quasi-Poisson F test: modelo completo vs. modelo sem crossbasis + Wald global para coeficientes da crossbasis quando a comparacao reduzida nao foi estimavel | NW-HAC(lag=21): p=0.07209,0.0150807349517127,Menor p ponto-a-ponto da curva cumulativa usada para calcular a AUC,FALSE,,92.2459722222222,92.2459722222222,99,42.62990569967106,13.630044588559965,0,1.7208748418354034,70.95493495077355
norte_obitos_i60_i69_ur_med,5,5,ok,Norte,obitos_i60_i69,ur_med,0.40296291285293395,Quasi-Poisson F test: modelo completo vs. modelo sem crossbasis + Wald global para coeficientes da crossbasis quando a comparacao reduzida nao foi estimavel | NW-HAC(lag=21): p=0.08226,0.016200413703453882,Menor p ponto-a-ponto da curva cumulativa usada para calcular a AUC,FALSE,,92.2459722222222,92.2459722222222,99,42.652262841213755,13.652401730102657,0,1.7121327839866276,70.95493495077355
serrana_internacoes_i60_i69_temp_med,3,3,ok,Serrana,internacoes_i60_i69,temp_med,2.8750335445693054e-12,Negative binomial likelihood-ratio test: modelo completo vs. modelo sem crossbasis | NW-HAC(lag=21): p=0.2343,0.004956804033872552,Menor p ponto-a-ponto da curva cumulativa usada para calcular a AUC,FALSE,,20.249751687763712,20.249751687763712,77.5,16.5306143546607,2.813556021327369,0,1.620142371932742,10.178999999999998
serrana_internacoes_i60_i69_temp_med,3,4,ok,Serrana,internacoes_i60_i69,temp_med,3.105071755271638e-12,Negative binomial likelihood-ratio test: modelo completo vs. modelo sem crossbasis | NW-HAC(lag=21): p=0.2596,0.006603893819793308,Menor p ponto-a-ponto da curva cumulativa usada para calcular a AUC,FALSE,,20.423385337552737,20.423385337552737,79.4,16.509265574270056,2.7922072409367265,0,1.5791179003975886,10.178999999999998
serrana_internacoes_i60_i69_temp_med,3,5,ok,Serrana,internacoes_i60_i69,temp_med,5.699885008425554e-13,Negative binomial likelihood-ratio test: modelo completo vs. modelo sem crossbasis | NW-HAC(lag=21): p=0.2816,0.018614071268359574,Menor p ponto-a-ponto da curva cumulativa usada para calcular a AUC,FALSE,,20.249751687763712,20.249751687763712,77.5,16.02925578166431,2.312197448330982,0,1.5084837192936866,10.178999999999998
serrana_internacoes_i60_i69_temp_med,4,3,ok,Serrana,internacoes_i60_i69,temp_med,6.661338147750939e-16,Negative binomial likelihood-ratio test: modelo completo vs. modelo sem crossbasis | NW-HAC(lag=21): p=0.03687,4.0476639643077e-6,Menor p ponto-a-ponto da curva cumulativa usada para calcular a AUC,FALSE,,17.992514240506328,17.992514240506328,51.9,18.665825159473417,4.948766826140089,0,1.7939835588309396,12.95713839662447
serrana_internacoes_i60_i69_temp_med,4,4,ok,Serrana,internacoes_i60_i69,temp_med,1.4432899320127035e-15,Negative binomial likelihood-ratio test: modelo completo vs. modelo sem crossbasis | NW-HAC(lag=21): p=0.04066,4.8065722854889676e-6,Menor p ponto-a-ponto da curva cumulativa usada para calcular a AUC,FALSE,,17.992514240506328,17.992514240506328,51.9,18.505395198903514,4.788336865570185,0,1.782928389103632,12.95713839662447
serrana_internacoes_i60_i69_temp_med,4,5,ok,Serrana,internacoes_i60_i69,temp_med,5.551115123125783e-16,Negative binomial likelihood-ratio test: modelo completo vs. modelo sem crossbasis | NW-HAC(lag=21): p=0.05963,2.2379097079028942e-5,Menor p ponto-a-ponto da curva cumulativa usada para calcular a AUC,FALSE,,17.992514240506328,17.992514240506328,51.9,18.21859061794816,4.501532284614829,0,1.7140339348483904,12.95713839662447
serrana_internacoes_i60_i69_temp_med,5,3,ok,Serrana,internacoes_i60_i69,temp_med,0,Negative binomial likelihood-ratio test: modelo completo vs. modelo sem crossbasis | NW-HAC(lag=21): p=0.01862,2.959373455892855e-11,Menor p ponto-a-ponto da curva cumulativa usada para calcular a AUC,FALSE,,16.77707869198312,16.77707869198312,39.5,22.073671714847592,8.356613381514263,0,2.526113972107858,12.78350474683544
serrana_internacoes_i60_i69_temp_med,5,4,ok,Serrana,internacoes_i60_i69,temp_med,0,Negative binomial likelihood-ratio test: modelo completo vs. modelo sem crossbasis | NW-HAC(lag=21): p=0.02343,5.4587859348850435e-11,Menor p ponto-a-ponto da curva cumulativa usada para calcular a AUC,FALSE,,16.77707869198312,16.77707869198312,39.5,21.715166439466255,7.998108106132926,0,2.486793644949162,12.78350474683544
serrana_internacoes_i60_i69_temp_med,5,5,ok,Serrana,internacoes_i60_i69,temp_med,0,Negative binomial likelihood-ratio test: modelo completo vs. modelo sem crossbasis | NW-HAC(lag=21): p=0.033,2.2684608413211417e-10,Menor p ponto-a-ponto da curva cumulativa usada para calcular a AUC,FALSE,,16.77707869198312,16.77707869198312,39.5,21.637089648306606,7.920031314973274,0,2.420824957790991,12.78350474683544
serrana_internacoes_i60_i69_ur_med,3,3,ok,Serrana,internacoes_i60_i69,ur_med,1.1461942506230116e-12,Negative binomial likelihood-ratio test: modelo completo vs. modelo sem crossbasis | NW-HAC(lag=21): p=0.4205,0.040088738093983806,Menor p ponto-a-ponto da curva cumulativa usada para calcular a AUC,FALSE,,96.82437499999999,96.82437499999999,99,52.088881011324375,14.429367122435492,0,1.5727506644847251,59.16486111111111
serrana_internacoes_i60_i69_ur_med,3,4,ok,Serrana,internacoes_i60_i69,ur_med,5.485611964672898e-13,Negative binomial likelihood-ratio test: modelo completo vs. modelo sem crossbasis | NW-HAC(lag=21): p=0.498,0.04154246679054667,Menor p ponto-a-ponto da curva cumulativa usada para calcular a AUC,FALSE,,96.82437499999999,96.82437499999999,99,51.17447124046027,13.514957351571391,0,1.515473599350107,86.33691543600561
serrana_internacoes_i60_i69_ur_med,3,5,ok,Serrana,internacoes_i60_i69,ur_med,2.902122986370159e-13,Negative binomial likelihood-ratio test: modelo completo vs. modelo sem crossbasis | NW-HAC(lag=21): p=0.5702,0.0380193752255949,Menor p ponto-a-ponto da curva cumulativa usada para calcular a AUC,FALSE,,96.82437499999999,96.82437499999999,99,50.734309254384456,13.074795365495573,0,1.5175497843386971,86.33691543600561
serrana_internacoes_i60_i69_ur_med,4,3,ok,Serrana,internacoes_i60_i69,ur_med,1.4432899320127035e-15,Negative binomial likelihood-ratio test: modelo completo vs. modelo sem crossbasis | NW-HAC(lag=21): p=0.08943,0.0016875352644482391,Menor p ponto-a-ponto da curva cumulativa usada para calcular a AUC,FALSE,,71.08242879746835,71.08242879746835,9.2,45.217392817271225,7.5578789283823475,0,1.592216898061861,59.16486111111111
serrana_internacoes_i60_i69_ur_med,4,4,ok,Serrana,internacoes_i60_i69,ur_med,5.551115123125783e-16,Negative binomial likelihood-ratio test: modelo completo vs. modelo sem crossbasis | NW-HAC(lag=21): p=0.1764,0.0015681241250353228,Menor p ponto-a-ponto da curva cumulativa usada para calcular a AUC,FALSE,,70.60572609001406,70.60572609001406,8.6,45.34903756481169,7.689523675922806,0,1.5540443045582222,82.99999648382558
serrana_internacoes_i60_i69_ur_med,4,5,ok,Serrana,internacoes_i60_i69,ur_med,0,Negative binomial likelihood-ratio test: modelo completo vs. modelo sem crossbasis | NW-HAC(lag=21): p=0.3068,0.0017575648455200408,Menor p ponto-a-ponto da curva cumulativa usada para calcular a AUC,FALSE,,70.60572609001406,70.60572609001406,8.6,45.446864388995856,7.787350500106976,0,1.5485159774514035,82.99999648382558
serrana_internacoes_i60_i69_ur_med,5,3,ok,Serrana,internacoes_i60_i69,ur_med,6.994405055138486e-15,Negative binomial likelihood-ratio test: modelo completo vs. modelo sem crossbasis | NW-HAC(lag=21): p=0.1133,4.5764669251840956e-4,Menor p ponto-a-ponto da curva cumulativa usada para calcular a AUC,FALSE,,91.5806452180028,91.5806452180028,86.2,50.23400920196487,12.574495313075989,0,1.7762236597985894,84.43010460618845
serrana_internacoes_i60_i69_ur_med,5,4,ok,Serrana,internacoes_i60_i69,ur_med,3.6637359812630166e-15,Negative binomial likelihood-ratio test: modelo completo vs. modelo sem crossbasis | NW-HAC(lag=21): p=0.2478,5.964757579537502e-4,Menor p ponto-a-ponto da curva cumulativa usada para calcular a AUC,FALSE,,91.5806452180028,91.5806452180028,86.2,49.37781401974707,11.718300130858191,0,1.7711877952160138,84.43010460618845
serrana_internacoes_i60_i69_ur_med,5,5,ok,Serrana,internacoes_i60_i69,ur_med,6.661338147750939e-16,Negative binomial likelihood-ratio test: modelo completo vs. modelo sem crossbasis | NW-HAC(lag=21): p=0.3829,7.978580522719621e-4,Menor p ponto-a-ponto da curva cumulativa usada para calcular a AUC,FALSE,,91.5806452180028,91.5806452180028,86.2,49.00662182265299,11.34710793376411,0,1.7599604812055467,84.90680731364274
