modelo_id,macro_regiao,desfecho,exposicao,p_associacao,metodo_p,p_curva_auc,metodo_p_curva_auc,alerta_convergencia,avisos_modelo,cen,cen_mmt,cen_percentil_mmt,auc_rr_cumulativo,auc_excesso_rr_cumulativo,auc_protecao_rr_cumulativo,rr_cumulativo_max,exposicao_rr_max,p_associacao_fdr,p_curva_fdr,classe_fdr,estabilidade_lag,p_consistente_005,status_sem_pandemia,auc_excesso_rr_cumulativo_sem_pandemia,rr_cumulativo_max_sem_pandemia,p_curva_auc_sem_pandemia,alerta_convergencia_sem_pandemia,n_associado_estimado_total,p_residuo_ljung_box_21,desfecho_tipo,preservado_sem_pandemia,classe_evidencia_integrada,interpretacao_final
norte_internacoes_i60_i69_ur_med,Norte,internacoes_i60_i69,ur_med,5.158303542973777e-4,Quasi-Poisson F test: modelo completo vs. modelo sem crossbasis + Wald global para coeficientes da crossbasis quando a comparacao reduzida nao foi estimavel | NW-HAC(lag=21): p=0.7956,9.49445645358128e-4,Menor p ponto-a-ponto da curva cumulativa usada para calcular a AUC,FALSE,,63.246111111111105,63.246111111111105,1,46.55051245907868,17.55065134796758,0,1.9065378462971885,84.90423523206749,0.00464247318867639,0.00945846807958425,fdr_significativo,Associacao estavel nos tras lags avaliados.,TRUE,ok,20.568318364394486,2.2581942534080617,6.910828649326511e-5,FALSE,451.3616713126937,0.04302032881150353,principal_i60_i69,TRUE,robusto,"Associacao estatistica consistente apos FDR, estavel em lags e preservada sem o periodo pandemico."
serrana_obitos_i60_i64_ur_med,Serrana,obitos_i60_i64,ur_med,0.00958584025538735,Quasi-Poisson F test: modelo completo vs. modelo sem crossbasis + Wald global para coeficientes da crossbasis quando a comparacao reduzida nao foi estimavel | NW-HAC(lag=21): p=0.00271,0.01081013038536543,Menor p ponto-a-ponto da curva cumulativa usada para calcular a AUC,FALSE,,96.824375,96.824375,99,53.50610057061244,15.846586681723556,0,2.013193065900179,59.16486111111111,0.05065214135514757,0.03955489111464134,p_nominal,Associacao estavel nos tras lags avaliados.,TRUE,ok,18.57431377307194,2.3183704028740384,0.005079354542554423,FALSE,149.92791315265865,0.00682657359321137,sensibilidade_i60_i64,TRUE,robusto,"Associacao estatistica consistente apos FDR, estavel em lags e preservada sem o periodo pandemico."
medio_paraiba_internacoes_i60_i64_ur_med,Medio Paraiba,internacoes_i60_i64,ur_med,0.04208489143042775,Quasi-Poisson F test: modelo completo vs. modelo sem crossbasis + Wald global para coeficientes da crossbasis quando a comparacao reduzida nao foi estimavel | NW-HAC(lag=21): p=0.003255,6.891371891713518e-5,Menor p ponto-a-ponto da curva cumulativa usada para calcular a AUC,FALSE,,53.714305555555555,53.714305555555555,1,52.811041707219104,15.390638929441335,0,1.9301946508689325,91.13470833333332,0.1527096223181711,0.00108539107294487,p_nominal,Associacao estavel nos tras lags avaliados.,TRUE,ok,19.889675773185775,2.108193899340108,1.1874555986436623e-5,FALSE,679.9456440799825,7.860580336638279e-7,sensibilidade_i60_i64,TRUE,robusto,"Associacao estatistica consistente apos FDR, estavel em lags e preservada sem o periodo pandemico."
norte_obitos_i60_i69_ur_med,Norte,obitos_i60_i69,ur_med,0.19309533576408505,Quasi-Poisson F test: modelo completo vs. modelo sem crossbasis + Wald global para coeficientes da crossbasis quando a comparacao reduzida nao foi estimavel | NW-HAC(lag=21): p=0.05389,0.01026346060140475,Menor p ponto-a-ponto da curva cumulativa usada para calcular a AUC,FALSE,,92.2459722222222,92.2459722222222,99,43.30849239707614,14.308631285965031,0,1.7273404681227222,71.68910864978902,0.4605452202772561,0.03955489111464134,p_nominal,Associacao estavel nos tras lags avaliados.,TRUE,ok,22.636479078225463,2.047719389661193,0.00176472301065485,FALSE,142.66891945459776,1.4031336754449786e-4,principal_i60_i69,TRUE,robusto,"Associacao estatistica consistente apos FDR, estavel em lags e preservada sem o periodo pandemico."
centro_sul_obitos_i60_i69_temp_med,Centro-Sul,obitos_i60_i69,temp_med,0.22864010944816535,Quasi-Poisson F test: modelo completo vs. modelo sem crossbasis + Wald global para coeficientes da crossbasis quando a comparacao reduzida nao foi estimavel | NW-HAC(lag=21): p=0.0844,0.00599343436432681,Menor p ponto-a-ponto da curva cumulativa usada para calcular a AUC,FALSE,,24.38558808016877,24.38558808016877,79.6,30.548293409052377,10.220960075719052,0,1.9281746463738345,7.917875,0.488282267635065,0.03108789256124572,p_nominal,Associacao estavel nos tras lags avaliados.,TRUE,ok,10.112273299206247,1.8587246702389224,0.014917016931979743,FALSE,148.36458996487355,3.1725355654432796e-5,principal_i60_i69,TRUE,robusto,"Associacao estatistica consistente apos FDR, estavel em lags e preservada sem o periodo pandemico."
metropolitana_ii_obitos_i60_i69_ur_med,Metropolitana II,obitos_i60_i69,ur_med,0.3448609526331832,Quasi-Poisson F test: modelo completo vs. modelo sem crossbasis + Wald global para coeficientes da crossbasis quando a comparacao reduzida nao foi estimavel | NW-HAC(lag=21): p=0.3744,0.01452133986198989,Menor p ponto-a-ponto da curva cumulativa usada para calcular a AUC,FALSE,,97.54166666666669,97.54166666666669,99,48.17009820113286,9.25065375668841,0,1.365567385726786,80.79152601969058,0.5952394524901519,0.04051256907702289,p_nominal,Associacao estavel nos tras lags avaliados.,TRUE,ok,9.535181049905923,1.37073126983143,0.029102300854457575,FALSE,200.76920454007285,3.2248394315192996e-4,principal_i60_i69,TRUE,robusto,"Associacao estatistica consistente apos FDR, estavel em lags e preservada sem o periodo pandemico."
medio_paraiba_obitos_i60_i64_ur_med,Medio Paraiba,obitos_i60_i64,ur_med,0.0424193395328253,Quasi-Poisson F test: modelo completo vs. modelo sem crossbasis + Wald global para coeficientes da crossbasis quando a comparacao reduzida nao foi estimavel | NW-HAC(lag=21): p=0.006833,0.00616823265104081,Menor p ponto-a-ponto da curva cumulativa usada para calcular a AUC,FALSE,,82.13486462728551,82.13486462728551,78.8,46.218443566334905,8.798040788557142,0,1.7185730669327064,53.714305555555555,0.1527096223181711,0.03108789256124572,p_nominal,Associacao estavel nos tras lags avaliados.,TRUE,ok,9.816238596946652,1.8695553283681543,0.012542291919147498,FALSE,185.1997835632308,4.808934850264457e-5,sensibilidade_i60_i64,TRUE,robusto,"Associacao estatistica consistente apos FDR, estavel em lags e preservada sem o periodo pandemico."
metropolitana_ii_internacoes_i60_i69_ur_med,Metropolitana II,internacoes_i60_i69,ur_med,0.03846568354774032,Quasi-Poisson F test: modelo completo vs. modelo sem crossbasis + Wald global para coeficientes da crossbasis quando a comparacao reduzida nao foi estimavel | NW-HAC(lag=21): p=0.1679,0.0057449051244632,Menor p ponto-a-ponto da curva cumulativa usada para calcular a AUC,FALSE,,97.54166666666669,97.54166666666669,99,46.8943818216113,7.974937377166844,0,1.4914473342854984,58.62222222222222,0.1468689735459176,0.03108789256124572,p_nominal,Associacao estavel nos tras lags avaliados.,TRUE,ok,11.230368898032056,1.6462758819129966,0.004191300598110158,FALSE,712.9853882426238,2.774217160217418e-6,principal_i60_i69,TRUE,robusto,"Associacao estatistica consistente apos FDR, estavel em lags e preservada sem o periodo pandemico."
serrana_internacoes_i60_i69_ur_med,Serrana,internacoes_i60_i69,ur_med,1.4432899320127037e-15,Negative binomial likelihood-ratio test: modelo completo vs. modelo sem crossbasis | NW-HAC(lag=21): p=0.08943,0.00168753526444823,Menor p ponto-a-ponto da curva cumulativa usada para calcular a AUC,FALSE,,71.08242879746835,71.08242879746835,9.2,45.217392817271225,7.5578789283823475,0,1.592216898061861,59.16486111111111,3.6370906286720124e-14,0.0125076143129693,fdr_significativo,Associacao estavel nos tras lags avaliados.,TRUE,ok,10.632750017361401,1.7546130512955618,6.129708270916717e-4,FALSE,728.0764493911868,0.00518672229047911,principal_i60_i69,TRUE,robusto,"Associacao estatistica consistente apos FDR, estavel em lags e preservada sem o periodo pandemico."
noroeste_internacoes_i60_i69_temp_med,Noroeste,internacoes_i60_i69,temp_med,0.00203323376045826,Quasi-Poisson F test: modelo completo vs. modelo sem crossbasis + Wald global para coeficientes da crossbasis quando a comparacao reduzida nao foi estimavel | NW-HAC(lag=21): p=0.0237,0.00100333756275588,Menor p ponto-a-ponto da curva cumulativa usada para calcular a AUC,FALSE,,30.226749999999996,30.226749999999996,99,20.538829776831125,6.967496443497797,0,2.2577073873814375,19.232252109704643,0.01506985022457304,0.00945846807958425,fdr_significativo,Associacao estavel nos tras lags avaliados.,TRUE,ok,8.766467219909517,2.4783712023353415,8.101130638704411e-4,FALSE,266.10604097581046,5.487456643789024e-4,principal_i60_i69,TRUE,robusto,"Associacao estatistica consistente apos FDR, estavel em lags e preservada sem o periodo pandemico."
norte_internacoes_i60_i69_temp_med,Norte,internacoes_i60_i69,temp_med,1.1524466216771663e-20,Quasi-Poisson F test: modelo completo vs. modelo sem crossbasis + Wald global para coeficientes da crossbasis quando a comparacao reduzida nao foi estimavel | NW-HAC(lag=21): p=0.1581,4.1432971878382457e-4,Menor p ponto-a-ponto da curva cumulativa usada para calcular a AUC,FALSE,,28.554361111111103,28.554361111111103,99,16.917515643807306,6.884196199362868,0,1.9065300425824243,18.52104166666667,4.840275811044099e-19,0.00522055445667618,fdr_significativo,Associacao estavel nos tras lags avaliados.,TRUE,ok,5.47019870942374,1.7227258979782618,0.0033892620870251996,FALSE,483.18081973815913,0.0378997137209689,principal_i60_i69,TRUE,robusto,"Associacao estatistica consistente apos FDR, estavel em lags e preservada sem o periodo pandemico."
serrana_internacoes_i60_i69_temp_med,Serrana,internacoes_i60_i69,temp_med,6.661338147750939e-16,Negative binomial likelihood-ratio test: modelo completo vs. modelo sem crossbasis | NW-HAC(lag=21): p=0.03687,4.0476639643077e-6,Menor p ponto-a-ponto da curva cumulativa usada para calcular a AUC,FALSE,,17.992514240506328,17.992514240506328,51.9,18.665825159473417,4.948766826140089,0,1.7939835588309396,12.95713839662447,2.0983215165415462e-14,1.7000188650092342e-4,fdr_significativo,Associacao estavel nos tras lags avaliados.,TRUE,ok,5.26777470453255,1.8712346240361983,1.598091500789839e-5,FALSE,880.525533975115,0.00360615965970034,principal_i60_i69,TRUE,robusto,"Associacao estatistica consistente apos FDR, estavel em lags e preservada sem o periodo pandemico."
noroeste_internacoes_i60_i64_temp_med,Noroeste,internacoes_i60_i64,temp_med,0.00289537077498735,Quasi-Poisson F test: modelo completo vs. modelo sem crossbasis + Wald global para coeficientes da crossbasis quando a comparacao reduzida nao foi estimavel | NW-HAC(lag=21): p=5.982e-05,0.00105094089773158,Menor p ponto-a-ponto da curva cumulativa usada para calcular a AUC,FALSE,,30.226749999999996,30.226749999999996,99,17.473800699661055,3.9024673663277287,0,1.8922243902896156,16.655416666666667,0.01904828702200958,0.00945846807958425,fdr_significativo,Associacao estavel nos tras lags avaliados.,TRUE,ok,4.484730441281736,1.820570176173994,0.008382332079118378,FALSE,231.0937784552917,1.339435952805168e-4,sensibilidade_i60_i64,TRUE,robusto,"Associacao estatistica consistente apos FDR, estavel em lags e preservada sem o periodo pandemico."
baia_da_ilha_grande_internacoes_i60_i64_temp_med,Baia da Ilha Grande,internacoes_i60_i64,temp_med,0.13548293484268104,Quasi-Poisson F test: modelo completo vs. modelo sem crossbasis + Wald global para coeficientes da crossbasis quando a comparacao reduzida nao foi estimavel | NW-HAC(lag=21): p=0.04778,0.00568755813162252,Menor p ponto-a-ponto da curva cumulativa usada para calcular a AUC,FALSE,,26.58048918776371,26.58048918776371,87.6,16.46496871299305,3.709072879659723,0,1.789739502385636,16.731,0.38797385886767755,0.03108789256124572,p_nominal,Associacao estavel nos tras lags avaliados.,TRUE,ok,4.201699856941306,1.9221206661307797,0.005649496979515334,FALSE,123.0473906663295,3.769078021564898e-5,sensibilidade_i60_i64,TRUE,robusto,"Associacao estatistica consistente apos FDR, estavel em lags e preservada sem o periodo pandemico."
baia_da_ilha_grande_internacoes_i60_i69_temp_med,Baia da Ilha Grande,internacoes_i60_i69,temp_med,0.1807568157808315,Quasi-Poisson F test: modelo completo vs. modelo sem crossbasis + Wald global para coeficientes da crossbasis quando a comparacao reduzida nao foi estimavel | NW-HAC(lag=21): p=0.06557,0.01290222694569996,Menor p ponto-a-ponto da curva cumulativa usada para calcular a AUC,FALSE,,26.25755511603375,26.25755511603375,85.2,15.951819505609318,3.1959236722759923,0,1.5890143511965094,16.731,0.4555071757676954,0.04051256907702289,p_nominal,Associacao estavel nos tras lags avaliados.,TRUE,ok,3.816103104985688,1.7409332940680662,0.00712042217450961,FALSE,119.98414061966112,3.8021217737549406e-6,principal_i60_i69,TRUE,robusto,"Associacao estatistica consistente apos FDR, estavel em lags e preservada sem o periodo pandemico."
medio_paraiba_obitos_i60_i64_temp_med,Medio Paraiba,obitos_i60_i64,temp_med,0.00267573768115097,Quasi-Poisson F test: modelo completo vs. modelo sem crossbasis + Wald global para coeficientes da crossbasis quando a comparacao reduzida nao foi estimavel | NW-HAC(lag=21): p=0.0003677,1.3526570783703607e-5,Menor p ponto-a-ponto da curva cumulativa usada para calcular a AUC,FALSE,,24.17751687763713,24.17751687763713,75.6,16.11886126877163,3.160965435438295,0,1.9183180751100215,27.622020833333337,0.01873016376805682,4.2608697968666366e-4,fdr_significativo,Associacao estavel nos tras lags avaliados.,TRUE,ok,3.0684905361825128,1.8757464956988117,2.0223374489181296e-4,FALSE,219.99726740664227,1.2028773014871597e-5,sensibilidade_i60_i64,TRUE,robusto,"Associacao estatistica consistente apos FDR, estavel em lags e preservada sem o periodo pandemico."
medio_paraiba_internacoes_i60_i64_temp_med,Medio Paraiba,internacoes_i60_i64,temp_med,0.0156488303559549,Quasi-Poisson F test: modelo completo vs. modelo sem crossbasis + Wald global para coeficientes da crossbasis quando a comparacao reduzida nao foi estimavel | NW-HAC(lag=21): p=0.006567,0.01130139746132609,Menor p ponto-a-ponto da curva cumulativa usada para calcular a AUC,FALSE,,27.622020833333337,27.622020833333337,99,15.765501126344882,2.8076052930115463,0,1.3268693593083918,16.960460970464133,0.0730278749944562,0.03955489111464134,p_nominal,Associacao estavel nos tras lags avaliados.,TRUE,ok,4.009219565191508,1.445381391754295,0.004945535682758849,FALSE,296.28708893741754,3.960478218267838e-6,sensibilidade_i60_i64,TRUE,robusto,"Associacao estatistica consistente apos FDR, estavel em lags e preservada sem o periodo pandemico."
medio_paraiba_internacoes_i60_i69_temp_med,Medio Paraiba,internacoes_i60_i69,temp_med,2.601818923642085e-7,Negative binomial likelihood-ratio test: modelo completo vs. modelo sem crossbasis | NW-HAC(lag=21): p=0.1721,0.0145304554090816,Menor p ponto-a-ponto da curva cumulativa usada para calcular a AUC,FALSE,,27.622020833333337,27.622020833333337,99,15.575381884882884,2.6174860515495486,0,1.358852831359736,18.1086289556962,3.6425464930989193e-6,0.04051256907702289,fdr_significativo,Associacao estavel nos tras lags avaliados.,TRUE,ok,5.493886161709809,1.7131584496641652,3.9454696404682546e-4,FALSE,327.43557912248053,2.193447445897334e-8,principal_i60_i69,TRUE,robusto,"Associacao estatistica consistente apos FDR, estavel em lags e preservada sem o periodo pandemico."
metropolitana_i_internacoes_i60_i64_ur_med,Metropolitana I,internacoes_i60_i64,ur_med,7.63730913099584e-6,Quasi-Poisson F test: modelo completo vs. modelo sem crossbasis + Wald global para coeficientes da crossbasis quando a comparacao reduzida nao foi estimavel | NW-HAC(lag=21): p=2.115e-08,2.043046080644613e-4,Menor p ponto-a-ponto da curva cumulativa usada para calcular a AUC,FALSE,,65.56147749648382,65.56147749648382,8.9,39.95588374985414,2.2422865276319413,0,1.196024515860996,92.29516666666665,8.748190459140689e-5,0.00286026451290245,fdr_significativo,Associacao estavel nos tras lags avaliados.,TRUE,ok,2.5114872964429225,1.2047876199985617,3.101451220889669e-4,FALSE,1149.7953058193489,7.406367430462525e-8,sensibilidade_i60_i64,TRUE,robusto,"Associacao estatistica consistente apos FDR, estavel em lags e preservada sem o periodo pandemico."
norte_obitos_i60_i69_temp_med,Norte,obitos_i60_i69,temp_med,0.1522662283083023,Quasi-Poisson F test: modelo completo vs. modelo sem crossbasis + Wald global para coeficientes da crossbasis quando a comparacao reduzida nao foi estimavel | NW-HAC(lag=21): p=0.03138,0.00232187897540319,Menor p ponto-a-ponto da curva cumulativa usada para calcular a AUC,FALSE,,23.855211497890295,23.855211497890295,51,12.23812505392004,2.2048056094756032,0,1.4047302126290038,20.17209423347398,0.42154955752718454,0.01565475707320935,p_nominal,Associacao estavel nos tras lags avaliados.,TRUE,ok,2.0859848660748406,1.3391565206255742,0.024004341390093335,FALSE,151.62552922763706,3.051094751084227e-4,principal_i60_i69,TRUE,robusto,"Associacao estatistica consistente apos FDR, estavel em lags e preservada sem o periodo pandemico."
medio_paraiba_obitos_i60_i69_temp_med,Medio Paraiba,obitos_i60_i69,temp_med,0.20103164377181812,Quasi-Poisson F test: modelo completo vs. modelo sem crossbasis + Wald global para coeficientes da crossbasis quando a comparacao reduzida nao foi estimavel | NW-HAC(lag=21): p=0.01622,0.00448989425013099,Menor p ponto-a-ponto da curva cumulativa usada para calcular a AUC,FALSE,,24.17751687763713,24.17751687763713,75.6,14.757728116052718,1.799832282719383,0,1.392623042250552,14.664125,0.4605452202772561,0.02693936550078596,p_nominal,Associacao estavel nos tras lags avaliados.,TRUE,ok,2.233837284334598,1.6059039580315146,0.00708865534888294,FALSE,228.4243083093729,6.243171690734074e-8,principal_i60_i69,TRUE,robusto,"Associacao estatistica consistente apos FDR, estavel em lags e preservada sem o periodo pandemico."
metropolitana_i_internacoes_i60_i64_temp_med,Metropolitana I,internacoes_i60_i64,temp_med,5.294000040702205e-12,Quasi-Poisson F test: modelo completo vs. modelo sem crossbasis + Wald global para coeficientes da crossbasis quando a comparacao reduzida nao foi estimavel | NW-HAC(lag=21): p=7.056e-15,4.9513295924067e-5,Menor p ponto-a-ponto da curva cumulativa usada para calcular a AUC,FALSE,,29.540993538647346,29.540993538647346,99,13.922412905459684,1.7434856546911324,0,1.3334199852520068,17.36206628787879,1.1117400085474629e-10,8.91239326633206e-4,fdr_significativo,Associacao estavel nos tras lags avaliados.,TRUE,ok,1.62292712106348,1.298951365048111,7.804139631977771e-4,FALSE,1536.2158181364537,3.035097639880746e-7,sensibilidade_i60_i64,TRUE,robusto,"Associacao estatistica consistente apos FDR, estavel em lags e preservada sem o periodo pandemico."
metropolitana_i_obitos_i60_i69_temp_med,Metropolitana I,obitos_i60_i69,temp_med,9.36597484018916e-12,Quasi-Poisson F test: modelo completo vs. modelo sem crossbasis + Wald global para coeficientes da crossbasis quando a comparacao reduzida nao foi estimavel | NW-HAC(lag=21): p=2.209e-12,4.7124517548014026e-8,Menor p ponto-a-ponto da curva cumulativa usada para calcular a AUC,FALSE,,25.07024809216268,25.07024809216268,67.6,13.526682884336578,1.347755633568026,0,1.2927537389698038,29.540993538647346,1.6858754712340487e-10,2.9688446055248832e-6,fdr_significativo,Associacao estavel nos tras lags avaliados.,TRUE,ok,1.1497853621024903,1.2596831102526445,2.750025622465987e-5,FALSE,2031.423761178152,5.644629334978779e-4,principal_i60_i69,TRUE,robusto,"Associacao estatistica consistente apos FDR, estavel em lags e preservada sem o periodo pandemico."
metropolitana_i_obitos_i60_i64_temp_med,Metropolitana I,obitos_i60_i64,temp_med,3.554376526298547e-7,Quasi-Poisson F test: modelo completo vs. modelo sem crossbasis + Wald global para coeficientes da crossbasis quando a comparacao reduzida nao foi estimavel | NW-HAC(lag=21): p=6.563e-09,2.3361360674994688e-5,Menor p ponto-a-ponto da curva cumulativa usada para calcular a AUC,FALSE,,24.916084456077005,24.916084456077005,65.6,13.346448896659693,1.1675216458911395,0,1.233322932501685,17.36206628787879,4.478514423136169e-6,5.887062890098661e-4,fdr_significativo,Associacao estavel nos tras lags avaliados.,TRUE,ok,1.1802376538309607,1.2513498991679215,2.192498374840744e-4,FALSE,1095.440562515248,1.02941212409835e-5,sensibilidade_i60_i64,TRUE,robusto,"Associacao estatistica consistente apos FDR, estavel em lags e preservada sem o periodo pandemico."
norte_obitos_i60_i64_ur_med,Norte,obitos_i60_i64,ur_med,0.11487567534820407,Quasi-Poisson F test: modelo completo vs. modelo sem crossbasis + Wald global para coeficientes da crossbasis quando a comparacao reduzida nao foi estimavel | NW-HAC(lag=21): p=0.04241,0.01760301995472309,Menor p ponto-a-ponto da curva cumulativa usada para calcular a AUC,FALSE,,92.2459722222222,92.2459722222222,99,51.25546723854829,22.255606127437193,0,2.1389999749284803,82.70171413502109,0.33661244404357477,0.04526490845500224,p_nominal,"Direcao da associaaao preservada, mas significancia varia conforme o lag.",FALSE,ok,29.667281049579753,2.722904607676126,0.004242477052606786,FALSE,127.99056321994317,4.69773942235463e-6,sensibilidade_i60_i64,TRUE,sugestivo,"Associacao estatistica sugestiva; atil para discussao, mas requer cautela por FDR, estabilidade ou sensibilidade."
baixada_litoranea_obitos_i60_i64_ur_med,Baixada Litoranea,obitos_i60_i64,ur_med,0.08478578757020669,Quasi-Poisson F test: modelo completo vs. modelo sem crossbasis + Wald global para coeficientes da crossbasis quando a comparacao reduzida nao foi estimavel | NW-HAC(lag=21): p=0.01164,0.00897029092334146,Menor p ponto-a-ponto da curva cumulativa usada para calcular a AUC,FALSE,,84.11621835443037,84.11621835443037,73.3,73.41036976657321,21.630994766573227,0,2.249144821400318,92.636875,0.2756045074606045,0.03955489111464134,p_nominal,"Direcao da associaaao preservada, mas significancia varia conforme o lag.",FALSE,ok,40.534033269660924,2.3179474222739342,0.0049312765397326475,FALSE,165.94784611902054,2.760547534577107e-4,sensibilidade_i60_i64,TRUE,sugestivo,"Associacao estatistica sugestiva; atil para discussao, mas requer cautela por FDR, estabilidade ou sensibilidade."
noroeste_internacoes_i60_i69_ur_med,Noroeste,internacoes_i60_i69,ur_med,0.02438637766246623,Quasi-Poisson F test: modelo completo vs. modelo sem crossbasis + Wald global para coeficientes da crossbasis quando a comparacao reduzida nao foi estimavel | NW-HAC(lag=21): p=0.01481,0.0245514686851242,Menor p ponto-a-ponto da curva cumulativa usada para calcular a AUC,FALSE,,55.11958333333334,55.11958333333334,1,58.44966701912885,18.777583685795523,0,1.802174663633364,94.79166666666669,0.09602136204596078,0.05571661617067924,p_nominal,"Direcao da associaaao preservada, mas significancia varia conforme o lag.",FALSE,ok,30.01596069938394,2.144660031020861,0.0011653126890771783,FALSE,338.357436639492,0.00202141237866215,principal_i60_i69,TRUE,sugestivo,"Associacao estatistica sugestiva; atil para discussao, mas requer cautela por FDR, estabilidade ou sensibilidade."
baia_da_ilha_grande_obitos_i60_i64_ur_med,Baia da Ilha Grande,obitos_i60_i64,ur_med,0.4476722751842402,Quasi-Poisson F test: modelo completo vs. modelo sem crossbasis + Wald global para coeficientes da crossbasis quando a comparacao reduzida nao foi estimavel | NW-HAC(lag=21): p=0.1647,0.03758048728077001,Menor p ponto-a-ponto da curva cumulativa usada para calcular a AUC,FALSE,,62.48496323529412,62.48496323529412,1,49.7126598208419,18.185748056136028,0,2.0373069059494773,72.4618340469099,0.667549839663883,0.07284832919041571,p_nominal,"Direcao da associaaao preservada, mas significancia varia conforme o lag.",FALSE,ok,38.135953486789376,2.91946420913862,0.02356504305873158,FALSE,37.5488940601873,2.9095033947657e-6,sensibilidade_i60_i64,TRUE,sugestivo,"Associacao estatistica sugestiva; atil para discussao, mas requer cautela por FDR, estabilidade ou sensibilidade."
baixada_litoranea_obitos_i60_i69_ur_med,Baixada Litoranea,obitos_i60_i69,ur_med,0.19749754033782485,Quasi-Poisson F test: modelo completo vs. modelo sem crossbasis + Wald global para coeficientes da crossbasis quando a comparacao reduzida nao foi estimavel | NW-HAC(lag=21): p=0.1167,0.01300649332192736,Menor p ponto-a-ponto da curva cumulativa usada para calcular a AUC,FALSE,,84.11621835443037,84.11621835443037,73.3,68.96489195657799,17.185516956578006,0,1.6900508724623626,92.636875,0.4605452202772561,0.04051256907702289,p_nominal,"Direcao da associaaao preservada, mas significancia varia conforme o lag.",FALSE,ok,36.84723451966654,1.8516154317238673,0.0016823152006214008,FALSE,202.5013955707845,6.196737076546999e-5,principal_i60_i69,TRUE,sugestivo,"Associacao estatistica sugestiva; atil para discussao, mas requer cautela por FDR, estabilidade ou sensibilidade."
medio_paraiba_internacoes_i60_i69_ur_med,Medio Paraiba,internacoes_i60_i69,ur_med,2.5509064971451775e-8,Negative binomial likelihood-ratio test: modelo completo vs. modelo sem crossbasis | NW-HAC(lag=21): p=0.03037,0.00167850001000238,Menor p ponto-a-ponto da curva cumulativa usada para calcular a AUC,FALSE,,53.714305555555555,53.714305555555555,1,54.208801341012304,16.78839856323454,0,1.6471735242567989,91.13470833333332,4.017677733003655e-7,0.0125076143129693,fdr_significativo,"Direcao da associaaao preservada, mas significancia varia conforme o lag.",FALSE,ok,21.996422855774195,1.7939625377415667,6.339785102575256e-4,FALSE,831.1594696615274,2.054986947275239e-8,principal_i60_i69,TRUE,sugestivo,"Associacao estatistica sugestiva; atil para discussao, mas requer cautela por FDR, estabilidade ou sensibilidade."
baia_da_ilha_grande_obitos_i60_i69_ur_med,Baia da Ilha Grande,obitos_i60_i69,ur_med,0.462097100500983,Quasi-Poisson F test: modelo completo vs. modelo sem crossbasis + Wald global para coeficientes da crossbasis quando a comparacao reduzida nao foi estimavel | NW-HAC(lag=21): p=0.3938,0.02476294052030188,Menor p ponto-a-ponto da curva cumulativa usada para calcular a AUC,FALSE,,62.48496323529412,62.48496323529412,1,45.387865258492894,13.86095349378702,0,1.7765575776247988,72.4618340469099,0.667549839663883,0.05571661617067924,p_nominal,"Direcao da associaaao preservada, mas significancia varia conforme o lag.",FALSE,ok,29.5955960850191,2.4082112515568697,0.014669972836068457,FALSE,41.107073949387456,5.025659858539644e-4,principal_i60_i69,TRUE,sugestivo,"Associacao estatistica sugestiva; atil para discussao, mas requer cautela por FDR, estabilidade ou sensibilidade."
metropolitana_ii_obitos_i60_i64_ur_med,Metropolitana II,obitos_i60_i64,ur_med,0.8557397282975181,Quasi-Poisson F test: modelo completo vs. modelo sem crossbasis + Wald global para coeficientes da crossbasis quando a comparacao reduzida nao foi estimavel | NW-HAC(lag=21): p=0.8252,0.0393177258574497,Menor p ponto-a-ponto da curva cumulativa usada para calcular a AUC,FALSE,,97.54166666666669,97.54166666666669,99,52.395305622440574,13.475861177996125,0,1.4314730776929057,58.62222222222222,0.9060773593738428,0.07506111300058581,p_nominal,Associacao estavel nos tras lags avaliados.,TRUE,ok,14.897510400523576,1.5074419143364828,0.02088000933499816,FALSE,184.01386139043626,9.746941997956782e-6,sensibilidade_i60_i64,TRUE,sugestivo,"Associacao estatistica sugestiva; atil para discussao, mas requer cautela por FDR, estabilidade ou sensibilidade."
metropolitana_i_internacoes_i60_i69_ur_med,Metropolitana I,internacoes_i60_i69,ur_med,0.0075663680542718,Quasi-Poisson F test: modelo completo vs. modelo sem crossbasis + Wald global para coeficientes da crossbasis quando a comparacao reduzida nao foi estimavel | NW-HAC(lag=21): p=0.1315,0.03396420690050798,Menor p ponto-a-ponto da curva cumulativa usada para calcular a AUC,FALSE,Binomial negativa rejeitada por instabilidade numerica; mantido Quasi-Poisson.,92.29516666666665,92.29516666666665,99,49.86587234004904,12.152275117826845,0,1.5901265997158498,77.49616016174402,0.04333465340173854,0.070155574909246,fdr_significativo,"Direcao da associaaao preservada, mas significancia varia conforme o lag.",FALSE,ok,17.93199201931125,1.8851614063253228,0.020618189798136934,FALSE,1544.4800529880865,0.9453612432876692,principal_i60_i69,TRUE,sugestivo,"Associacao estatistica sugestiva; atil para discussao, mas requer cautela por FDR, estabilidade ou sensibilidade."
baixada_litoranea_internacoes_i60_i64_ur_med,Baixada Litoranea,internacoes_i60_i64,ur_med,0.6522832634829115,Quasi-Poisson F test: modelo completo vs. modelo sem crossbasis + Wald global para coeficientes da crossbasis quando a comparacao reduzida nao foi estimavel | NW-HAC(lag=21): p=0.5736,0.02861001342483459,Menor p ponto-a-ponto da curva cumulativa usada para calcular a AUC,FALSE,,84.11621835443037,84.11621835443037,73.3,62.099181563502505,10.319806563502516,0,1.350328310579572,92.636875,0.8398831091638371,0.063243187570687,p_nominal,"Direcao da associaaao preservada, mas significancia varia conforme o lag.",FALSE,ok,13.752379014245047,1.358751341055938,0.0452650915278166,FALSE,175.89188600769313,1.7114265233375558e-4,sensibilidade_i60_i64,TRUE,sugestivo,"Associacao estatistica sugestiva; atil para discussao, mas requer cautela por FDR, estabilidade ou sensibilidade."
baixada_litoranea_internacoes_i60_i69_ur_med,Baixada Litoranea,internacoes_i60_i69,ur_med,0.6532424182385399,Quasi-Poisson F test: modelo completo vs. modelo sem crossbasis + Wald global para coeficientes da crossbasis quando a comparacao reduzida nao foi estimavel | NW-HAC(lag=21): p=0.5308,0.03463610095503353,Menor p ponto-a-ponto da curva cumulativa usada para calcular a AUC,FALSE,,84.11621835443037,84.11621835443037,73.3,61.37935636329875,9.59998136329876,0,1.278749941700893,53.96620253164557,0.8398831091638371,0.07038949548926168,p_nominal,"Direcao da associaaao preservada, mas significancia varia conforme o lag.",FALSE,ok,13.149281640281941,1.2846616322724498,0.046688033743606784,FALSE,165.69206077627683,7.614312436399207e-5,principal_i60_i69,TRUE,sugestivo,"Associacao estatistica sugestiva; atil para discussao, mas requer cautela por FDR, estabilidade ou sensibilidade."
norte_obitos_i60_i64_temp_med,Norte,obitos_i60_i64,temp_med,0.283860663872057,Quasi-Poisson F test: modelo completo vs. modelo sem crossbasis + Wald global para coeficientes da crossbasis quando a comparacao reduzida nao foi estimavel | NW-HAC(lag=21): p=0.2107,0.00917520112182405,Menor p ponto-a-ponto da curva cumulativa usada para calcular a AUC,FALSE,,28.554361111111103,28.554361111111103,99,17.330838700900173,7.297519256455737,0,2.1157899682170975,20.17209423347398,0.5405316373691473,0.03955489111464134,p_nominal,"Direcao da associaaao preservada, mas significancia varia conforme o lag.",FALSE,ok,7.937549736902393,2.1595834274236108,0.015706858299478155,FALSE,158.89635438022248,1.2346331872747918e-5,sensibilidade_i60_i64,TRUE,sugestivo,"Associacao estatistica sugestiva; atil para discussao, mas requer cautela por FDR, estabilidade ou sensibilidade."
baia_da_ilha_grande_internacoes_i60_i64_ur_med,Baia da Ilha Grande,internacoes_i60_i64,ur_med,0.16181127894037778,Quasi-Poisson F test: modelo completo vs. modelo sem crossbasis + Wald global para coeficientes da crossbasis quando a comparacao reduzida nao foi estimavel | NW-HAC(lag=21): p=0.03852,0.01629502604983796,Menor p ponto-a-ponto da curva cumulativa usada para calcular a AUC,FALSE,,72.86090887937453,72.86090887937453,10,37.55664772426949,6.029735959563616,0,2.002140459884284,94.011875,0.4309010240262795,0.04277444338082464,p_nominal,"Direcao da associaaao preservada, mas significancia varia conforme o lag.",FALSE,ok,6.522705600151182,1.932713422727791,0.0286539765247526,FALSE,157.15922425771038,9.953481570179612e-6,sensibilidade_i60_i64,TRUE,sugestivo,"Associacao estatistica sugestiva; atil para discussao, mas requer cautela por FDR, estabilidade ou sensibilidade."
medio_paraiba_obitos_i60_i69_ur_med,Medio Paraiba,obitos_i60_i69,ur_med,0.02246449621141644,Quasi-Poisson F test: modelo completo vs. modelo sem crossbasis + Wald global para coeficientes da crossbasis quando a comparacao reduzida nao foi estimavel | NW-HAC(lag=21): p=3.548e-05,0.00236063797135696,Menor p ponto-a-ponto da curva cumulativa usada para calcular a AUC,FALSE,,82.13486462728551,82.13486462728551,78.8,43.392011549834095,5.971608772056327,0,1.570803821407411,53.714305555555555,0.0913073071818862,0.01565475707320935,p_nominal,"Direcao da associaaao preservada, mas significancia varia conforme o lag.",FALSE,ok,6.8430339493288095,1.5751181622351442,0.00646160210403255,FALSE,232.51569008514272,3.263857895063893e-7,principal_i60_i69,TRUE,sugestivo,"Associacao estatistica sugestiva; atil para discussao, mas requer cautela por FDR, estabilidade ou sensibilidade."
baia_da_ilha_grande_internacoes_i60_i69_ur_med,Baia da Ilha Grande,internacoes_i60_i69,ur_med,0.0975866374817792,Quasi-Poisson F test: modelo completo vs. modelo sem crossbasis + Wald global para coeficientes da crossbasis quando a comparacao reduzida nao foi estimavel | NW-HAC(lag=21): p=0.01774,0.02422148703229653,Menor p ponto-a-ponto da curva cumulativa usada para calcular a AUC,FALSE,,72.86090887937453,72.86090887937453,10,37.0288138709505,5.501902106244629,0,1.8954958824547197,94.011875,0.3073979080676045,0.05571661617067924,p_nominal,"Direcao da associaaao preservada, mas significancia varia conforme o lag.",FALSE,ok,6.364327872491369,1.8514568670788782,0.039318852384248655,FALSE,155.51433710660055,1.253009030310892e-6,principal_i60_i69,TRUE,sugestivo,"Associacao estatistica sugestiva; atil para discussao, mas requer cautela por FDR, estabilidade ou sensibilidade."
serrana_obitos_i60_i64_temp_med,Serrana,obitos_i60_i64,temp_med,0.7570237151312342,Quasi-Poisson F test: modelo completo vs. modelo sem crossbasis + Wald global para coeficientes da crossbasis quando a comparacao reduzida nao foi estimavel | NW-HAC(lag=21): p=0.4723,0.014341727019262,Menor p ponto-a-ponto da curva cumulativa usada para calcular a AUC,FALSE,,23.89605833333333,23.89605833333333,99,19.112730528706237,5.395672195372907,0,1.9792155651277248,10.178999999999998,0.8593242171759956,0.04051256907702289,p_nominal,"Direcao da associaaao preservada, mas significancia varia conforme o lag.",FALSE,ok,5.605777685424052,1.8962170033105388,0.043757740165715694,FALSE,169.97302248624106,0.00426233122284092,sensibilidade_i60_i64,TRUE,sugestivo,"Associacao estatistica sugestiva; atil para discussao, mas requer cautela por FDR, estabilidade ou sensibilidade."
noroeste_obitos_i60_i64_temp_med,Noroeste,obitos_i60_i64,temp_med,0.3504499371994273,Quasi-Poisson F test: modelo completo vs. modelo sem crossbasis + Wald global para coeficientes da crossbasis quando a comparacao reduzida nao foi estimavel | NW-HAC(lag=21): p=0.2288,0.03163054120249022,Menor p ponto-a-ponto da curva cumulativa usada para calcular a AUC,FALSE,,23.870555907172992,23.870555907172992,50.2,18.91492525858842,5.3435919252550885,0,1.6124209448062632,28.68064873417721,0.5967120552314573,0.06754996934769099,p_nominal,Associacao estavel nos tras lags avaliados.,TRUE,ok,3.868263553297603,1.468756428930597,0.12315388497655944,FALSE,82.53558583227543,0.00330797681124939,sensibilidade_i60_i64,TRUE,sugestivo,"Associacao estatistica sugestiva; atil para discussao, mas requer cautela por FDR, estabilidade ou sensibilidade."
centro_sul_internacoes_i60_i69_temp_med,Centro-Sul,internacoes_i60_i69,temp_med,0.7795099960124434,Quasi-Poisson F test: modelo completo vs. modelo sem crossbasis + Wald global para coeficientes da crossbasis quando a comparacao reduzida nao foi estimavel | NW-HAC(lag=21): p=0.6351,0.04035717760101565,Menor p ponto-a-ponto da curva cumulativa usada para calcular a AUC,FALSE,,23.870972046413492,23.870972046413492,75.9,24.576192551755938,4.248859218422609,0,1.339079667948528,14.350575421940924,0.8769487455139988,0.07589558772728318,p_nominal,"Direcao da associaaao preservada, mas significancia varia conforme o lag.",FALSE,ok,5.625090197063952,1.494205140275231,0.023483904260377945,FALSE,233.94378694360478,1.61286836454555e-4,principal_i60_i69,TRUE,sugestivo,"Associacao estatistica sugestiva; atil para discussao, mas requer cautela por FDR, estabilidade ou sensibilidade."
serrana_internacoes_i60_i64_ur_med,Serrana,internacoes_i60_i64,ur_med,0.2054772381905352,Quasi-Poisson F test: modelo completo vs. modelo sem crossbasis + Wald global para coeficientes da crossbasis quando a comparacao reduzida nao foi estimavel | NW-HAC(lag=21): p=0.03992,0.01252130524120931,Menor p ponto-a-ponto da curva cumulativa usada para calcular a AUC,FALSE,,75.37275316455695,75.37275316455695,17.6,40.625981715308605,2.966467826419724,0,1.2057398033594524,93.96415875527424,0.46232378592870416,0.04051256907702289,p_nominal,"Direcao da associaaao preservada, mas significancia varia conforme o lag.",FALSE,ok,2.395337540025929,1.1866426038663471,0.062205400553512036,FALSE,207.4501368782941,5.335146324725316e-8,sensibilidade_i60_i64,TRUE,sugestivo,"Associacao estatistica sugestiva; atil para discussao, mas requer cautela por FDR, estabilidade ou sensibilidade."
baixada_litoranea_obitos_i60_i69_temp_med,Baixada Litoranea,obitos_i60_i69,temp_med,0.46332566087443405,Quasi-Poisson F test: modelo completo vs. modelo sem crossbasis + Wald global para coeficientes da crossbasis quando a comparacao reduzida nao foi estimavel | NW-HAC(lag=21): p=0.3025,0.00726382805335663,Menor p ponto-a-ponto da curva cumulativa usada para calcular a AUC,FALSE,,23.516865382228836,23.516865382228836,54.8,11.91870843642127,1.7690540246565685,0,1.5253678017504075,17.735416666666666,0.667549839663883,0.03483166026595091,p_nominal,"Direcao da associaaao preservada, mas significancia varia conforme o lag.",FALSE,ok,2.2054863805028475,1.6141065138364767,0.005574043364519279,FALSE,132.65729362550053,3.563477199841625e-5,principal_i60_i69,TRUE,sugestivo,"Associacao estatistica sugestiva; atil para discussao, mas requer cautela por FDR, estabilidade ou sensibilidade."
serrana_obitos_i60_i69_temp_med,Serrana,obitos_i60_i69,temp_med,0.4662252848446166,Quasi-Poisson F test: modelo completo vs. modelo sem crossbasis + Wald global para coeficientes da crossbasis quando a comparacao reduzida nao foi estimavel | NW-HAC(lag=21): p=0.3786,0.04561951700935932,Menor p ponto-a-ponto da curva cumulativa usada para calcular a AUC,FALSE,,23.37515738396624,23.37515738396624,98.2,15.474483192392272,1.757424859058941,0,1.4850081020161316,10.178999999999998,0.667549839663883,0.08211513061684679,p_nominal,"Direcao da associaaao preservada, mas significancia varia conforme o lag.",FALSE,ok,1.8126673652038146,1.4952424299134925,0.11127197514380013,FALSE,145.55670214528706,3.035861702523901e-4,principal_i60_i69,TRUE,sugestivo,"Associacao estatistica sugestiva; atil para discussao, mas requer cautela por FDR, estabilidade ou sensibilidade."
metropolitana_i_internacoes_i60_i69_temp_med,Metropolitana I,internacoes_i60_i69,temp_med,1.927932055485767e-4,Quasi-Poisson F test: modelo completo vs. modelo sem crossbasis + Wald global para coeficientes da crossbasis quando a comparacao reduzida nao foi estimavel | NW-HAC(lag=21): p=0.02832,0.03722033578853079,Menor p ponto-a-ponto da curva cumulativa usada para calcular a AUC,FALSE,Binomial negativa rejeitada por instabilidade numerica; mantido Quasi-Poisson.,24.145266275648616,24.145266275648616,57.7,13.75399348309542,1.5750662323268665,0,1.402357525039987,29.540993538647346,0.00186861106916312,0.07284832919041571,fdr_significativo,Associacao estavel nos tras lags avaliados.,TRUE,ok,1.7076567843310628,1.4380564088286591,0.03819290489725975,FALSE,4463.845786836949,0.9803582664800016,principal_i60_i69,TRUE,sugestivo,"Associacao estatistica sugestiva; atil para discussao, mas requer cautela por FDR, estabilidade ou sensibilidade."
baixada_litoranea_internacoes_i60_i64_temp_med,Baixada Litoranea,internacoes_i60_i64,temp_med,0.472504351183582,Quasi-Poisson F test: modelo completo vs. modelo sem crossbasis + Wald global para coeficientes da crossbasis quando a comparacao reduzida nao foi estimavel | NW-HAC(lag=21): p=0.2577,0.0214917563586386,Menor p ponto-a-ponto da curva cumulativa usada para calcular a AUC,FALSE,,25.18706167783569,25.18706167783569,75.5,11.489667888072097,1.3400134763073943,0,1.4100486883626586,17.735416666666666,0.6689387443722621,0.05207617886900891,p_nominal,"Direcao da associaaao preservada, mas significancia varia conforme o lag.",FALSE,ok,1.1938354651225018,1.487777113959004,0.01691389524118694,FALSE,195.65007113544584,1.0816114940415122e-4,sensibilidade_i60_i64,TRUE,sugestivo,"Associacao estatistica sugestiva; atil para discussao, mas requer cautela por FDR, estabilidade ou sensibilidade."
baixada_litoranea_internacoes_i60_i69_temp_med,Baixada Litoranea,internacoes_i60_i69,temp_med,0.4359036064858249,Quasi-Poisson F test: modelo completo vs. modelo sem crossbasis + Wald global para coeficientes da crossbasis quando a comparacao reduzida nao foi estimavel | NW-HAC(lag=21): p=0.2071,0.01929708610661202,Menor p ponto-a-ponto da curva cumulativa usada para calcular a AUC,FALSE,,25.31553831595929,25.31553831595929,77.3,11.4651244665175,1.3154700547528009,0,1.4078295653457151,17.735416666666666,0.667549839663883,0.04797006859050869,p_nominal,"Direcao da associaaao preservada, mas significancia varia conforme o lag.",FALSE,ok,1.0750028589256142,1.4529545573157172,0.020212486634471647,FALSE,221.18850874747054,3.14657696282028e-5,principal_i60_i69,TRUE,sugestivo,"Associacao estatistica sugestiva; atil para discussao, mas requer cautela por FDR, estabilidade ou sensibilidade."
baia_da_ilha_grande_obitos_i63_ur_med,Baia da Ilha Grande,obitos_i63,ur_med,0.99999999967829,Quasi-Poisson F test: modelo completo vs. modelo sem crossbasis + Wald global para coeficientes da crossbasis quando a comparacao reduzida nao foi estimavel | NW-HAC(lag=21): p=0.9999,0.9889230551905464,Menor p ponto-a-ponto da curva cumulativa usada para calcular a AUC,TRUE,glm.fit: algoritmo não convergiu,80.44333069620252,80.44333069620252,43.7,31733532010398344e289,31733532010398344e289,0,Inf,62.48496323529412,1,0.9968344396320707,cautela_convergencia,,,,,,,,2,0.999192293181822,sensibilidade_i60_i64,,interpretar_com_cautela_convergencia,Modelo com alerta de convergencia; nao priorizar como evidancia central.
baia_da_ilha_grande_obitos_i63_temp_med,Baia da Ilha Grande,obitos_i63,temp_med,0,Quasi-Poisson F test: modelo completo vs. modelo sem crossbasis + Wald global para coeficientes da crossbasis quando a comparacao reduzida nao foi estimavel | NW-HAC(lag=21): p=0,0,Menor p ponto-a-ponto da curva cumulativa usada para calcular a AUC,TRUE,glm.fit: algoritmo não convergiu,23.351148470464132,23.351148470464132,55.6,3.8050928484140904e+288,3.8050928484140904e+288,0,4713142397913213e274,16.731,0,0,cautela_convergencia,,,,,,,,3,0,sensibilidade_i60_i64,,interpretar_com_cautela_convergencia,Modelo com alerta de convergencia; nao priorizar como evidancia central.
noroeste_obitos_i63_ur_med,Noroeste,obitos_i63,ur_med,2.4955541608373517e-182,Quasi-Poisson F test: modelo completo vs. modelo sem crossbasis + Wald global para coeficientes da crossbasis quando a comparacao reduzida nao foi estimavel | NW-HAC(lag=21): p=1,0.45945327641360695,Menor p ponto-a-ponto da curva cumulativa usada para calcular a AUC,TRUE,glm.fit: algoritmo não convergiu | fitting to calculate the null deviance did not converge -- increase 'maxit'? | Binomial negativa rejeitada por instabilidade numerica; mantido Quasi-Poisson. | tamanho do passo truncado devido a divergência,84.74810126582278,84.74810126582278,87.8,1920019474497124,1920019474497084.5,0,5904170380311171,55.11958333333334,1.5721991213275317e-180,0.4784389489926816,cautela_convergencia,,,,,,,,1.9993400915331094,0,sensibilidade_i60_i64,,interpretar_com_cautela_convergencia,Modelo com alerta de convergencia; nao priorizar como evidancia central.
baixada_litoranea_obitos_i63_temp_med,Baixada Litoranea,obitos_i63,temp_med,1,Quasi-Poisson F test: modelo completo vs. modelo sem crossbasis + Wald global para coeficientes da crossbasis quando a comparacao reduzida nao foi estimavel | NW-HAC(lag=21): p=1,1,Menor p ponto-a-ponto da curva cumulativa usada para calcular a AUC,TRUE,glm.fit: algoritmo não convergiu | fitting to calculate the null deviance did not converge -- increase 'maxit'? | Binomial negativa rejeitada por instabilidade numerica; mantido Quasi-Poisson.,21.07580925788037,21.07580925788037,18,2692639.777781083,2692629.628126671,0,12227719.28785444,27.885071078431366,1,1,cautela_convergencia,,,,,,,,2.9030112269649093,0,sensibilidade_i60_i64,,interpretar_com_cautela_convergencia,Modelo com alerta de convergencia; nao priorizar como evidancia central.
serrana_obitos_i63_ur_med,Serrana,obitos_i63,ur_med,0.00182751739167835,Quasi-Poisson F test: modelo completo vs. modelo sem crossbasis + Wald global para coeficientes da crossbasis quando a comparacao reduzida nao foi estimavel | NW-HAC(lag=21): p=0.1654,0.00425454682047394,Menor p ponto-a-ponto da curva cumulativa usada para calcular a AUC,TRUE,glm.fit: algoritmo não convergiu | tamanho do passo truncado devido a divergência,83.47669919127988,83.47669919127988,51.4,2157.8106825390905,2120.1511686502017,0,2025.7437623877745,96.824375,0.01439169945946703,0.02680364496898587,cautela_convergencia,,,,,,,,2.991771002694942,1.3641126062058362e-7,sensibilidade_i60_i64,,interpretar_com_cautela_convergencia,Modelo com alerta de convergencia; nao priorizar como evidancia central.
noroeste_internacoes_i63_ur_med,Noroeste,internacoes_i63,ur_med,1.6103453803970158e-4,Quasi-Poisson F test: modelo completo vs. modelo sem crossbasis + Wald global para coeficientes da crossbasis quando a comparacao reduzida nao foi estimavel | NW-HAC(lag=21): p=0.02809,3.0383520961251345e-5,Menor p ponto-a-ponto da curva cumulativa usada para calcular a AUC,TRUE,glm.fit: algoritmo não convergiu,81.73503164556962,81.73503164556962,78.6,1755.2494587670176,1715.5773754336842,0,1276.3266910509376,94.79166666666669,0.00169086264941686,6.380539401862782e-4,cautela_convergencia,,,,,,,,13.038978213607914,9.096853233349078e-4,sensibilidade_i60_i64,,interpretar_com_cautela_convergencia,Modelo com alerta de convergencia; nao priorizar como evidancia central.
metropolitana_ii_obitos_i63_ur_med,Metropolitana II,obitos_i63,ur_med,0.3881067340503355,Quasi-Poisson F test: modelo completo vs. modelo sem crossbasis + Wald global para coeficientes da crossbasis quando a comparacao reduzida nao foi estimavel | NW-HAC(lag=21): p=0.1906,0.01479030299637343,Menor p ponto-a-ponto da curva cumulativa usada para calcular a AUC,TRUE,glm.fit: algoritmo não convergiu,97.54166666666669,97.54166666666669,99,147.7172925531698,108.79784810872536,0,16.48469935814341,58.62222222222222,0.64344011171503,0.04051256907702289,cautela_convergencia,,,,,,,,20.976688769276077,1.1397384033995372e-5,sensibilidade_i60_i64,,interpretar_com_cautela_convergencia,Modelo com alerta de convergencia; nao priorizar como evidancia central.
noroeste_internacoes_i63_temp_med,Noroeste,internacoes_i63,temp_med,0.08530615707113949,Quasi-Poisson F test: modelo completo vs. modelo sem crossbasis + Wald global para coeficientes da crossbasis quando a comparacao reduzida nao foi estimavel | NW-HAC(lag=21): p=0.3101,0.01423593753855762,Menor p ponto-a-ponto da curva cumulativa usada para calcular a AUC,TRUE,glm.fit: algoritmo não convergiu,30.226749999999996,30.226749999999996,99,72.40077423472324,58.82944090138992,0,9.51258605340368,26.790969409282695,0.2756045074606045,0.04051256907702289,cautela_convergencia,,,,,,,,14.61854433871099,5.500413637951063e-4,sensibilidade_i60_i64,,interpretar_com_cautela_convergencia,Modelo com alerta de convergencia; nao priorizar como evidancia central.
centro_sul_obitos_i60_i62_ur_med,Centro-Sul,obitos_i60_i62,ur_med,0.8037225088693003,Quasi-Poisson F test: modelo completo vs. modelo sem crossbasis + Wald global para coeficientes da crossbasis quando a comparacao reduzida nao foi estimavel | NW-HAC(lag=21): p=0.7058,0.1278422795036856,Menor p ponto-a-ponto da curva cumulativa usada para calcular a AUC,TRUE,glm.fit: algoritmo não convergiu,51.445151515151515,51.445151515151515,1,80.47957476090835,32.34918279779901,0,2.1592089589869037,88.60912505628659,0.8838175492754083,0.17701238700510313,cautela_convergencia,,,,,,,,21.063999975655314,6.612827377772135e-5,sensibilidade_i60_i64,,interpretar_com_cautela_convergencia,Modelo com alerta de convergencia; nao priorizar como evidancia central.
baia_da_ilha_grande_obitos_i60_i62_ur_med,Baia da Ilha Grande,obitos_i60_i62,ur_med,0.7226816117043011,Quasi-Poisson F test: modelo completo vs. modelo sem crossbasis + Wald global para coeficientes da crossbasis quando a comparacao reduzida nao foi estimavel | NW-HAC(lag=21): p=0.492,0.21112560556237017,Menor p ponto-a-ponto da curva cumulativa usada para calcular a AUC,TRUE,glm.fit: algoritmo não convergiu,62.48496323529412,62.48496323529412,1,61.35349112712176,29.826579362415885,0,4.039977222354718,94.011875,0.8486508235574685,0.2486151990734452,cautela_convergencia,,,,,,,,21.552222758904815,8.993359414555258e-5,sensibilidade_i60_i64,,interpretar_com_cautela_convergencia,Modelo com alerta de convergencia; nao priorizar como evidancia central.
norte_obitos_i60_i62_ur_med,Norte,obitos_i60_i62,ur_med,0.08468840695060854,Quasi-Poisson F test: modelo completo vs. modelo sem crossbasis + Wald global para coeficientes da crossbasis quando a comparacao reduzida nao foi estimavel | NW-HAC(lag=21): p=0.07676,0.04296085266631095,Menor p ponto-a-ponto da curva cumulativa usada para calcular a AUC,TRUE,glm.fit: algoritmo não convergiu,92.2459722222222,92.2459722222222,99,57.988941804404185,28.989080693293086,0,2.634028568265956,83.06880098452882,0.2756045074606045,0.07960393288169383,cautela_convergencia,,,,,,,,67.40754306666759,1.75628452683263e-5,sensibilidade_i60_i64,,interpretar_com_cautela_convergencia,Modelo com alerta de convergencia; nao priorizar como evidancia central.
metropolitana_i_obitos_i63_ur_med,Metropolitana I,obitos_i63,ur_med,0.8377935975257917,Quasi-Poisson F test: modelo completo vs. modelo sem crossbasis + Wald global para coeficientes da crossbasis quando a comparacao reduzida nao foi estimavel | NW-HAC(lag=21): p=0.7664,0.10026543053792655,Menor p ponto-a-ponto da curva cumulativa usada para calcular a AUC,TRUE,glm.fit: algoritmo não convergiu | fitting to calculate the null deviance did not converge -- increase 'maxit'?,83.7021951476793,83.7021951476793,81.3,59.99537484237283,22.281777620150635,0,3.670808248289215,92.29516666666665,0.8977465649293698,0.1469005145090552,cautela_convergencia,,,,,,,,19.659113903243835,0.00251170826755797,sensibilidade_i60_i64,,interpretar_com_cautela_convergencia,Modelo com alerta de convergencia; nao priorizar como evidancia central.
baia_da_ilha_grande_internacoes_i63_ur_med,Baia da Ilha Grande,internacoes_i63,ur_med,0.5267653953645347,Quasi-Poisson F test: modelo completo vs. modelo sem crossbasis + Wald global para coeficientes da crossbasis quando a comparacao reduzida nao foi estimavel | NW-HAC(lag=21): p=0.3523,0.1604810389509229,Menor p ponto-a-ponto da curva cumulativa usada para calcular a AUC,TRUE,glm.fit: algoritmo não convergiu,79.24610619880863,79.24610619880863,35.4,46.97799993104986,15.45108816634399,0,2.7186301658961476,94.011875,0.7292953757762898,0.20845990626614727,cautela_convergencia,,,,,,,,14.26873801749649,2.0087642205512957e-5,sensibilidade_i60_i64,,interpretar_com_cautela_convergencia,Modelo com alerta de convergencia; nao priorizar como evidancia central.
baia_da_ilha_grande_internacoes_i63_temp_med,Baia da Ilha Grande,internacoes_i63,temp_med,0.4381915352317127,Quasi-Poisson F test: modelo completo vs. modelo sem crossbasis + Wald global para coeficientes da crossbasis quando a comparacao reduzida nao foi estimavel | NW-HAC(lag=21): p=0.1656,0.0154284688890445,Menor p ponto-a-ponto da curva cumulativa usada para calcular a AUC,TRUE,glm.fit: algoritmo não convergiu,28.03369251054852,28.03369251054852,95.7,27.075730686635,14.319834853301677,0,4.208910870909348,22.705280327004218,0.667549839663883,0.04136142723445975,cautela_convergencia,,,,,,,,7.793689189705711,2.0106539869613194e-5,sensibilidade_i60_i64,,interpretar_com_cautela_convergencia,Modelo com alerta de convergencia; nao priorizar como evidancia central.
norte_obitos_i60_i62_temp_med,Norte,obitos_i60_i62,temp_med,0.6048027196035427,Quasi-Poisson F test: modelo completo vs. modelo sem crossbasis + Wald global para coeficientes da crossbasis quando a comparacao reduzida nao foi estimavel | NW-HAC(lag=21): p=0.7043,0.01941645633425351,Menor p ponto-a-ponto da curva cumulativa usada para calcular a AUC,TRUE,glm.fit: algoritmo não convergiu,28.554361111111103,28.554361111111103,99,21.82277309810416,11.789453653659724,0,2.6955138025930196,20.55310636427567,0.8021593965268039,0.04797006859050869,cautela_convergencia,,,,,,,,70.3375623561682,1.13412182251027e-5,sensibilidade_i60_i64,,interpretar_com_cautela_convergencia,Modelo com alerta de convergencia; nao priorizar como evidancia central.
metropolitana_ii_obitos_i60_i62_ur_med,Metropolitana II,obitos_i60_i62,ur_med,0.9609267189398516,Quasi-Poisson F test: modelo completo vs. modelo sem crossbasis + Wald global para coeficientes da crossbasis quando a comparacao reduzida nao foi estimavel | NW-HAC(lag=21): p=0.9577,0.18823100106213203,Menor p ponto-a-ponto da curva cumulativa usada para calcular a AUC,TRUE,glm.fit: algoritmo não convergiu,58.62222222222222,58.62222222222222,1,50.657413168156005,11.737968723711552,0,1.4464742602002758,86.21068917018285,0.9764255369872684,0.2296510092265907,cautela_convergencia,,,,,,,,60.39209381847531,0.00314587310121583,sensibilidade_i60_i64,,interpretar_com_cautela_convergencia,Modelo com alerta de convergencia; nao priorizar como evidancia central.
metropolitana_ii_obitos_i63_temp_med,Metropolitana II,obitos_i63,temp_med,0.8225553866443966,Quasi-Poisson F test: modelo completo vs. modelo sem crossbasis + Wald global para coeficientes da crossbasis quando a comparacao reduzida nao foi estimavel | NW-HAC(lag=21): p=0.867,0.09220234717431956,Menor p ponto-a-ponto da curva cumulativa usada para calcular a AUC,TRUE,glm.fit: algoritmo não convergiu,20.66776424050632,20.66776424050632,38.1,28.99500950767419,11.255176174340866,0,2.7951185460512287,29.649958333333323,0.8934653337689137,0.13830352076147934,cautela_convergencia,,,,,,,,29.630268678105743,3.208452358349767e-6,sensibilidade_i60_i64,,interpretar_com_cautela_convergencia,Modelo com alerta de convergencia; nao priorizar como evidancia central.
metropolitana_ii_obitos_i60_i62_temp_med,Metropolitana II,obitos_i60_i62,temp_med,0.2629107322124141,Quasi-Poisson F test: modelo completo vs. modelo sem crossbasis + Wald global para coeficientes da crossbasis quando a comparacao reduzida nao foi estimavel | NW-HAC(lag=21): p=0.1379,0.0450988084414607,Menor p ponto-a-ponto da curva cumulativa usada para calcular a AUC,TRUE,glm.fit: algoritmo não convergiu,29.649958333333323,29.649958333333323,99,28.85247446676657,11.112641133433248,0,1.916737521543326,11.910125,0.5176055040431903,0.08211513061684679,cautela_convergencia,,,,,,,,126.40042756802997,0.00193254007937448,sensibilidade_i60_i64,,interpretar_com_cautela_convergencia,Modelo com alerta de convergencia; nao priorizar como evidancia central.
metropolitana_i_obitos_i63_temp_med,Metropolitana I,obitos_i63,temp_med,0.7448932820812819,Quasi-Poisson F test: modelo completo vs. modelo sem crossbasis + Wald global para coeficientes da crossbasis quando a comparacao reduzida nao foi estimavel | NW-HAC(lag=21): p=0.4449,0.2107597638706168,Menor p ponto-a-ponto da curva cumulativa usada para calcular a AUC,TRUE,glm.fit: algoritmo não convergiu | fitting to calculate the null deviance did not converge -- increase 'maxit'? | Binomial negativa rejeitada por instabilidade numerica; mantido Quasi-Poisson.,17.36206628787879,17.36206628787879,1,23.04641223492759,10.867484984159042,0,2.4943321755885797,26.611884453019464,0.8532413958385593,0.2486151990734452,cautela_convergencia,,,,,,,,17.574447217972544,0.9999999853406004,sensibilidade_i60_i64,,interpretar_com_cautela_convergencia,Modelo com alerta de convergencia; nao priorizar como evidancia central.
baia_da_ilha_grande_obitos_i60_i62_temp_med,Baia da Ilha Grande,obitos_i60_i62,temp_med,0.4422641156752616,Quasi-Poisson F test: modelo completo vs. modelo sem crossbasis + Wald global para coeficientes da crossbasis quando a comparacao reduzida nao foi estimavel | NW-HAC(lag=21): p=0.435,0.32434288329695155,Menor p ponto-a-ponto da curva cumulativa usada para calcular a AUC,TRUE,glm.fit: algoritmo não convergiu,16.731,16.731,1,22.976933983458515,10.221038150125189,0,2.1812665955829713,26.096088080168773,0.667549839663883,0.3584842394334728,cautela_convergencia,,,,,,,,12.453898716852368,1.6235798216124309e-4,sensibilidade_i60_i64,,interpretar_com_cautela_convergencia,Modelo com alerta de convergencia; nao priorizar como evidancia central.
noroeste_obitos_i60_i62_ur_med,Noroeste,obitos_i60_i62,ur_med,0.7247824823287822,Quasi-Poisson F test: modelo completo vs. modelo sem crossbasis + Wald global para coeficientes da crossbasis quando a comparacao reduzida nao foi estimavel | NW-HAC(lag=21): p=0.6996,0.2786455359260125,Menor p ponto-a-ponto da curva cumulativa usada para calcular a AUC,TRUE,tamanho do passo truncado devido a divergência | glm.fit: algoritmo não convergiu | glm.fit: algoritmo parou no valor do limite | fitting to calculate the null deviance did not converge -- increase 'maxit'? | Binomial negativa rejeitada por instabilidade numerica; mantido Quasi-Poisson.,60.14136603375528,60.14136603375528,3.3,47.8319663593879,8.159883026054564,0,1.3912400155493412,82.23720991561181,0.8486508235574685,0.31347622791676405,cautela_convergencia,,,,,,,,9.397206260391371,1,sensibilidade_i60_i64,,interpretar_com_cautela_convergencia,Modelo com alerta de convergencia; nao priorizar como evidancia central.
centro_sul_obitos_i60_i62_temp_med,Centro-Sul,obitos_i60_i62,temp_med,0.31771628965389737,Quasi-Poisson F test: modelo completo vs. modelo sem crossbasis + Wald global para coeficientes da crossbasis quando a comparacao reduzida nao foi estimavel | NW-HAC(lag=21): p=0.1647,0.3700592021138032,Menor p ponto-a-ponto da curva cumulativa usada para calcular a AUC,TRUE,glm.fit: algoritmo não convergiu,28.245208333333323,28.245208333333323,99,25.438246424839445,5.110913091506124,0,2.0092055223105456,7.917875,0.5715001939974955,0.39755777259820274,cautela_convergencia,,,,,,,,19.9932870717309,7.064786185562166e-5,sensibilidade_i60_i64,,interpretar_com_cautela_convergencia,Modelo com alerta de convergencia; nao priorizar como evidancia central.
baixada_litoranea_obitos_i60_i62_temp_med,Baixada Litoranea,obitos_i60_i62,temp_med,0.7341503156171751,Quasi-Poisson F test: modelo completo vs. modelo sem crossbasis + Wald global para coeficientes da crossbasis quando a comparacao reduzida nao foi estimavel | NW-HAC(lag=21): p=0.5909,0.19006746951280223,Menor p ponto-a-ponto da curva cumulativa usada para calcular a AUC,TRUE,glm.fit: algoritmo não convergiu,27.885071078431366,27.885071078431366,99,15.253379407992451,5.103724996227752,0,2.055139333814492,18.120846581037476,0.8486508235574685,0.2296510092265907,cautela_convergencia,,,,,,,,40.24619427924399,0.00151764846671043,sensibilidade_i60_i64,,interpretar_com_cautela_convergencia,Modelo com alerta de convergencia; nao priorizar como evidancia central.
medio_paraiba_obitos_i60_i62_temp_med,Medio Paraiba,obitos_i60_i62,temp_med,0.02102074118549225,Quasi-Poisson F test: modelo completo vs. modelo sem crossbasis + Wald global para coeficientes da crossbasis quando a comparacao reduzida nao foi estimavel | NW-HAC(lag=21): p=0.00757,0.00115896389954141,Menor p ponto-a-ponto da curva cumulativa usada para calcular a AUC,TRUE,glm.fit: algoritmo não convergiu | fitting to calculate the null deviance did not converge -- increase 'maxit'? | Binomial negativa rejeitada por instabilidade numerica; mantido Quasi-Poisson.,18.600700949367088,18.600700949367088,17.2,16.779654976049663,3.821759142716326,0,2.4792143906141857,27.622020833333337,0.08828711297906748,0.00973529675614785,cautela_convergencia,,,,,,,,105.00969099237722,0.9999638873777478,sensibilidade_i60_i64,,interpretar_com_cautela_convergencia,Modelo com alerta de convergencia; nao priorizar como evidancia central.
centro_sul_internacoes_i63_ur_med,Centro-Sul,internacoes_i63,ur_med,0.3033939262108016,Quasi-Poisson F test: modelo completo vs. modelo sem crossbasis + Wald global para coeficientes da crossbasis quando a comparacao reduzida nao foi estimavel | NW-HAC(lag=21): p=0.09114,0.07100129083555104,Menor p ponto-a-ponto da curva cumulativa usada para calcular a AUC,FALSE,,99.57554347826084,99.57554347826084,99,274.86498863196783,226.73459666885847,0,10.28376114003676,64.84855180867564,0.5540236913414637,0.11771266638525568,nao_sustentado,,,,,,,,8.576535122589757,0.24930609538262605,sensibilidade_i60_i64,,nao_sustentado,Nao sustentado pelos critarios integrados.
serrana_internacoes_i63_ur_med,Serrana,internacoes_i63,ur_med,0.01539965012350257,Quasi-Poisson F test: modelo completo vs. modelo sem crossbasis + Wald global para coeficientes da crossbasis quando a comparacao reduzida nao foi estimavel | NW-HAC(lag=21): p=0.4913,0.03233491453205686,Menor p ponto-a-ponto da curva cumulativa usada para calcular a AUC,FALSE,,96.824375,96.824375,99,145.99959877544762,108.34008488655871,0,6.224437910951468,90.15053709563992,0.0730278749944562,0.06790332051731941,p_nominal,,,,,,,,22.576610028691913,0.0034386738450356,sensibilidade_i60_i64,,nao_sustentado,Nao sustentado pelos critarios integrados.
medio_paraiba_internacoes_i63_ur_med,Medio Paraiba,internacoes_i63,ur_med,0.24745963585951747,Quasi-Poisson F test: modelo completo vs. modelo sem crossbasis + Wald global para coeficientes da crossbasis quando a comparacao reduzida nao foi estimavel | NW-HAC(lag=21): p=0.07938,0.03705377571368317,Menor p ponto-a-ponto da curva cumulativa usada para calcular a AUC,FALSE,,53.714305555555555,53.714305555555555,1,125.48919594981842,88.06879317204066,0,4.861641485397429,74.08237289029535,0.5176055040431903,0.07284832919041571,p_nominal,,,,,,,,27.292264436457355,0.00111271541401403,sensibilidade_i60_i64,,nao_sustentado,Nao sustentado pelos critarios integrados.
centro_sul_internacoes_i63_temp_med,Centro-Sul,internacoes_i63,temp_med,0.1993164647833177,Quasi-Poisson F test: modelo completo vs. modelo sem crossbasis + Wald global para coeficientes da crossbasis quando a comparacao reduzida nao foi estimavel | NW-HAC(lag=21): p=0.2338,0.00746392719984662,Menor p ponto-a-ponto da curva cumulativa usada para calcular a AUC,FALSE,,15.894423523206749,15.894423523206749,28.2,72.9419124508585,52.61457911752517,0,11.280608597072774,26.958668248945138,0.4605452202772561,0.03483166026595091,p_nominal,,,,,,,,12.908413363330684,0.09105890148259876,sensibilidade_i60_i64,,nao_sustentado,Nao sustentado pelos critarios integrados.
norte_internacoes_i63_ur_med,Norte,internacoes_i63,ur_med,0.5325013854874496,Quasi-Poisson F test: modelo completo vs. modelo sem crossbasis + Wald global para coeficientes da crossbasis quando a comparacao reduzida nao foi estimavel | NW-HAC(lag=21): p=0.4175,0.02320777547788643,Menor p ponto-a-ponto da curva cumulativa usada para calcular a AUC,FALSE,,92.2459722222222,92.2459722222222,99,59.451168062978034,30.45130695186693,0,2.791519077006805,82.70171413502109,0.7292953757762898,0.05517320207950358,p_nominal,,,,,,,,78.24014486035908,1.0952187469559505e-4,sensibilidade_i60_i64,,nao_sustentado,Nao sustentado pelos critarios integrados.
serrana_internacoes_i63_temp_med,Serrana,internacoes_i63,temp_med,0.0200575319651809,Quasi-Poisson F test: modelo completo vs. modelo sem crossbasis + Wald global para coeficientes da crossbasis quando a comparacao reduzida nao foi estimavel | NW-HAC(lag=21): p=0.07741,8.648999326414441e-4,Menor p ponto-a-ponto da curva cumulativa usada para calcular a AUC,FALSE,,17.8188805907173,17.8188805907173,50.3,40.99223985537519,27.27518152204186,0,5.42287051692051,12.95713839662447,0.08714651819354462,0.00945846807958425,p_nominal,,,,,,,,36.77511440985288,0.00142573456451922,sensibilidade_i60_i64,,nao_sustentado,Nao sustentado pelos critarios integrados.
medio_paraiba_internacoes_i63_temp_med,Medio Paraiba,internacoes_i63,temp_med,0.7103238958942026,Quasi-Poisson F test: modelo completo vs. modelo sem crossbasis + Wald global para coeficientes da crossbasis quando a comparacao reduzida nao foi estimavel | NW-HAC(lag=21): p=0.6007,0.05281989595028399,Menor p ponto-a-ponto da curva cumulativa usada para calcular a AUC,FALSE,,27.622020833333337,27.622020833333337,99,39.29529535702624,26.337399523692905,0,4.009108566684075,14.664125,0.8486508235574685,0.09116858753062716,nao_sustentado,,,,,,,,27.898090362155443,0.00131956485324979,sensibilidade_i60_i64,,nao_sustentado,Nao sustentado pelos critarios integrados.
centro_sul_internacoes_i60_i62_ur_med,Centro-Sul,internacoes_i60_i62,ur_med,0.9288320741534573,Quasi-Poisson F test: modelo completo vs. modelo sem crossbasis + Wald global para coeficientes da crossbasis quando a comparacao reduzida nao foi estimavel | NW-HAC(lag=21): p=0.8311,0.18777064935789992,Menor p ponto-a-ponto da curva cumulativa usada para calcular a AUC,FALSE,,51.445151515151515,51.445151515151515,1,68.39244940970889,20.26205744659955,0,1.721710506383366,74.596479294875,0.9592855847814395,0.2296510092265907,nao_sustentado,,,,,,,,18.68255585098871,0.00196788459005026,sensibilidade_i60_i64,,nao_sustentado,Nao sustentado pelos critarios integrados.
centro_sul_obitos_i60_i64_ur_med,Centro-Sul,obitos_i60_i64,ur_med,0.2929492274181863,Quasi-Poisson F test: modelo completo vs. modelo sem crossbasis + Wald global para coeficientes da crossbasis quando a comparacao reduzida nao foi estimavel | NW-HAC(lag=21): p=0.1266,0.24417203819076805,Menor p ponto-a-ponto da curva cumulativa usada para calcular a AUC,FALSE,,99.57554347826084,99.57554347826084,99,60.92933260579901,12.798940642689669,0,1.498451039612142,88.60912505628659,0.5428176860984041,0.28114168173316256,nao_sustentado,"Direcao da associaaao preservada, mas significancia varia conforme o lag.",FALSE,ok,21.81196954782814,1.852300651932127,0.1486644892645171,FALSE,34.017557607860226,8.915574283996364e-5,sensibilidade_i60_i64,TRUE,nao_sustentado,Nao sustentado pelos critarios integrados.
centro_sul_internacoes_i60_i64_ur_med,Centro-Sul,internacoes_i60_i64,ur_med,0.4232319072497616,Quasi-Poisson F test: modelo completo vs. modelo sem crossbasis + Wald global para coeficientes da crossbasis quando a comparacao reduzida nao foi estimavel | NW-HAC(lag=21): p=0.1765,0.07856332260117876,Menor p ponto-a-ponto da curva cumulativa usada para calcular a AUC,FALSE,,99.57554347826084,99.57554347826084,99,59.54344189699736,11.413049933888022,0,1.4262581541108474,51.445151515151515,0.6665902539183746,0.1253035271866902,nao_sustentado,"Direcao da associaaao preservada, mas significancia varia conforme o lag.",FALSE,ok,13.357688794391825,1.457670635775553,0.05068221749646969,FALSE,133.33003893682766,0.02526052065926931,sensibilidade_i60_i64,TRUE,nao_sustentado,Nao sustentado pelos critarios integrados.
centro_sul_internacoes_i60_i69_ur_med,Centro-Sul,internacoes_i60_i69,ur_med,0.28742555320422913,Quasi-Poisson F test: modelo completo vs. modelo sem crossbasis + Wald global para coeficientes da crossbasis quando a comparacao reduzida nao foi estimavel | NW-HAC(lag=21): p=0.164,0.10590387344507372,Menor p ponto-a-ponto da curva cumulativa usada para calcular a AUC,FALSE,,99.57554347826084,99.57554347826084,99,59.35232317578036,11.221931212671022,0,1.4066598188519637,51.445151515151515,0.5405316373691473,0.15337802361010677,nao_sustentado,"Direcao da associaaao preservada, mas significancia varia conforme o lag.",FALSE,ok,11.127470969851352,1.392095518461364,0.1066442575824625,FALSE,149.07940024751778,1.4576101524199636e-4,principal_i60_i69,TRUE,nao_sustentado,Nao sustentado pelos critarios integrados.
baixada_litoranea_internacoes_i60_i62_ur_med,Baixada Litoranea,internacoes_i60_i62,ur_med,0.16922233201927894,Quasi-Poisson F test: modelo completo vs. modelo sem crossbasis + Wald global para coeficientes da crossbasis quando a comparacao reduzida nao foi estimavel | NW-HAC(lag=21): p=0.1468,0.24544115071942765,Menor p ponto-a-ponto da curva cumulativa usada para calcular a AUC,FALSE,,40.8575,40.8575,1,62.59762884373459,10.8182538437346,0,1.3952454649543964,92.636875,0.4351431394781458,0.28114168173316256,nao_sustentado,,,,,,,,33.646097056862544,8.389746768354689e-4,sensibilidade_i60_i64,,nao_sustentado,Nao sustentado pelos critarios integrados.
metropolitana_ii_internacoes_i63_ur_med,Metropolitana II,internacoes_i63,ur_med,0.4016125758002004,Quasi-Poisson F test: modelo completo vs. modelo sem crossbasis + Wald global para coeficientes da crossbasis quando a comparacao reduzida nao foi estimavel | NW-HAC(lag=21): p=0.2787,0.11364405742410104,Menor p ponto-a-ponto da curva cumulativa usada para calcular a AUC,FALSE,,58.62222222222222,58.62222222222222,1,49.69457885329064,10.77513440884619,0,1.8958951987005968,97.54166666666669,0.6571842149457826,0.1627176276754174,nao_sustentado,,,,,,,,95.71968895123177,0.00108550175745902,sensibilidade_i60_i64,,nao_sustentado,Nao sustentado pelos critarios integrados.
medio_paraiba_internacoes_i60_i62_ur_med,Medio Paraiba,internacoes_i60_i62,ur_med,0.1538990448115118,Quasi-Poisson F test: modelo completo vs. modelo sem crossbasis + Wald global para coeficientes da crossbasis quando a comparacao reduzida nao foi estimavel | NW-HAC(lag=21): p=0.04404,0.01363002220499126,Menor p ponto-a-ponto da curva cumulativa usada para calcular a AUC,FALSE,,59.398417369901544,59.398417369901544,3.3,48.13224383434635,10.711841056568582,0,1.9576164384082673,91.13470833333332,0.42154955752718454,0.04051256907702289,p_nominal,,,,,,,,110.68153616213841,0.00105597663659573,sensibilidade_i60_i64,,nao_sustentado,Nao sustentado pelos critarios integrados.
centro_sul_obitos_i60_i69_ur_med,Centro-Sul,obitos_i60_i69,ur_med,0.4171066549586459,Quasi-Poisson F test: modelo completo vs. modelo sem crossbasis + Wald global para coeficientes da crossbasis quando a comparacao reduzida nao foi estimavel | NW-HAC(lag=21): p=0.2883,0.3723160092586343,Menor p ponto-a-ponto da curva cumulativa usada para calcular a AUC,FALSE,,99.57554347826084,99.57554347826084,99,58.70799844801096,10.57760648490162,0,1.2640877208835724,64.84855180867564,0.6665902539183746,0.39755777259820274,nao_sustentado,"Direcao da associaaao preservada, mas significancia varia conforme o lag.",FALSE,ok,7.9451044425625295,1.197608665668729,0.4722859429090824,FALSE,41.480289384692405,8.706563171456683e-5,principal_i60_i69,TRUE,nao_sustentado,Nao sustentado pelos critarios integrados.
baia_da_ilha_grande_internacoes_i60_i62_temp_med,Baia da Ilha Grande,internacoes_i60_i62,temp_med,0.5094786812829047,Quasi-Poisson F test: modelo completo vs. modelo sem crossbasis + Wald global para coeficientes da crossbasis quando a comparacao reduzida nao foi estimavel | NW-HAC(lag=21): p=0.3929,0.03018956885479132,Menor p ponto-a-ponto da curva cumulativa usada para calcular a AUC,FALSE,,26.096088080168773,26.096088080168773,83.8,22.62795290870604,9.87205707537271,0,3.782453790388745,16.731,0.7132701537960666,0.06558423578799495,p_nominal,,,,,,,,40.92767691906744,0.0028759400464946,sensibilidade_i60_i64,,nao_sustentado,Nao sustentado pelos critarios integrados.
serrana_internacoes_i60_i62_ur_med,Serrana,internacoes_i60_i62,ur_med,0.5579291402395584,Quasi-Poisson F test: modelo completo vs. modelo sem crossbasis + Wald global para coeficientes da crossbasis quando a comparacao reduzida nao foi estimavel | NW-HAC(lag=21): p=0.4022,0.32797528195136316,Menor p ponto-a-ponto da curva cumulativa usada para calcular a AUC,FALSE,,96.824375,96.824375,99,47.50716487387562,9.847650984986736,0,1.513373656880441,87.2903208509142,0.7559039964535952,0.35934683065975437,nao_sustentado,,,,,,,,28.112840674931014,1.0182968118166436e-5,sensibilidade_i60_i64,,nao_sustentado,Nao sustentado pelos critarios integrados.
metropolitana_ii_internacoes_i60_i62_ur_med,Metropolitana II,internacoes_i60_i62,ur_med,0.00147533507659754,Quasi-Poisson F test: modelo completo vs. modelo sem crossbasis + Wald global para coeficientes da crossbasis quando a comparacao reduzida nao foi estimavel | NW-HAC(lag=21): p=8.647e-05,0.05509518010888558,Menor p ponto-a-ponto da curva cumulativa usada para calcular a AUC,FALSE,,80.29887482419129,80.29887482419129,53.6,48.0762402530633,9.156795808618844,0,1.672121240904108,97.54166666666669,0.01239281464341937,0.09381071207729166,fdr_significativo,,,,,,,,144.21487657500074,0.00171332253796085,sensibilidade_i60_i64,,nao_sustentado,Nao sustentado pelos critarios integrados.
centro_sul_internacoes_i60_i62_temp_med,Centro-Sul,internacoes_i60_i62,temp_med,0.26087556586968297,Quasi-Poisson F test: modelo completo vs. modelo sem crossbasis + Wald global para coeficientes da crossbasis quando a comparacao reduzida nao foi estimavel | NW-HAC(lag=21): p=0.09525,0.04851867749563354,Menor p ponto-a-ponto da curva cumulativa usada para calcular a AUC,FALSE,,24.38558808016877,24.38558808016877,79.6,28.589818606731072,8.262485273397747,0,1.927279179477687,28.245208333333323,0.5176055040431903,0.08610356851337783,p_nominal,,,,,,,,49.223861232613324,0.00274893687230048,sensibilidade_i60_i64,,nao_sustentado,Nao sustentado pelos critarios integrados.
noroeste_obitos_i60_i64_ur_med,Noroeste,obitos_i60_i64,ur_med,0.7193073033692905,Quasi-Poisson F test: modelo completo vs. modelo sem crossbasis + Wald global para coeficientes da crossbasis quando a comparacao reduzida nao foi estimavel | NW-HAC(lag=21): p=0.4113,0.2490973332878712,Menor p ponto-a-ponto da curva cumulativa usada para calcular a AUC,FALSE,,55.11958333333334,55.11958333333334,1,47.82227721550896,8.150193882175628,0,1.4495968396338508,85.25027953586499,0.8486508235574685,0.28275913508352946,nao_sustentado,"Direcao da associaaao preservada, mas significancia varia conforme o lag.",FALSE,ok,9.900710834555882,1.6045766377748787,0.07566617381783751,FALSE,32.347722728061335,0.01097230264780857,sensibilidade_i60_i64,TRUE,nao_sustentado,Nao sustentado pelos critarios integrados.
centro_sul_obitos_i60_i64_temp_med,Centro-Sul,obitos_i60_i64,temp_med,0.6210341442664687,Quasi-Poisson F test: modelo completo vs. modelo sem crossbasis + Wald global para coeficientes da crossbasis quando a comparacao reduzida nao foi estimavel | NW-HAC(lag=21): p=0.4544,0.08790733818956732,Menor p ponto-a-ponto da curva cumulativa usada para calcular a AUC,FALSE,,24.12828006329113,24.12828006329113,77.6,28.02618888879851,7.698855555465187,0,1.943348943911109,7.917875,0.8151073143497403,0.1334496941191022,nao_sustentado,"Direcao da associaaao preservada, mas significancia varia conforme o lag.",FALSE,ok,10.519541331596338,2.121389248928714,0.02181759378484079,FALSE,108.97443593591979,6.562996820491662e-5,sensibilidade_i60_i64,TRUE,nao_sustentado,Nao sustentado pelos critarios integrados.
metropolitana_ii_internacoes_i60_i62_temp_med,Metropolitana II,internacoes_i60_i62,temp_med,0.01242573186806356,Quasi-Poisson F test: modelo completo vs. modelo sem crossbasis + Wald global para coeficientes da crossbasis quando a comparacao reduzida nao foi estimavel | NW-HAC(lag=21): p=0.01826,0.01004986228633284,Menor p ponto-a-ponto da curva cumulativa usada para calcular a AUC,FALSE,,29.649958333333323,29.649958333333323,99,25.28519486371766,7.545361530384338,0,1.7497005385831297,22.015093354430373,0.06262568861504034,0.03955489111464134,p_nominal,,,,,,,,45.74298526565456,0.00329474650874661,sensibilidade_i60_i64,,nao_sustentado,Nao sustentado pelos critarios integrados.
baia_da_ilha_grande_internacoes_i60_i62_ur_med,Baia da Ilha Grande,internacoes_i60_i62,ur_med,0.7904707218499472,Quasi-Poisson F test: modelo completo vs. modelo sem crossbasis + Wald global para coeficientes da crossbasis quando a comparacao reduzida nao foi estimavel | NW-HAC(lag=21): p=0.6958,0.16465529414306496,Menor p ponto-a-ponto da curva cumulativa usada para calcular a AUC,FALSE,,76.45258237155622,76.45258237155622,21.6,38.45941350318984,6.932501738483968,0,1.685616916960351,94.011875,0.8814098314433039,0.2116996638982264,nao_sustentado,,,,,,,,18.86622117924549,0.00292006303048142,sensibilidade_i60_i64,,nao_sustentado,Nao sustentado pelos critarios integrados.
metropolitana_ii_internacoes_i63_temp_med,Metropolitana II,internacoes_i63,temp_med,0.07301799156336945,Quasi-Poisson F test: modelo completo vs. modelo sem crossbasis + Wald global para coeficientes da crossbasis quando a comparacao reduzida nao foi estimavel | NW-HAC(lag=21): p=0.01979,0.0111444810445584,Menor p ponto-a-ponto da curva cumulativa usada para calcular a AUC,FALSE,,22.46420305907172,22.46420305907172,54.7,24.116400804799344,6.376567471466022,0,1.6907551649001755,15.5030026371308,0.2555629704717931,0.03955489111464134,p_nominal,,,,,,,,138.58191368829824,0.00173247054704384,sensibilidade_i60_i64,,nao_sustentado,Nao sustentado pelos critarios integrados.
noroeste_internacoes_i60_i64_ur_med,Noroeste,internacoes_i60_i64,ur_med,0.2616960665900371,Quasi-Poisson F test: modelo completo vs. modelo sem crossbasis + Wald global para coeficientes da crossbasis quando a comparacao reduzida nao foi estimavel | NW-HAC(lag=21): p=0.1621,0.08221811008397499,Menor p ponto-a-ponto da curva cumulativa usada para calcular a AUC,FALSE,,55.11958333333334,55.11958333333334,1,45.78603288277028,6.113949549436944,0,1.4200690863035603,94.79166666666669,0.5176055040431903,0.1294935233822606,nao_sustentado,"Direcao da associaaao preservada, mas significancia varia conforme o lag.",FALSE,ok,9.030229127280753,1.4718555235055,0.04799134476924432,FALSE,165.9485710438993,5.045902761273702e-4,sensibilidade_i60_i64,TRUE,nao_sustentado,Nao sustentado pelos critarios integrados.
serrana_obitos_i60_i69_ur_med,Serrana,obitos_i60_i69,ur_med,0.10561866491359574,Quasi-Poisson F test: modelo completo vs. modelo sem crossbasis + Wald global para coeficientes da crossbasis quando a comparacao reduzida nao foi estimavel | NW-HAC(lag=21): p=0.0533,0.12090525973350257,Menor p ponto-a-ponto da curva cumulativa usada para calcular a AUC,FALSE,,96.824375,96.824375,99,43.53637389889151,5.876860010002629,0,1.4013773356486166,59.16486111111111,0.31685599474078724,0.1711692441170935,nao_sustentado,"Direcao da associaaao preservada, mas significancia varia conforme o lag.",FALSE,ok,8.989311039550406,1.5520243006053183,0.06616440033905803,FALSE,128.7822256491715,7.035240120021324e-4,principal_i60_i69,TRUE,nao_sustentado,Nao sustentado pelos critarios integrados.
noroeste_internacoes_i60_i62_temp_med,Noroeste,internacoes_i60_i62,temp_med,0.2166117092795166,Quasi-Poisson F test: modelo completo vs. modelo sem crossbasis + Wald global para coeficientes da crossbasis quando a comparacao reduzida nao foi estimavel | NW-HAC(lag=21): p=0.198,0.01325007568049661,Menor p ponto-a-ponto da curva cumulativa usada para calcular a AUC,FALSE,,27.649914556962024,27.649914556962024,86.9,19.08760881629953,5.5162754829662,0,2.3344575749885856,16.655416666666667,0.4788258836705104,0.04051256907702289,p_nominal,,,,,,,,52.64231405536659,6.161396826964705e-5,sensibilidade_i60_i64,,nao_sustentado,Nao sustentado pelos critarios integrados.
serrana_internacoes_i60_i62_temp_med,Serrana,internacoes_i60_i62,temp_med,0.28201934660878636,Quasi-Poisson F test: modelo completo vs. modelo sem crossbasis + Wald global para coeficientes da crossbasis quando a comparacao reduzida nao foi estimavel | NW-HAC(lag=21): p=0.2297,0.0738431425987674,Menor p ponto-a-ponto da curva cumulativa usada para calcular a AUC,FALSE,,23.89605833333333,23.89605833333333,99,19.04621552690054,5.329157193567209,0,1.9073939365794816,12.436237447257382,0.5405316373691473,0.12083423334343756,nao_sustentado,,,,,,,,75.4435332393439,7.151714838116163e-6,sensibilidade_i60_i64,,nao_sustentado,Nao sustentado pelos critarios integrados.
noroeste_internacoes_i60_i62_ur_med,Noroeste,internacoes_i60_i62,ur_med,0.7083594629443777,Quasi-Poisson F test: modelo completo vs. modelo sem crossbasis + Wald global para coeficientes da crossbasis quando a comparacao reduzida nao foi estimavel | NW-HAC(lag=21): p=0.5457,0.35928028881205964,Menor p ponto-a-ponto da curva cumulativa usada para calcular a AUC,FALSE,,55.11958333333334,55.11958333333334,1,44.91170815363467,5.239624820301339,0,1.515162786609756,94.79166666666669,0.8486508235574685,0.39025272750275447,nao_sustentado,,,,,,,,33.04322185977004,2.0037162511432616e-4,sensibilidade_i60_i64,,nao_sustentado,Nao sustentado pelos critarios integrados.
baia_da_ilha_grande_obitos_i60_i64_temp_med,Baia da Ilha Grande,obitos_i60_i64,temp_med,0.6917349651557647,Quasi-Poisson F test: modelo completo vs. modelo sem crossbasis + Wald global para coeficientes da crossbasis quando a comparacao reduzida nao foi estimavel | NW-HAC(lag=21): p=0.3413,0.05856971039961198,Menor p ponto-a-ponto da curva cumulativa usada para calcular a AUC,FALSE,,24.158483649789027,24.158483649789027,64.6,16.663627720587634,3.907731887254307,0,1.742096747785022,19.475939609704643,0.8486508235574685,0.09839711347134814,nao_sustentado,"Direcao da associaaao preservada, mas significancia varia conforme o lag.",FALSE,ok,2.357883616824856,1.3759616658595188,0.37354733055592976,FALSE,39.23532215665409,3.51664495479298e-6,sensibilidade_i60_i64,TRUE,nao_sustentado,Nao sustentado pelos critarios integrados.
metropolitana_i_obitos_i60_i64_ur_med,Metropolitana I,obitos_i60_i64,ur_med,0.1641527710576303,Quasi-Poisson F test: modelo completo vs. modelo sem crossbasis + Wald global para coeficientes da crossbasis quando a comparacao reduzida nao foi estimavel | NW-HAC(lag=21): p=0.05899,0.07761176436902494,Menor p ponto-a-ponto da curva cumulativa usada para calcular a AUC,FALSE,,54.58156944444445,54.58156944444445,1,41.55832054261309,3.8447233203908926,0,1.21434557739604,92.29516666666665,0.4309010240262795,0.1253035271866902,nao_sustentado,"Direcao da associaaao preservada, mas significancia varia conforme o lag.",FALSE,ok,1.715270297453581,1.220674768944513,0.05126367172989421,FALSE,666.2826497199562,2.926431830885257e-5,sensibilidade_i60_i64,TRUE,nao_sustentado,Nao sustentado pelos critarios integrados.
metropolitana_i_internacoes_i60_i62_temp_med,Metropolitana I,internacoes_i60_i62,temp_med,0.00348541692634378,Quasi-Poisson F test: modelo completo vs. modelo sem crossbasis + Wald global para coeficientes da crossbasis quando a comparacao reduzida nao foi estimavel | NW-HAC(lag=21): p=0.001515,0.01101025276946181,Menor p ponto-a-ponto da curva cumulativa usada para calcular a AUC,FALSE,,29.540993538647346,29.540993538647346,99,16.019468696644587,3.840541445876035,0,1.4703529027191955,17.36206628787879,0.02091250155806271,0.03955489111464134,fdr_significativo,,,,,,,,356.12024841352684,2.547872778313476e-7,sensibilidade_i60_i64,,nao_sustentado,Nao sustentado pelos critarios integrados.
metropolitana_i_internacoes_i63_temp_med,Metropolitana I,internacoes_i63,temp_med,0.01757792086186037,Quasi-Poisson F test: modelo completo vs. modelo sem crossbasis + Wald global para coeficientes da crossbasis quando a comparacao reduzida nao foi estimavel | NW-HAC(lag=21): p=0.007447,0.01086876097226305,Menor p ponto-a-ponto da curva cumulativa usada para calcular a AUC,FALSE,,29.540993538647346,29.540993538647346,99,16.00162870216881,3.822701451400255,0,1.7806160258841943,17.36206628787879,0.0791006438783717,0.03955489111464134,p_nominal,,,,,,,,246.90077046597392,5.211098097753775e-4,sensibilidade_i60_i64,,nao_sustentado,Nao sustentado pelos critarios integrados.
norte_internacoes_i60_i64_ur_med,Norte,internacoes_i60_i64,ur_med,0.8738973533525147,Quasi-Poisson F test: modelo completo vs. modelo sem crossbasis + Wald global para coeficientes da crossbasis quando a comparacao reduzida nao foi estimavel | NW-HAC(lag=21): p=0.8247,0.23035479016156085,Menor p ponto-a-ponto da curva cumulativa usada para calcular a AUC,FALSE,,63.246111111111105,63.246111111111105,1,32.7065770692404,3.7067159581293025,0,1.1903511156648603,85.27132208157524,0.9175922210201404,0.2687472551884877,nao_sustentado,"Direcao da associaaao preservada, mas significancia varia conforme o lag.",FALSE,ok,3.334133309196625,1.215691099016992,0.23256668730520227,FALSE,122.24798575485538,1.1244637299268057e-4,sensibilidade_i60_i64,TRUE,nao_sustentado,Nao sustentado pelos critarios integrados.
baia_da_ilha_grande_obitos_i60_i69_temp_med,Baia da Ilha Grande,obitos_i60_i69,temp_med,0.3392418060751728,Quasi-Poisson F test: modelo completo vs. modelo sem crossbasis + Wald global para coeficientes da crossbasis quando a comparacao reduzida nao foi estimavel | NW-HAC(lag=21): p=0.06819,0.08608554670657963,Menor p ponto-a-ponto da curva cumulativa usada para calcular a AUC,FALSE,,23.83554957805907,23.83554957805907,60.8,16.43057227283718,3.67467643950385,0,1.66364178448081,29.486895833333328,0.5936731606315524,0.13227779128084186,nao_sustentado,"Direcao da associaaao preservada, mas significancia varia conforme o lag.",FALSE,ok,3.4282404418601398,1.4993911504922781,0.13684420742925302,FALSE,77.41049081738558,5.29878059078781e-4,principal_i60_i69,TRUE,nao_sustentado,Nao sustentado pelos critarios integrados.
metropolitana_ii_internacoes_i60_i64_ur_med,Metropolitana II,internacoes_i60_i64,ur_med,0.22680802747517992,Quasi-Poisson F test: modelo completo vs. modelo sem crossbasis + Wald global para coeficientes da crossbasis quando a comparacao reduzida nao foi estimavel | NW-HAC(lag=21): p=0.2125,0.19137584102215896,Menor p ponto-a-ponto da curva cumulativa usada para calcular a AUC,FALSE,,97.54166666666669,97.54166666666669,99,42.47415572656338,3.554711282118933,0,1.1845658051568295,58.62222222222222,0.488282267635065,0.2296510092265907,nao_sustentado,"Direcao da associaaao preservada, mas significancia varia conforme o lag.",FALSE,ok,3.103631764470705,1.16343577047629,0.32925060436334447,FALSE,346.31108802294045,1.8708435295278217e-5,sensibilidade_i60_i64,TRUE,nao_sustentado,Nao sustentado pelos critarios integrados.
norte_internacoes_i63_temp_med,Norte,internacoes_i63,temp_med,0.4198744712084058,Quasi-Poisson F test: modelo completo vs. modelo sem crossbasis + Wald global para coeficientes da crossbasis quando a comparacao reduzida nao foi estimavel | NW-HAC(lag=21): p=0.2706,0.18965586021099,Menor p ponto-a-ponto da curva cumulativa usada para calcular a AUC,FALSE,,18.52104166666667,18.52104166666667,1,13.364328076548851,3.3310086321044134,0,1.6130545366482962,26.014280239099858,0.6665902539183746,0.2296510092265907,nao_sustentado,,,,,,,,24.32310036181712,5.528070859528445e-5,sensibilidade_i60_i64,,nao_sustentado,Nao sustentado pelos critarios integrados.
norte_internacoes_i60_i62_ur_med,Norte,internacoes_i60_i62,ur_med,0.7033868244418565,Quasi-Poisson F test: modelo completo vs. modelo sem crossbasis + Wald global para coeficientes da crossbasis quando a comparacao reduzida nao foi estimavel | NW-HAC(lag=21): p=0.5732,0.12243562052850838,Menor p ponto-a-ponto da curva cumulativa usada para calcular a AUC,FALSE,,82.70171413502109,82.70171413502109,77.3,32.17772334962557,3.1778622385144732,0,1.2617438419944027,70.22076125175808,0.8486508235574685,0.17140986873991174,nao_sustentado,,,,,,,,48.823118381953144,3.1111416972651185e-6,sensibilidade_i60_i64,,nao_sustentado,Nao sustentado pelos critarios integrados.
medio_paraiba_internacoes_i60_i62_temp_med,Medio Paraiba,internacoes_i60_i62,temp_med,0.10400084813939545,Quasi-Poisson F test: modelo completo vs. modelo sem crossbasis + Wald global para coeficientes da crossbasis quando a comparacao reduzida nao foi estimavel | NW-HAC(lag=21): p=0.0535,0.15013328563527745,Menor p ponto-a-ponto da curva cumulativa usada para calcular a AUC,FALSE,,27.622020833333337,27.622020833333337,99,16.069790561428253,3.1118947280949163,0,1.4032080872294932,19.420820938818565,0.31685599474078724,0.19918021029469532,nao_sustentado,,,,,,,,35.05403755862181,0.00368954930110698,sensibilidade_i60_i64,,nao_sustentado,Nao sustentado pelos critarios integrados.
metropolitana_i_internacoes_i60_i62_ur_med,Metropolitana I,internacoes_i60_i62,ur_med,0.3220358236017633,Quasi-Poisson F test: modelo completo vs. modelo sem crossbasis + Wald global para coeficientes da crossbasis quando a comparacao reduzida nao foi estimavel | NW-HAC(lag=21): p=0.2371,0.5233387122211088,Menor p ponto-a-ponto da curva cumulativa usada para calcular a AUC,FALSE,,54.58156944444445,54.58156944444445,1,40.59043772108097,2.876840498858769,0,1.11156738821666,85.13435706751054,0.5715001939974955,0.5404973585234403,nao_sustentado,,,,,,,,110.96163322714726,2.714515060509015e-7,sensibilidade_i60_i64,,nao_sustentado,Nao sustentado pelos critarios integrados.
centro_sul_internacoes_i60_i64_temp_med,Centro-Sul,internacoes_i60_i64,temp_med,0.8407467830290923,Quasi-Poisson F test: modelo completo vs. modelo sem crossbasis + Wald global para coeficientes da crossbasis quando a comparacao reduzida nao foi estimavel | NW-HAC(lag=21): p=0.8286,0.09891914427574096,Menor p ponto-a-ponto da curva cumulativa usada para calcular a AUC,FALSE,,23.870972046413492,23.870972046413492,75.9,22.935842952337907,2.6085096190045847,0,1.2791127594219005,28.245208333333323,0.8977465649293698,0.14663308445580428,nao_sustentado,"Direcao da associaaao preservada, mas significancia varia conforme o lag.",FALSE,ok,3.374634006170038,1.4050567466033306,0.05459457627755146,FALSE,143.53013426045715,0.01975223731325193,sensibilidade_i60_i64,TRUE,nao_sustentado,Nao sustentado pelos critarios integrados.
metropolitana_ii_internacoes_i60_i69_temp_med,Metropolitana II,internacoes_i60_i69,temp_med,0.00964802692479001,Quasi-Poisson F test: modelo completo vs. modelo sem crossbasis + Wald global para coeficientes da crossbasis quando a comparacao reduzida nao foi estimavel | NW-HAC(lag=21): p=0.001652,0.0511579415593121,Menor p ponto-a-ponto da curva cumulativa usada para calcular a AUC,FALSE,,29.649958333333323,29.649958333333323,99,20.32735268068275,2.587519347349428,0,1.2347253778150935,17.973106012658224,0.05065214135514757,0.08952639772879618,nao_sustentado,"Direcao da associaaao preservada, mas significancia varia conforme o lag.",FALSE,ok,3.1095116853753146,1.2697643881706737,0.1268436332166362,FALSE,183.0880389659231,9.716073989252116e-6,principal_i60_i69,TRUE,nao_sustentado,Nao sustentado pelos critarios integrados.
serrana_internacoes_i60_i64_temp_med,Serrana,internacoes_i60_i64,temp_med,0.5977969291799886,Quasi-Poisson F test: modelo completo vs. modelo sem crossbasis + Wald global para coeficientes da crossbasis quando a comparacao reduzida nao foi estimavel | NW-HAC(lag=21): p=0.2429,0.08328120188230742,Menor p ponto-a-ponto da curva cumulativa usada para calcular a AUC,FALSE,,23.89605833333333,23.89605833333333,99,16.210345703041483,2.493287369708153,0,1.2907333231999532,13.82530664556962,0.8013022667731763,0.12954853626136711,nao_sustentado,"Direcao da associaaao preservada, mas significancia varia conforme o lag.",FALSE,ok,1.6593113657838061,1.2164456071037357,0.06489141282033734,FALSE,191.99555555923368,2.159876041352149e-7,sensibilidade_i60_i64,TRUE,nao_sustentado,Nao sustentado pelos critarios integrados.
metropolitana_i_internacoes_i63_ur_med,Metropolitana I,internacoes_i63,ur_med,0.25350502240290007,Quasi-Poisson F test: modelo completo vs. modelo sem crossbasis + Wald global para coeficientes da crossbasis quando a comparacao reduzida nao foi estimavel | NW-HAC(lag=21): p=0.08481,0.39555382532755906,Menor p ponto-a-ponto da curva cumulativa usada para calcular a AUC,FALSE,,87.52129360056257,87.52129360056257,92.5,39.880730314565135,2.1671330923429366,0,1.2001343480634676,54.58156944444445,0.5176055040431903,0.4188216974056508,nao_sustentado,,,,,,,,61.03793689055866,3.650535778005892e-4,sensibilidade_i60_i64,,nao_sustentado,Nao sustentado pelos critarios integrados.
baixada_litoranea_internacoes_i60_i62_temp_med,Baixada Litoranea,internacoes_i60_i62,temp_med,0.3755354995016664,Quasi-Poisson F test: modelo completo vs. modelo sem crossbasis + Wald global para coeficientes da crossbasis quando a comparacao reduzida nao foi estimavel | NW-HAC(lag=21): p=0.2021,0.4503866603664385,Menor p ponto-a-ponto da curva cumulativa usada para calcular a AUC,FALSE,,27.885071078431366,27.885071078431366,99,12.288505715775706,2.138851304011006,0,1.400546844204298,19.79104287664433,0.6308996391627996,0.4729059933847604,nao_sustentado,,,,,,,,22.941827711793543,0.00153052486178451,sensibilidade_i60_i64,,nao_sustentado,Nao sustentado pelos critarios integrados.
baixada_litoranea_obitos_i60_i64_temp_med,Baixada Litoranea,obitos_i60_i64,temp_med,0.7279824097726402,Quasi-Poisson F test: modelo completo vs. modelo sem crossbasis + Wald global para coeficientes da crossbasis quando a comparacao reduzida nao foi estimavel | NW-HAC(lag=21): p=0.5523,0.1597239763531382,Menor p ponto-a-ponto da curva cumulativa usada para calcular a AUC,FALSE,,27.885071078431366,27.885071078431366,99,12.245187020371509,2.0955326086068085,0,1.612421411397536,17.735416666666666,0.8486508235574685,0.20845990626614727,nao_sustentado,"Direcao da associaaao preservada, mas significancia varia conforme o lag.",FALSE,ok,2.101964824312103,1.584816847111357,0.030578264490286316,FALSE,78.68150067258566,2.131637685329757e-4,sensibilidade_i60_i64,TRUE,nao_sustentado,Nao sustentado pelos critarios integrados.
norte_internacoes_i60_i64_temp_med,Norte,internacoes_i60_i64,temp_med,0.4586691641179774,Quasi-Poisson F test: modelo completo vs. modelo sem crossbasis + Wald global para coeficientes da crossbasis quando a comparacao reduzida nao foi estimavel | NW-HAC(lag=21): p=0.439,0.14390998304991326,Menor p ponto-a-ponto da curva cumulativa usada para calcular a AUC,FALSE,,28.554361111111103,28.554361111111103,99,12.02545432740525,1.9921348829608123,0,1.289050287954951,18.52104166666667,0.667549839663883,0.19497481574504377,nao_sustentado,"Direcao da associaaao preservada, mas significancia varia conforme o lag.",FALSE,ok,1.8123040375635822,1.2803176554690017,0.1530863209121043,FALSE,209.4382630318638,1.71351696295452e-4,sensibilidade_i60_i64,TRUE,nao_sustentado,Nao sustentado pelos critarios integrados.
noroeste_obitos_i60_i69_temp_med,Noroeste,obitos_i60_i69,temp_med,0.6695397028779452,Quasi-Poisson F test: modelo completo vs. modelo sem crossbasis + Wald global para coeficientes da crossbasis quando a comparacao reduzida nao foi estimavel | NW-HAC(lag=21): p=0.6438,0.1717892408502,Menor p ponto-a-ponto da curva cumulativa usada para calcular a AUC,FALSE,,23.69876687763713,23.69876687763713,48.9,15.42059150414375,1.849258170810422,0,1.3322521501869078,16.655416666666667,0.8486508235574685,0.21864085199116365,nao_sustentado,"Direcao da associaaao preservada, mas significancia varia conforme o lag.",FALSE,ok,1.089026696506963,1.2104881966481251,0.4695243767157979,FALSE,63.953776107154255,0.0024173824379472,principal_i60_i69,TRUE,nao_sustentado,Nao sustentado pelos critarios integrados.
metropolitana_ii_internacoes_i60_i64_temp_med,Metropolitana II,internacoes_i60_i64,temp_med,0.0030235376225412,Quasi-Poisson F test: modelo completo vs. modelo sem crossbasis + Wald global para coeficientes da crossbasis quando a comparacao reduzida nao foi estimavel | NW-HAC(lag=21): p=0.000197,0.17464011369402532,Menor p ponto-a-ponto da curva cumulativa usada para calcular a AUC,FALSE,,29.649958333333323,29.649958333333323,99,19.47283090846471,1.7329975751313875,0,1.150857145810989,16.625776898734173,0.01904828702200958,0.2200465432544719,fdr_significativo,"Direcao da associaaao preservada, mas significancia varia conforme o lag.",FALSE,ok,1.024282929625699,1.1206795723925254,0.13787550080453356,FALSE,181.7721740379642,4.149864173597084e-5,sensibilidade_i60_i64,TRUE,nao_sustentado,Nao sustentado pelos critarios integrados.
norte_internacoes_i60_i62_temp_med,Norte,internacoes_i60_i62,temp_med,0.8066588743386665,Quasi-Poisson F test: modelo completo vs. modelo sem crossbasis + Wald global para coeficientes da crossbasis quando a comparacao reduzida nao foi estimavel | NW-HAC(lag=21): p=0.6645,0.1501755553809211,Menor p ponto-a-ponto da curva cumulativa usada para calcular a AUC,FALSE,,18.52104166666667,18.52104166666667,1,11.624909224424163,1.5915897799797256,0,1.362527468047863,21.315130625879043,0.8838175492754083,0.19918021029469532,nao_sustentado,,,,,,,,33.90902840292569,2.5768040102791545e-6,sensibilidade_i60_i64,,nao_sustentado,Nao sustentado pelos critarios integrados.
metropolitana_i_obitos_i60_i69_ur_med,Metropolitana I,obitos_i60_i69,ur_med,0.1913791320136793,Quasi-Poisson F test: modelo completo vs. modelo sem crossbasis + Wald global para coeficientes da crossbasis quando a comparacao reduzida nao foi estimavel | NW-HAC(lag=21): p=0.1843,0.13858932482447467,Menor p ponto-a-ponto da curva cumulativa usada para calcular a AUC,FALSE,,54.58156944444445,54.58156944444445,1,39.12895762993017,1.4153604077079738,0,1.1423463708101702,92.29516666666665,0.4605452202772561,0.18980711878134576,nao_sustentado,"Direcao da associaaao preservada, mas significancia varia conforme o lag.",FALSE,ok,1.0066330421564966,1.1496763869108082,0.0906989183538276,FALSE,639.3755173057066,0.0020785782285464,principal_i60_i69,TRUE,nao_sustentado,Nao sustentado pelos critarios integrados.
noroeste_obitos_i60_i69_ur_med,Noroeste,obitos_i60_i69,ur_med,0.903625652968461,Quasi-Poisson F test: modelo completo vs. modelo sem crossbasis + Wald global para coeficientes da crossbasis quando a comparacao reduzida nao foi estimavel | NW-HAC(lag=21): p=0.6853,0.8036643575408879,Menor p ponto-a-ponto da curva cumulativa usada para calcular a AUC,FALSE,,55.11958333333334,55.11958333333334,1,40.81347067383892,1.1413873405055903,0,1.0619878638719642,84.24592299578059,0.9409655559836868,0.8166266858883217,nao_sustentado,"Direcao da associaaao preservada, mas significancia varia conforme o lag.",FALSE,ok,1.5753920166536195,1.0812017634235684,0.6720022293950523,FALSE,7.566691412830648,0.00405610433824432,principal_i60_i69,TRUE,nao_sustentado,Nao sustentado pelos critarios integrados.
metropolitana_ii_obitos_i60_i64_temp_med,Metropolitana II,obitos_i60_i64,temp_med,0.7330350669143981,Quasi-Poisson F test: modelo completo vs. modelo sem crossbasis + Wald global para coeficientes da crossbasis quando a comparacao reduzida nao foi estimavel | NW-HAC(lag=21): p=0.6754,0.31585203053910643,Menor p ponto-a-ponto da curva cumulativa usada para calcular a AUC,FALSE,,18.1976608649789,18.1976608649789,20.3,18.615387406192763,0.8755540728594413,0,1.1830146509718793,11.910125,0.8486508235574685,0.35218898980466734,nao_sustentado,"Direcao da associaaao preservada, mas significancia varia conforme o lag.",FALSE,ok,2.1593677434531404,1.2682376208440347,0.07884854676340947,FALSE,85.13053640830564,1.7769067836015395e-5,sensibilidade_i60_i64,TRUE,nao_sustentado,Nao sustentado pelos critarios integrados.
metropolitana_ii_obitos_i60_i69_temp_med,Metropolitana II,obitos_i60_i69,temp_med,0.9411189716051044,Quasi-Poisson F test: modelo completo vs. modelo sem crossbasis + Wald global para coeficientes da crossbasis quando a comparacao reduzida nao foi estimavel | NW-HAC(lag=21): p=0.9276,0.6989746231037868,Menor p ponto-a-ponto da curva cumulativa usada para calcular a AUC,FALSE,,29.649958333333323,29.649958333333323,99,18.30278750243388,0.5629541691005558,0,1.0737965271175711,11.910125,0.9640730928637656,0.7160227846429036,nao_sustentado,"Direcao da associaaao preservada, mas significancia varia conforme o lag.",FALSE,ok,1.8971084539461525,1.2187285776176575,0.10240904446988489,FALSE,63.7133280666278,5.733590172791736e-4,principal_i60_i69,TRUE,nao_sustentado,Nao sustentado pelos critarios integrados.
