modelo_id,macro_regiao,desfecho,exposicao_principal,exposicao_complementar,familia_usada,link,df_exposicao,df_lag,lag_max,lag_knots,centro_predicao,cen_mmt,cen_percentil_mmt,newey_west_aplicado,controle_tempo,covariaveis,offset_populacional,grade_predicao,teste_global,dispersao_quasipoisson,alerta_convergencia,avisos_modelo
baia_da_ilha_grande_internacoes_i60_i69_temp_med,Baia da Ilha Grande,internacoes_i60_i69,temp_med,ur_med,quasipoisson,log,4,3,14,"logknots(lag_max, df_lag)",MMT,26.25755511603375,85.2,TRUE,"ns(tempo, df = 7 * numero_de_anos)","dow + feriado + pandemia + ns(ur_med, df = 3)",offset(log(populacao_macrorregiao_ano)); populacao obtida no SIDRA/IBGE,"percentis 1 a 99 da exposicao principal, 80 pontos",Quasi-Poisson F test: modelo completo vs. modelo sem crossbasis + Wald global para coeficientes da crossbasis quando a comparacao reduzida nao foi estimavel | NW-HAC(lag=21): p=0.06557,1.0438292976113785,FALSE,
baia_da_ilha_grande_internacoes_i60_i69_ur_med,Baia da Ilha Grande,internacoes_i60_i69,ur_med,temp_med,quasipoisson,log,4,3,14,"logknots(lag_max, df_lag)",MMT,72.86090887937453,10,TRUE,"ns(tempo, df = 7 * numero_de_anos)","dow + feriado + pandemia + ns(temp_med, df = 3)",offset(log(populacao_macrorregiao_ano)); populacao obtida no SIDRA/IBGE,"percentis 1 a 99 da exposicao principal, 80 pontos",Quasi-Poisson F test: modelo completo vs. modelo sem crossbasis + Wald global para coeficientes da crossbasis quando a comparacao reduzida nao foi estimavel | NW-HAC(lag=21): p=0.01774,1.0449689909260238,FALSE,
baia_da_ilha_grande_obitos_i60_i69_temp_med,Baia da Ilha Grande,obitos_i60_i69,temp_med,ur_med,quasipoisson,log,4,3,14,"logknots(lag_max, df_lag)",MMT,23.83554957805907,60.8,TRUE,"ns(tempo, df = 7 * numero_de_anos)","dow + feriado + pandemia + ns(ur_med, df = 3)",offset(log(populacao_macrorregiao_ano)); populacao obtida no SIDRA/IBGE,"percentis 1 a 99 da exposicao principal, 80 pontos",Quasi-Poisson F test: modelo completo vs. modelo sem crossbasis + Wald global para coeficientes da crossbasis quando a comparacao reduzida nao foi estimavel | NW-HAC(lag=21): p=0.06819,0.9855780459731848,FALSE,
baia_da_ilha_grande_obitos_i60_i69_ur_med,Baia da Ilha Grande,obitos_i60_i69,ur_med,temp_med,quasipoisson,log,4,3,14,"logknots(lag_max, df_lag)",MMT,62.48496323529412,1,TRUE,"ns(tempo, df = 7 * numero_de_anos)","dow + feriado + pandemia + ns(temp_med, df = 3)",offset(log(populacao_macrorregiao_ano)); populacao obtida no SIDRA/IBGE,"percentis 1 a 99 da exposicao principal, 80 pontos",Quasi-Poisson F test: modelo completo vs. modelo sem crossbasis + Wald global para coeficientes da crossbasis quando a comparacao reduzida nao foi estimavel | NW-HAC(lag=21): p=0.3938,0.9829886266140101,FALSE,
baia_da_ilha_grande_internacoes_i60_i64_temp_med,Baia da Ilha Grande,internacoes_i60_i64,temp_med,ur_med,quasipoisson,log,4,3,14,"logknots(lag_max, df_lag)",MMT,26.58048918776371,87.6,TRUE,"ns(tempo, df = 7 * numero_de_anos)","dow + feriado + pandemia + ns(ur_med, df = 3)",offset(log(populacao_macrorregiao_ano)); populacao obtida no SIDRA/IBGE,"percentis 1 a 99 da exposicao principal, 80 pontos",Quasi-Poisson F test: modelo completo vs. modelo sem crossbasis + Wald global para coeficientes da crossbasis quando a comparacao reduzida nao foi estimavel | NW-HAC(lag=21): p=0.04778,1.0440843178248544,FALSE,
baia_da_ilha_grande_internacoes_i60_i64_ur_med,Baia da Ilha Grande,internacoes_i60_i64,ur_med,temp_med,quasipoisson,log,4,3,14,"logknots(lag_max, df_lag)",MMT,72.86090887937453,10,TRUE,"ns(tempo, df = 7 * numero_de_anos)","dow + feriado + pandemia + ns(temp_med, df = 3)",offset(log(populacao_macrorregiao_ano)); populacao obtida no SIDRA/IBGE,"percentis 1 a 99 da exposicao principal, 80 pontos",Quasi-Poisson F test: modelo completo vs. modelo sem crossbasis + Wald global para coeficientes da crossbasis quando a comparacao reduzida nao foi estimavel | NW-HAC(lag=21): p=0.03852,1.04505072296569,FALSE,
baia_da_ilha_grande_obitos_i60_i64_temp_med,Baia da Ilha Grande,obitos_i60_i64,temp_med,ur_med,quasipoisson,log,4,3,14,"logknots(lag_max, df_lag)",MMT,24.158483649789027,64.6,TRUE,"ns(tempo, df = 7 * numero_de_anos)","dow + feriado + pandemia + ns(ur_med, df = 3)",offset(log(populacao_macrorregiao_ano)); populacao obtida no SIDRA/IBGE,"percentis 1 a 99 da exposicao principal, 80 pontos",Quasi-Poisson F test: modelo completo vs. modelo sem crossbasis + Wald global para coeficientes da crossbasis quando a comparacao reduzida nao foi estimavel | NW-HAC(lag=21): p=0.3413,1.0078983024044015,FALSE,
baia_da_ilha_grande_obitos_i60_i64_ur_med,Baia da Ilha Grande,obitos_i60_i64,ur_med,temp_med,quasipoisson,log,4,3,14,"logknots(lag_max, df_lag)",MMT,62.48496323529412,1,TRUE,"ns(tempo, df = 7 * numero_de_anos)","dow + feriado + pandemia + ns(temp_med, df = 3)",offset(log(populacao_macrorregiao_ano)); populacao obtida no SIDRA/IBGE,"percentis 1 a 99 da exposicao principal, 80 pontos",Quasi-Poisson F test: modelo completo vs. modelo sem crossbasis + Wald global para coeficientes da crossbasis quando a comparacao reduzida nao foi estimavel | NW-HAC(lag=21): p=0.1647,1.0056052832674596,FALSE,
baia_da_ilha_grande_internacoes_i60_i62_temp_med,Baia da Ilha Grande,internacoes_i60_i62,temp_med,ur_med,quasipoisson,log,4,3,14,"logknots(lag_max, df_lag)",MMT,26.096088080168773,83.8,TRUE,"ns(tempo, df = 7 * numero_de_anos)","dow + feriado + pandemia + ns(ur_med, df = 3)",offset(log(populacao_macrorregiao_ano)); populacao obtida no SIDRA/IBGE,"percentis 1 a 99 da exposicao principal, 80 pontos",Quasi-Poisson F test: modelo completo vs. modelo sem crossbasis + Wald global para coeficientes da crossbasis quando a comparacao reduzida nao foi estimavel | NW-HAC(lag=21): p=0.3929,1.0227774913573466,FALSE,
baia_da_ilha_grande_internacoes_i60_i62_ur_med,Baia da Ilha Grande,internacoes_i60_i62,ur_med,temp_med,quasipoisson,log,4,3,14,"logknots(lag_max, df_lag)",MMT,76.45258237155622,21.6,TRUE,"ns(tempo, df = 7 * numero_de_anos)","dow + feriado + pandemia + ns(temp_med, df = 3)",offset(log(populacao_macrorregiao_ano)); populacao obtida no SIDRA/IBGE,"percentis 1 a 99 da exposicao principal, 80 pontos",Quasi-Poisson F test: modelo completo vs. modelo sem crossbasis + Wald global para coeficientes da crossbasis quando a comparacao reduzida nao foi estimavel | NW-HAC(lag=21): p=0.6958,1.0249914626890277,FALSE,
baia_da_ilha_grande_obitos_i60_i62_temp_med,Baia da Ilha Grande,obitos_i60_i62,temp_med,ur_med,quasipoisson,log,4,3,14,"logknots(lag_max, df_lag)",MMT,16.731,1,TRUE,"ns(tempo, df = 7 * numero_de_anos)","dow + feriado + pandemia + ns(ur_med, df = 3)",offset(log(populacao_macrorregiao_ano)); populacao obtida no SIDRA/IBGE,"percentis 1 a 99 da exposicao principal, 80 pontos",Quasi-Poisson F test: modelo completo vs. modelo sem crossbasis + Wald global para coeficientes da crossbasis quando a comparacao reduzida nao foi estimavel | NW-HAC(lag=21): p=0.435,0.9188715897152961,TRUE,glm.fit: algoritmo não convergiu
baia_da_ilha_grande_obitos_i60_i62_ur_med,Baia da Ilha Grande,obitos_i60_i62,ur_med,temp_med,quasipoisson,log,4,3,14,"logknots(lag_max, df_lag)",MMT,62.48496323529412,1,TRUE,"ns(tempo, df = 7 * numero_de_anos)","dow + feriado + pandemia + ns(temp_med, df = 3)",offset(log(populacao_macrorregiao_ano)); populacao obtida no SIDRA/IBGE,"percentis 1 a 99 da exposicao principal, 80 pontos",Quasi-Poisson F test: modelo completo vs. modelo sem crossbasis + Wald global para coeficientes da crossbasis quando a comparacao reduzida nao foi estimavel | NW-HAC(lag=21): p=0.492,0.9109141061279455,TRUE,glm.fit: algoritmo não convergiu
baia_da_ilha_grande_internacoes_i63_temp_med,Baia da Ilha Grande,internacoes_i63,temp_med,ur_med,quasipoisson,log,4,3,14,"logknots(lag_max, df_lag)",MMT,28.03369251054852,95.7,TRUE,"ns(tempo, df = 7 * numero_de_anos)","dow + feriado + pandemia + ns(ur_med, df = 3)",offset(log(populacao_macrorregiao_ano)); populacao obtida no SIDRA/IBGE,"percentis 1 a 99 da exposicao principal, 80 pontos",Quasi-Poisson F test: modelo completo vs. modelo sem crossbasis + Wald global para coeficientes da crossbasis quando a comparacao reduzida nao foi estimavel | NW-HAC(lag=21): p=0.1656,0.9610912819729825,TRUE,glm.fit: algoritmo não convergiu
baia_da_ilha_grande_internacoes_i63_ur_med,Baia da Ilha Grande,internacoes_i63,ur_med,temp_med,quasipoisson,log,4,3,14,"logknots(lag_max, df_lag)",MMT,79.24610619880863,35.4,TRUE,"ns(tempo, df = 7 * numero_de_anos)","dow + feriado + pandemia + ns(temp_med, df = 3)",offset(log(populacao_macrorregiao_ano)); populacao obtida no SIDRA/IBGE,"percentis 1 a 99 da exposicao principal, 80 pontos",Quasi-Poisson F test: modelo completo vs. modelo sem crossbasis + Wald global para coeficientes da crossbasis quando a comparacao reduzida nao foi estimavel | NW-HAC(lag=21): p=0.3523,0.9682460982360762,TRUE,glm.fit: algoritmo não convergiu
baia_da_ilha_grande_obitos_i63_temp_med,Baia da Ilha Grande,obitos_i63,temp_med,ur_med,quasipoisson,log,4,3,14,"logknots(lag_max, df_lag)",MMT,23.351148470464132,55.6,TRUE,"ns(tempo, df = 7 * numero_de_anos)","dow + feriado + pandemia + ns(ur_med, df = 3)",offset(log(populacao_macrorregiao_ano)); populacao obtida no SIDRA/IBGE,"percentis 1 a 99 da exposicao principal, 80 pontos",Quasi-Poisson F test: modelo completo vs. modelo sem crossbasis + Wald global para coeficientes da crossbasis quando a comparacao reduzida nao foi estimavel | NW-HAC(lag=21): p=0,1.3172348724715827e-10,TRUE,glm.fit: algoritmo não convergiu
baia_da_ilha_grande_obitos_i63_ur_med,Baia da Ilha Grande,obitos_i63,ur_med,temp_med,quasipoisson,log,4,3,14,"logknots(lag_max, df_lag)",MMT,80.44333069620252,43.7,TRUE,"ns(tempo, df = 7 * numero_de_anos)","dow + feriado + pandemia + ns(temp_med, df = 3)",offset(log(populacao_macrorregiao_ano)); populacao obtida no SIDRA/IBGE,"percentis 1 a 99 da exposicao principal, 80 pontos",Quasi-Poisson F test: modelo completo vs. modelo sem crossbasis + Wald global para coeficientes da crossbasis quando a comparacao reduzida nao foi estimavel | NW-HAC(lag=21): p=0.9999,7.790884480546139e-4,TRUE,glm.fit: algoritmo não convergiu
baixada_litoranea_internacoes_i60_i69_temp_med,Baixada Litoranea,internacoes_i60_i69,temp_med,ur_med,quasipoisson,log,4,3,14,"logknots(lag_max, df_lag)",MMT,25.31553831595929,77.3,TRUE,"ns(tempo, df = 7 * numero_de_anos)","dow + feriado + pandemia + ns(ur_med, df = 3)",offset(log(populacao_macrorregiao_ano)); populacao obtida no SIDRA/IBGE,"percentis 1 a 99 da exposicao principal, 80 pontos",Quasi-Poisson F test: modelo completo vs. modelo sem crossbasis + Wald global para coeficientes da crossbasis quando a comparacao reduzida nao foi estimavel | NW-HAC(lag=21): p=0.2071,1.0305285394874941,FALSE,
baixada_litoranea_internacoes_i60_i69_ur_med,Baixada Litoranea,internacoes_i60_i69,ur_med,temp_med,quasipoisson,log,4,3,14,"logknots(lag_max, df_lag)",MMT,84.11621835443037,73.3,TRUE,"ns(tempo, df = 7 * numero_de_anos)","dow + feriado + pandemia + ns(temp_med, df = 3)",offset(log(populacao_macrorregiao_ano)); populacao obtida no SIDRA/IBGE,"percentis 1 a 99 da exposicao principal, 80 pontos",Quasi-Poisson F test: modelo completo vs. modelo sem crossbasis + Wald global para coeficientes da crossbasis quando a comparacao reduzida nao foi estimavel | NW-HAC(lag=21): p=0.5308,1.0310413039762527,FALSE,
baixada_litoranea_obitos_i60_i69_temp_med,Baixada Litoranea,obitos_i60_i69,temp_med,ur_med,quasipoisson,log,4,3,14,"logknots(lag_max, df_lag)",MMT,23.516865382228836,54.8,TRUE,"ns(tempo, df = 7 * numero_de_anos)","dow + feriado + pandemia + ns(ur_med, df = 3)",offset(log(populacao_macrorregiao_ano)); populacao obtida no SIDRA/IBGE,"percentis 1 a 99 da exposicao principal, 80 pontos",Quasi-Poisson F test: modelo completo vs. modelo sem crossbasis + Wald global para coeficientes da crossbasis quando a comparacao reduzida nao foi estimavel | NW-HAC(lag=21): p=0.3025,1.0419280877039037,FALSE,
baixada_litoranea_obitos_i60_i69_ur_med,Baixada Litoranea,obitos_i60_i69,ur_med,temp_med,quasipoisson,log,4,3,14,"logknots(lag_max, df_lag)",MMT,84.11621835443037,73.3,TRUE,"ns(tempo, df = 7 * numero_de_anos)","dow + feriado + pandemia + ns(temp_med, df = 3)",offset(log(populacao_macrorregiao_ano)); populacao obtida no SIDRA/IBGE,"percentis 1 a 99 da exposicao principal, 80 pontos",Quasi-Poisson F test: modelo completo vs. modelo sem crossbasis + Wald global para coeficientes da crossbasis quando a comparacao reduzida nao foi estimavel | NW-HAC(lag=21): p=0.1167,1.040311432543744,FALSE,
baixada_litoranea_internacoes_i60_i64_temp_med,Baixada Litoranea,internacoes_i60_i64,temp_med,ur_med,quasipoisson,log,4,3,14,"logknots(lag_max, df_lag)",MMT,25.187061677835686,75.5,TRUE,"ns(tempo, df = 7 * numero_de_anos)","dow + feriado + pandemia + ns(ur_med, df = 3)",offset(log(populacao_macrorregiao_ano)); populacao obtida no SIDRA/IBGE,"percentis 1 a 99 da exposicao principal, 80 pontos",Quasi-Poisson F test: modelo completo vs. modelo sem crossbasis + Wald global para coeficientes da crossbasis quando a comparacao reduzida nao foi estimavel | NW-HAC(lag=21): p=0.2577,1.0275577175576072,FALSE,
baixada_litoranea_internacoes_i60_i64_ur_med,Baixada Litoranea,internacoes_i60_i64,ur_med,temp_med,quasipoisson,log,4,3,14,"logknots(lag_max, df_lag)",MMT,84.11621835443037,73.3,TRUE,"ns(tempo, df = 7 * numero_de_anos)","dow + feriado + pandemia + ns(temp_med, df = 3)",offset(log(populacao_macrorregiao_ano)); populacao obtida no SIDRA/IBGE,"percentis 1 a 99 da exposicao principal, 80 pontos",Quasi-Poisson F test: modelo completo vs. modelo sem crossbasis + Wald global para coeficientes da crossbasis quando a comparacao reduzida nao foi estimavel | NW-HAC(lag=21): p=0.5736,1.0278163921486168,FALSE,
baixada_litoranea_obitos_i60_i64_temp_med,Baixada Litoranea,obitos_i60_i64,temp_med,ur_med,quasipoisson,log,4,3,14,"logknots(lag_max, df_lag)",MMT,27.885071078431366,99,TRUE,"ns(tempo, df = 7 * numero_de_anos)","dow + feriado + pandemia + ns(ur_med, df = 3)",offset(log(populacao_macrorregiao_ano)); populacao obtida no SIDRA/IBGE,"percentis 1 a 99 da exposicao principal, 80 pontos",Quasi-Poisson F test: modelo completo vs. modelo sem crossbasis + Wald global para coeficientes da crossbasis quando a comparacao reduzida nao foi estimavel | NW-HAC(lag=21): p=0.5523,1.064840592341476,FALSE,
baixada_litoranea_obitos_i60_i64_ur_med,Baixada Litoranea,obitos_i60_i64,ur_med,temp_med,quasipoisson,log,4,3,14,"logknots(lag_max, df_lag)",MMT,84.11621835443037,73.3,TRUE,"ns(tempo, df = 7 * numero_de_anos)","dow + feriado + pandemia + ns(temp_med, df = 3)",offset(log(populacao_macrorregiao_ano)); populacao obtida no SIDRA/IBGE,"percentis 1 a 99 da exposicao principal, 80 pontos",Quasi-Poisson F test: modelo completo vs. modelo sem crossbasis + Wald global para coeficientes da crossbasis quando a comparacao reduzida nao foi estimavel | NW-HAC(lag=21): p=0.01164,1.0608511757270778,FALSE,
baixada_litoranea_internacoes_i60_i62_temp_med,Baixada Litoranea,internacoes_i60_i62,temp_med,ur_med,quasipoisson,log,4,3,14,"logknots(lag_max, df_lag)",MMT,27.885071078431366,99,TRUE,"ns(tempo, df = 7 * numero_de_anos)","dow + feriado + pandemia + ns(ur_med, df = 3)",offset(log(populacao_macrorregiao_ano)); populacao obtida no SIDRA/IBGE,"percentis 1 a 99 da exposicao principal, 80 pontos",Quasi-Poisson F test: modelo completo vs. modelo sem crossbasis + Wald global para coeficientes da crossbasis quando a comparacao reduzida nao foi estimavel | NW-HAC(lag=21): p=0.2021,1.028277618818865,FALSE,
baixada_litoranea_internacoes_i60_i62_ur_med,Baixada Litoranea,internacoes_i60_i62,ur_med,temp_med,quasipoisson,log,4,3,14,"logknots(lag_max, df_lag)",MMT,40.8575,1,TRUE,"ns(tempo, df = 7 * numero_de_anos)","dow + feriado + pandemia + ns(temp_med, df = 3)",offset(log(populacao_macrorregiao_ano)); populacao obtida no SIDRA/IBGE,"percentis 1 a 99 da exposicao principal, 80 pontos",Quasi-Poisson F test: modelo completo vs. modelo sem crossbasis + Wald global para coeficientes da crossbasis quando a comparacao reduzida nao foi estimavel | NW-HAC(lag=21): p=0.1468,1.0290153941907247,FALSE,
baixada_litoranea_obitos_i60_i62_temp_med,Baixada Litoranea,obitos_i60_i62,temp_med,ur_med,quasipoisson,log,4,3,14,"logknots(lag_max, df_lag)",MMT,27.885071078431366,99,TRUE,"ns(tempo, df = 7 * numero_de_anos)","dow + feriado + pandemia + ns(ur_med, df = 3)",offset(log(populacao_macrorregiao_ano)); populacao obtida no SIDRA/IBGE,"percentis 1 a 99 da exposicao principal, 80 pontos",Quasi-Poisson F test: modelo completo vs. modelo sem crossbasis + Wald global para coeficientes da crossbasis quando a comparacao reduzida nao foi estimavel | NW-HAC(lag=21): p=0.5909,0.9721792435411141,TRUE,glm.fit: algoritmo não convergiu
baixada_litoranea_obitos_i63_temp_med,Baixada Litoranea,obitos_i63,temp_med,ur_med,quasipoisson,log,4,3,14,"logknots(lag_max, df_lag)",MMT,21.075809257880366,18,TRUE,"ns(tempo, df = 7 * numero_de_anos)","dow + feriado + pandemia + ns(ur_med, df = 3)",offset(log(populacao_macrorregiao_ano)); populacao obtida no SIDRA/IBGE,"percentis 1 a 99 da exposicao principal, 80 pontos",Quasi-Poisson F test: modelo completo vs. modelo sem crossbasis + Wald global para coeficientes da crossbasis quando a comparacao reduzida nao foi estimavel | NW-HAC(lag=21): p=1,5332064441882192,TRUE,glm.fit: algoritmo não convergiu | fitting to calculate the null deviance did not converge -- increase 'maxit'? | Binomial negativa rejeitada por instabilidade numerica; mantido Quasi-Poisson.
centro_sul_internacoes_i60_i69_temp_med,Centro-Sul,internacoes_i60_i69,temp_med,ur_med,quasipoisson,log,4,3,14,"logknots(lag_max, df_lag)",MMT,23.870972046413492,75.9,TRUE,"ns(tempo, df = 7 * numero_de_anos)","dow + feriado + pandemia + ns(ur_med, df = 3)",offset(log(populacao_macrorregiao_ano)); populacao obtida no SIDRA/IBGE,"percentis 1 a 99 da exposicao principal, 80 pontos",Quasi-Poisson F test: modelo completo vs. modelo sem crossbasis + Wald global para coeficientes da crossbasis quando a comparacao reduzida nao foi estimavel | NW-HAC(lag=21): p=0.6351,1.4639000060028793,FALSE,
centro_sul_internacoes_i60_i69_ur_med,Centro-Sul,internacoes_i60_i69,ur_med,temp_med,quasipoisson,log,4,3,14,"logknots(lag_max, df_lag)",MMT,99.57554347826085,99,TRUE,"ns(tempo, df = 7 * numero_de_anos)","dow + feriado + pandemia + ns(temp_med, df = 3)",offset(log(populacao_macrorregiao_ano)); populacao obtida no SIDRA/IBGE,"percentis 1 a 99 da exposicao principal, 80 pontos",Quasi-Poisson F test: modelo completo vs. modelo sem crossbasis + Wald global para coeficientes da crossbasis quando a comparacao reduzida nao foi estimavel | NW-HAC(lag=21): p=0.164,1.463114207822874,FALSE,
centro_sul_obitos_i60_i69_temp_med,Centro-Sul,obitos_i60_i69,temp_med,ur_med,quasipoisson,log,4,3,14,"logknots(lag_max, df_lag)",MMT,24.385588080168766,79.6,TRUE,"ns(tempo, df = 7 * numero_de_anos)","dow + feriado + pandemia + ns(ur_med, df = 3)",offset(log(populacao_macrorregiao_ano)); populacao obtida no SIDRA/IBGE,"percentis 1 a 99 da exposicao principal, 80 pontos",Quasi-Poisson F test: modelo completo vs. modelo sem crossbasis + Wald global para coeficientes da crossbasis quando a comparacao reduzida nao foi estimavel | NW-HAC(lag=21): p=0.0844,1.008472372506584,FALSE,
centro_sul_obitos_i60_i69_ur_med,Centro-Sul,obitos_i60_i69,ur_med,temp_med,quasipoisson,log,4,3,14,"logknots(lag_max, df_lag)",MMT,99.57554347826085,99,TRUE,"ns(tempo, df = 7 * numero_de_anos)","dow + feriado + pandemia + ns(temp_med, df = 3)",offset(log(populacao_macrorregiao_ano)); populacao obtida no SIDRA/IBGE,"percentis 1 a 99 da exposicao principal, 80 pontos",Quasi-Poisson F test: modelo completo vs. modelo sem crossbasis + Wald global para coeficientes da crossbasis quando a comparacao reduzida nao foi estimavel | NW-HAC(lag=21): p=0.2883,1.0109270713099683,FALSE,
centro_sul_internacoes_i60_i64_temp_med,Centro-Sul,internacoes_i60_i64,temp_med,ur_med,quasipoisson,log,4,3,14,"logknots(lag_max, df_lag)",MMT,23.870972046413492,75.9,TRUE,"ns(tempo, df = 7 * numero_de_anos)","dow + feriado + pandemia + ns(ur_med, df = 3)",offset(log(populacao_macrorregiao_ano)); populacao obtida no SIDRA/IBGE,"percentis 1 a 99 da exposicao principal, 80 pontos",Quasi-Poisson F test: modelo completo vs. modelo sem crossbasis + Wald global para coeficientes da crossbasis quando a comparacao reduzida nao foi estimavel | NW-HAC(lag=21): p=0.8286,1.0271999668841756,FALSE,
centro_sul_internacoes_i60_i64_ur_med,Centro-Sul,internacoes_i60_i64,ur_med,temp_med,quasipoisson,log,4,3,14,"logknots(lag_max, df_lag)",MMT,99.57554347826085,99,TRUE,"ns(tempo, df = 7 * numero_de_anos)","dow + feriado + pandemia + ns(temp_med, df = 3)",offset(log(populacao_macrorregiao_ano)); populacao obtida no SIDRA/IBGE,"percentis 1 a 99 da exposicao principal, 80 pontos",Quasi-Poisson F test: modelo completo vs. modelo sem crossbasis + Wald global para coeficientes da crossbasis quando a comparacao reduzida nao foi estimavel | NW-HAC(lag=21): p=0.1765,1.026389831024913,FALSE,
centro_sul_obitos_i60_i64_temp_med,Centro-Sul,obitos_i60_i64,temp_med,ur_med,quasipoisson,log,4,3,14,"logknots(lag_max, df_lag)",MMT,24.12828006329113,77.6,TRUE,"ns(tempo, df = 7 * numero_de_anos)","dow + feriado + pandemia + ns(ur_med, df = 3)",offset(log(populacao_macrorregiao_ano)); populacao obtida no SIDRA/IBGE,"percentis 1 a 99 da exposicao principal, 80 pontos",Quasi-Poisson F test: modelo completo vs. modelo sem crossbasis + Wald global para coeficientes da crossbasis quando a comparacao reduzida nao foi estimavel | NW-HAC(lag=21): p=0.4544,1.0026275475293902,FALSE,
centro_sul_obitos_i60_i64_ur_med,Centro-Sul,obitos_i60_i64,ur_med,temp_med,quasipoisson,log,4,3,14,"logknots(lag_max, df_lag)",MMT,99.57554347826085,99,TRUE,"ns(tempo, df = 7 * numero_de_anos)","dow + feriado + pandemia + ns(temp_med, df = 3)",offset(log(populacao_macrorregiao_ano)); populacao obtida no SIDRA/IBGE,"percentis 1 a 99 da exposicao principal, 80 pontos",Quasi-Poisson F test: modelo completo vs. modelo sem crossbasis + Wald global para coeficientes da crossbasis quando a comparacao reduzida nao foi estimavel | NW-HAC(lag=21): p=0.1266,1.0007058190449354,FALSE,
centro_sul_internacoes_i60_i62_temp_med,Centro-Sul,internacoes_i60_i62,temp_med,ur_med,quasipoisson,log,4,3,14,"logknots(lag_max, df_lag)",MMT,24.385588080168766,79.6,TRUE,"ns(tempo, df = 7 * numero_de_anos)","dow + feriado + pandemia + ns(ur_med, df = 3)",offset(log(populacao_macrorregiao_ano)); populacao obtida no SIDRA/IBGE,"percentis 1 a 99 da exposicao principal, 80 pontos",Quasi-Poisson F test: modelo completo vs. modelo sem crossbasis + Wald global para coeficientes da crossbasis quando a comparacao reduzida nao foi estimavel | NW-HAC(lag=21): p=0.09525,0.9797283083930564,FALSE,
centro_sul_internacoes_i60_i62_ur_med,Centro-Sul,internacoes_i60_i62,ur_med,temp_med,quasipoisson,log,4,3,14,"logknots(lag_max, df_lag)",MMT,51.445151515151515,1,TRUE,"ns(tempo, df = 7 * numero_de_anos)","dow + feriado + pandemia + ns(temp_med, df = 3)",offset(log(populacao_macrorregiao_ano)); populacao obtida no SIDRA/IBGE,"percentis 1 a 99 da exposicao principal, 80 pontos",Quasi-Poisson F test: modelo completo vs. modelo sem crossbasis + Wald global para coeficientes da crossbasis quando a comparacao reduzida nao foi estimavel | NW-HAC(lag=21): p=0.8311,0.9882497803404924,FALSE,
centro_sul_obitos_i60_i62_temp_med,Centro-Sul,obitos_i60_i62,temp_med,ur_med,quasipoisson,log,4,3,14,"logknots(lag_max, df_lag)",MMT,28.245208333333323,99,TRUE,"ns(tempo, df = 7 * numero_de_anos)","dow + feriado + pandemia + ns(ur_med, df = 3)",offset(log(populacao_macrorregiao_ano)); populacao obtida no SIDRA/IBGE,"percentis 1 a 99 da exposicao principal, 80 pontos",Quasi-Poisson F test: modelo completo vs. modelo sem crossbasis + Wald global para coeficientes da crossbasis quando a comparacao reduzida nao foi estimavel | NW-HAC(lag=21): p=0.1647,0.9278060823475628,TRUE,glm.fit: algoritmo não convergiu
centro_sul_obitos_i60_i62_ur_med,Centro-Sul,obitos_i60_i62,ur_med,temp_med,quasipoisson,log,4,3,14,"logknots(lag_max, df_lag)",MMT,51.445151515151515,1,TRUE,"ns(tempo, df = 7 * numero_de_anos)","dow + feriado + pandemia + ns(temp_med, df = 3)",offset(log(populacao_macrorregiao_ano)); populacao obtida no SIDRA/IBGE,"percentis 1 a 99 da exposicao principal, 80 pontos",Quasi-Poisson F test: modelo completo vs. modelo sem crossbasis + Wald global para coeficientes da crossbasis quando a comparacao reduzida nao foi estimavel | NW-HAC(lag=21): p=0.7058,0.9305545546584543,TRUE,glm.fit: algoritmo não convergiu
centro_sul_internacoes_i63_temp_med,Centro-Sul,internacoes_i63,temp_med,ur_med,quasipoisson,log,4,3,14,"logknots(lag_max, df_lag)",MMT,15.894423523206747,28.2,TRUE,"ns(tempo, df = 7 * numero_de_anos)","dow + feriado + pandemia + ns(ur_med, df = 3)",offset(log(populacao_macrorregiao_ano)); populacao obtida no SIDRA/IBGE,"percentis 1 a 99 da exposicao principal, 80 pontos",Quasi-Poisson F test: modelo completo vs. modelo sem crossbasis + Wald global para coeficientes da crossbasis quando a comparacao reduzida nao foi estimavel | NW-HAC(lag=21): p=0.2338,0.9326956845110299,FALSE,
centro_sul_internacoes_i63_ur_med,Centro-Sul,internacoes_i63,ur_med,temp_med,quasipoisson,log,4,3,14,"logknots(lag_max, df_lag)",MMT,99.57554347826085,99,TRUE,"ns(tempo, df = 7 * numero_de_anos)","dow + feriado + pandemia + ns(temp_med, df = 3)",offset(log(populacao_macrorregiao_ano)); populacao obtida no SIDRA/IBGE,"percentis 1 a 99 da exposicao principal, 80 pontos",Quasi-Poisson F test: modelo completo vs. modelo sem crossbasis + Wald global para coeficientes da crossbasis quando a comparacao reduzida nao foi estimavel | NW-HAC(lag=21): p=0.09114,1.0081931235825463,FALSE,
medio_paraiba_internacoes_i60_i69_temp_med,Medio Paraiba,internacoes_i60_i69,temp_med,ur_med,negative_binomial,log,4,3,14,"logknots(lag_max, df_lag)",MMT,27.622020833333334,99,TRUE,"ns(tempo, df = 7 * numero_de_anos)","dow + feriado + pandemia + ns(ur_med, df = 3)",offset(log(populacao_macrorregiao_ano)); populacao obtida no SIDRA/IBGE,"percentis 1 a 99 da exposicao principal, 80 pontos",Negative binomial likelihood-ratio test: modelo completo vs. modelo sem crossbasis | NW-HAC(lag=21): p=0.1721,5.853062361993612,FALSE,
medio_paraiba_internacoes_i60_i69_ur_med,Medio Paraiba,internacoes_i60_i69,ur_med,temp_med,negative_binomial,log,4,3,14,"logknots(lag_max, df_lag)",MMT,53.714305555555555,1,TRUE,"ns(tempo, df = 7 * numero_de_anos)","dow + feriado + pandemia + ns(temp_med, df = 3)",offset(log(populacao_macrorregiao_ano)); populacao obtida no SIDRA/IBGE,"percentis 1 a 99 da exposicao principal, 80 pontos",Negative binomial likelihood-ratio test: modelo completo vs. modelo sem crossbasis | NW-HAC(lag=21): p=0.03037,5.860530822479498,FALSE,
medio_paraiba_obitos_i60_i69_temp_med,Medio Paraiba,obitos_i60_i69,temp_med,ur_med,quasipoisson,log,4,3,14,"logknots(lag_max, df_lag)",MMT,24.17751687763713,75.6,TRUE,"ns(tempo, df = 7 * numero_de_anos)","dow + feriado + pandemia + ns(ur_med, df = 3)",offset(log(populacao_macrorregiao_ano)); populacao obtida no SIDRA/IBGE,"percentis 1 a 99 da exposicao principal, 80 pontos",Quasi-Poisson F test: modelo completo vs. modelo sem crossbasis + Wald global para coeficientes da crossbasis quando a comparacao reduzida nao foi estimavel | NW-HAC(lag=21): p=0.01622,0.9853589614171917,FALSE,
medio_paraiba_obitos_i60_i69_ur_med,Medio Paraiba,obitos_i60_i69,ur_med,temp_med,quasipoisson,log,4,3,14,"logknots(lag_max, df_lag)",MMT,82.13486462728551,78.8,TRUE,"ns(tempo, df = 7 * numero_de_anos)","dow + feriado + pandemia + ns(temp_med, df = 3)",offset(log(populacao_macrorregiao_ano)); populacao obtida no SIDRA/IBGE,"percentis 1 a 99 da exposicao principal, 80 pontos",Quasi-Poisson F test: modelo completo vs. modelo sem crossbasis + Wald global para coeficientes da crossbasis quando a comparacao reduzida nao foi estimavel | NW-HAC(lag=21): p=3.548e-05,0.9843950405936606,FALSE,
medio_paraiba_internacoes_i60_i64_temp_med,Medio Paraiba,internacoes_i60_i64,temp_med,ur_med,quasipoisson,log,4,3,14,"logknots(lag_max, df_lag)",MMT,27.622020833333334,99,TRUE,"ns(tempo, df = 7 * numero_de_anos)","dow + feriado + pandemia + ns(ur_med, df = 3)",offset(log(populacao_macrorregiao_ano)); populacao obtida no SIDRA/IBGE,"percentis 1 a 99 da exposicao principal, 80 pontos",Quasi-Poisson F test: modelo completo vs. modelo sem crossbasis + Wald global para coeficientes da crossbasis quando a comparacao reduzida nao foi estimavel | NW-HAC(lag=21): p=0.006567,1.0278624256543847,FALSE,
medio_paraiba_internacoes_i60_i64_ur_med,Medio Paraiba,internacoes_i60_i64,ur_med,temp_med,quasipoisson,log,4,3,14,"logknots(lag_max, df_lag)",MMT,53.714305555555555,1,TRUE,"ns(tempo, df = 7 * numero_de_anos)","dow + feriado + pandemia + ns(temp_med, df = 3)",offset(log(populacao_macrorregiao_ano)); populacao obtida no SIDRA/IBGE,"percentis 1 a 99 da exposicao principal, 80 pontos",Quasi-Poisson F test: modelo completo vs. modelo sem crossbasis + Wald global para coeficientes da crossbasis quando a comparacao reduzida nao foi estimavel | NW-HAC(lag=21): p=0.003255,1.0275314124602442,FALSE,
medio_paraiba_obitos_i60_i64_temp_med,Medio Paraiba,obitos_i60_i64,temp_med,ur_med,quasipoisson,log,4,3,14,"logknots(lag_max, df_lag)",MMT,24.17751687763713,75.6,TRUE,"ns(tempo, df = 7 * numero_de_anos)","dow + feriado + pandemia + ns(ur_med, df = 3)",offset(log(populacao_macrorregiao_ano)); populacao obtida no SIDRA/IBGE,"percentis 1 a 99 da exposicao principal, 80 pontos",Quasi-Poisson F test: modelo completo vs. modelo sem crossbasis + Wald global para coeficientes da crossbasis quando a comparacao reduzida nao foi estimavel | NW-HAC(lag=21): p=0.0003677,1.0083292306271519,FALSE,
medio_paraiba_obitos_i60_i64_ur_med,Medio Paraiba,obitos_i60_i64,ur_med,temp_med,quasipoisson,log,4,3,14,"logknots(lag_max, df_lag)",MMT,82.13486462728551,78.8,TRUE,"ns(tempo, df = 7 * numero_de_anos)","dow + feriado + pandemia + ns(temp_med, df = 3)",offset(log(populacao_macrorregiao_ano)); populacao obtida no SIDRA/IBGE,"percentis 1 a 99 da exposicao principal, 80 pontos",Quasi-Poisson F test: modelo completo vs. modelo sem crossbasis + Wald global para coeficientes da crossbasis quando a comparacao reduzida nao foi estimavel | NW-HAC(lag=21): p=0.006833,1.0122728711993716,FALSE,
medio_paraiba_internacoes_i60_i62_temp_med,Medio Paraiba,internacoes_i60_i62,temp_med,ur_med,quasipoisson,log,4,3,14,"logknots(lag_max, df_lag)",MMT,27.622020833333334,99,TRUE,"ns(tempo, df = 7 * numero_de_anos)","dow + feriado + pandemia + ns(ur_med, df = 3)",offset(log(populacao_macrorregiao_ano)); populacao obtida no SIDRA/IBGE,"percentis 1 a 99 da exposicao principal, 80 pontos",Quasi-Poisson F test: modelo completo vs. modelo sem crossbasis + Wald global para coeficientes da crossbasis quando a comparacao reduzida nao foi estimavel | NW-HAC(lag=21): p=0.0535,1.0736102749446623,FALSE,
medio_paraiba_internacoes_i60_i62_ur_med,Medio Paraiba,internacoes_i60_i62,ur_med,temp_med,quasipoisson,log,4,3,14,"logknots(lag_max, df_lag)",MMT,59.398417369901544,3.3,TRUE,"ns(tempo, df = 7 * numero_de_anos)","dow + feriado + pandemia + ns(temp_med, df = 3)",offset(log(populacao_macrorregiao_ano)); populacao obtida no SIDRA/IBGE,"percentis 1 a 99 da exposicao principal, 80 pontos",Quasi-Poisson F test: modelo completo vs. modelo sem crossbasis + Wald global para coeficientes da crossbasis quando a comparacao reduzida nao foi estimavel | NW-HAC(lag=21): p=0.04404,1.072490304158398,FALSE,
medio_paraiba_obitos_i60_i62_temp_med,Medio Paraiba,obitos_i60_i62,temp_med,ur_med,quasipoisson,log,4,3,14,"logknots(lag_max, df_lag)",MMT,18.600700949367088,17.2,TRUE,"ns(tempo, df = 7 * numero_de_anos)","dow + feriado + pandemia + ns(ur_med, df = 3)",offset(log(populacao_macrorregiao_ano)); populacao obtida no SIDRA/IBGE,"percentis 1 a 99 da exposicao principal, 80 pontos",Quasi-Poisson F test: modelo completo vs. modelo sem crossbasis + Wald global para coeficientes da crossbasis quando a comparacao reduzida nao foi estimavel | NW-HAC(lag=21): p=0.00757,3614073542297964e42,TRUE,glm.fit: algoritmo não convergiu | fitting to calculate the null deviance did not converge -- increase 'maxit'? | Binomial negativa rejeitada por instabilidade numerica; mantido Quasi-Poisson.
medio_paraiba_internacoes_i63_temp_med,Medio Paraiba,internacoes_i63,temp_med,ur_med,quasipoisson,log,4,3,14,"logknots(lag_max, df_lag)",MMT,27.622020833333334,99,TRUE,"ns(tempo, df = 7 * numero_de_anos)","dow + feriado + pandemia + ns(ur_med, df = 3)",offset(log(populacao_macrorregiao_ano)); populacao obtida no SIDRA/IBGE,"percentis 1 a 99 da exposicao principal, 80 pontos",Quasi-Poisson F test: modelo completo vs. modelo sem crossbasis + Wald global para coeficientes da crossbasis quando a comparacao reduzida nao foi estimavel | NW-HAC(lag=21): p=0.6007,0.981797933929336,FALSE,
medio_paraiba_internacoes_i63_ur_med,Medio Paraiba,internacoes_i63,ur_med,temp_med,quasipoisson,log,4,3,14,"logknots(lag_max, df_lag)",MMT,53.714305555555555,1,TRUE,"ns(tempo, df = 7 * numero_de_anos)","dow + feriado + pandemia + ns(temp_med, df = 3)",offset(log(populacao_macrorregiao_ano)); populacao obtida no SIDRA/IBGE,"percentis 1 a 99 da exposicao principal, 80 pontos",Quasi-Poisson F test: modelo completo vs. modelo sem crossbasis + Wald global para coeficientes da crossbasis quando a comparacao reduzida nao foi estimavel | NW-HAC(lag=21): p=0.07938,0.9767445702114872,FALSE,
metropolitana_i_internacoes_i60_i69_temp_med,Metropolitana I,internacoes_i60_i69,temp_med,ur_med,quasipoisson,log,4,3,14,"logknots(lag_max, df_lag)",MMT,24.145266275648616,57.7,TRUE,"ns(tempo, df = 7 * numero_de_anos)","dow + feriado + pandemia + ns(ur_med, df = 3)",offset(log(populacao_macrorregiao_ano)); populacao obtida no SIDRA/IBGE,"percentis 1 a 99 da exposicao principal, 80 pontos",Quasi-Poisson F test: modelo completo vs. modelo sem crossbasis + Wald global para coeficientes da crossbasis quando a comparacao reduzida nao foi estimavel | NW-HAC(lag=21): p=0.02832,18.725424728764455,FALSE,Binomial negativa rejeitada por instabilidade numerica; mantido Quasi-Poisson.
metropolitana_i_internacoes_i60_i69_ur_med,Metropolitana I,internacoes_i60_i69,ur_med,temp_med,quasipoisson,log,4,3,14,"logknots(lag_max, df_lag)",MMT,92.29516666666665,99,TRUE,"ns(tempo, df = 7 * numero_de_anos)","dow + feriado + pandemia + ns(temp_med, df = 3)",offset(log(populacao_macrorregiao_ano)); populacao obtida no SIDRA/IBGE,"percentis 1 a 99 da exposicao principal, 80 pontos",Quasi-Poisson F test: modelo completo vs. modelo sem crossbasis + Wald global para coeficientes da crossbasis quando a comparacao reduzida nao foi estimavel | NW-HAC(lag=21): p=0.1315,18.712555358335255,FALSE,Binomial negativa rejeitada por instabilidade numerica; mantido Quasi-Poisson.
metropolitana_i_obitos_i60_i69_temp_med,Metropolitana I,obitos_i60_i69,temp_med,ur_med,quasipoisson,log,4,3,14,"logknots(lag_max, df_lag)",MMT,25.070248092162682,67.6,TRUE,"ns(tempo, df = 7 * numero_de_anos)","dow + feriado + pandemia + ns(ur_med, df = 3)",offset(log(populacao_macrorregiao_ano)); populacao obtida no SIDRA/IBGE,"percentis 1 a 99 da exposicao principal, 80 pontos",Quasi-Poisson F test: modelo completo vs. modelo sem crossbasis + Wald global para coeficientes da crossbasis quando a comparacao reduzida nao foi estimavel | NW-HAC(lag=21): p=2.209e-12,1.045562573328566,FALSE,
metropolitana_i_obitos_i60_i69_ur_med,Metropolitana I,obitos_i60_i69,ur_med,temp_med,quasipoisson,log,4,3,14,"logknots(lag_max, df_lag)",MMT,54.58156944444445,1,TRUE,"ns(tempo, df = 7 * numero_de_anos)","dow + feriado + pandemia + ns(temp_med, df = 3)",offset(log(populacao_macrorregiao_ano)); populacao obtida no SIDRA/IBGE,"percentis 1 a 99 da exposicao principal, 80 pontos",Quasi-Poisson F test: modelo completo vs. modelo sem crossbasis + Wald global para coeficientes da crossbasis quando a comparacao reduzida nao foi estimavel | NW-HAC(lag=21): p=0.1843,1.0507396245994207,FALSE,
metropolitana_i_internacoes_i60_i64_temp_med,Metropolitana I,internacoes_i60_i64,temp_med,ur_med,quasipoisson,log,4,3,14,"logknots(lag_max, df_lag)",MMT,29.540993538647342,99,TRUE,"ns(tempo, df = 7 * numero_de_anos)","dow + feriado + pandemia + ns(ur_med, df = 3)",offset(log(populacao_macrorregiao_ano)); populacao obtida no SIDRA/IBGE,"percentis 1 a 99 da exposicao principal, 80 pontos",Quasi-Poisson F test: modelo completo vs. modelo sem crossbasis + Wald global para coeficientes da crossbasis quando a comparacao reduzida nao foi estimavel | NW-HAC(lag=21): p=7.056e-15,1.346848516691235,FALSE,
metropolitana_i_internacoes_i60_i64_ur_med,Metropolitana I,internacoes_i60_i64,ur_med,temp_med,quasipoisson,log,4,3,14,"logknots(lag_max, df_lag)",MMT,65.56147749648382,8.9,TRUE,"ns(tempo, df = 7 * numero_de_anos)","dow + feriado + pandemia + ns(temp_med, df = 3)",offset(log(populacao_macrorregiao_ano)); populacao obtida no SIDRA/IBGE,"percentis 1 a 99 da exposicao principal, 80 pontos",Quasi-Poisson F test: modelo completo vs. modelo sem crossbasis + Wald global para coeficientes da crossbasis quando a comparacao reduzida nao foi estimavel | NW-HAC(lag=21): p=2.115e-08,1.361793939382309,FALSE,
metropolitana_i_obitos_i60_i64_temp_med,Metropolitana I,obitos_i60_i64,temp_med,ur_med,quasipoisson,log,4,3,14,"logknots(lag_max, df_lag)",MMT,24.916084456077005,65.6,TRUE,"ns(tempo, df = 7 * numero_de_anos)","dow + feriado + pandemia + ns(ur_med, df = 3)",offset(log(populacao_macrorregiao_ano)); populacao obtida no SIDRA/IBGE,"percentis 1 a 99 da exposicao principal, 80 pontos",Quasi-Poisson F test: modelo completo vs. modelo sem crossbasis + Wald global para coeficientes da crossbasis quando a comparacao reduzida nao foi estimavel | NW-HAC(lag=21): p=6.563e-09,1.03729309853147,FALSE,
metropolitana_i_obitos_i60_i64_ur_med,Metropolitana I,obitos_i60_i64,ur_med,temp_med,quasipoisson,log,4,3,14,"logknots(lag_max, df_lag)",MMT,54.58156944444445,1,TRUE,"ns(tempo, df = 7 * numero_de_anos)","dow + feriado + pandemia + ns(temp_med, df = 3)",offset(log(populacao_macrorregiao_ano)); populacao obtida no SIDRA/IBGE,"percentis 1 a 99 da exposicao principal, 80 pontos",Quasi-Poisson F test: modelo completo vs. modelo sem crossbasis + Wald global para coeficientes da crossbasis quando a comparacao reduzida nao foi estimavel | NW-HAC(lag=21): p=0.05899,1.0405103846623731,FALSE,
metropolitana_i_internacoes_i60_i62_temp_med,Metropolitana I,internacoes_i60_i62,temp_med,ur_med,quasipoisson,log,4,3,14,"logknots(lag_max, df_lag)",MMT,29.540993538647342,99,TRUE,"ns(tempo, df = 7 * numero_de_anos)","dow + feriado + pandemia + ns(ur_med, df = 3)",offset(log(populacao_macrorregiao_ano)); populacao obtida no SIDRA/IBGE,"percentis 1 a 99 da exposicao principal, 80 pontos",Quasi-Poisson F test: modelo completo vs. modelo sem crossbasis + Wald global para coeficientes da crossbasis quando a comparacao reduzida nao foi estimavel | NW-HAC(lag=21): p=0.001515,1.053075350435245,FALSE,
metropolitana_i_internacoes_i60_i62_ur_med,Metropolitana I,internacoes_i60_i62,ur_med,temp_med,quasipoisson,log,4,3,14,"logknots(lag_max, df_lag)",MMT,54.58156944444445,1,TRUE,"ns(tempo, df = 7 * numero_de_anos)","dow + feriado + pandemia + ns(temp_med, df = 3)",offset(log(populacao_macrorregiao_ano)); populacao obtida no SIDRA/IBGE,"percentis 1 a 99 da exposicao principal, 80 pontos",Quasi-Poisson F test: modelo completo vs. modelo sem crossbasis + Wald global para coeficientes da crossbasis quando a comparacao reduzida nao foi estimavel | NW-HAC(lag=21): p=0.2371,1.053763562915168,FALSE,
metropolitana_i_internacoes_i63_temp_med,Metropolitana I,internacoes_i63,temp_med,ur_med,quasipoisson,log,4,3,14,"logknots(lag_max, df_lag)",MMT,29.540993538647342,99,TRUE,"ns(tempo, df = 7 * numero_de_anos)","dow + feriado + pandemia + ns(ur_med, df = 3)",offset(log(populacao_macrorregiao_ano)); populacao obtida no SIDRA/IBGE,"percentis 1 a 99 da exposicao principal, 80 pontos",Quasi-Poisson F test: modelo completo vs. modelo sem crossbasis + Wald global para coeficientes da crossbasis quando a comparacao reduzida nao foi estimavel | NW-HAC(lag=21): p=0.007447,1.0529834462483987,FALSE,
metropolitana_i_internacoes_i63_ur_med,Metropolitana I,internacoes_i63,ur_med,temp_med,quasipoisson,log,4,3,14,"logknots(lag_max, df_lag)",MMT,87.52129360056257,92.5,TRUE,"ns(tempo, df = 7 * numero_de_anos)","dow + feriado + pandemia + ns(temp_med, df = 3)",offset(log(populacao_macrorregiao_ano)); populacao obtida no SIDRA/IBGE,"percentis 1 a 99 da exposicao principal, 80 pontos",Quasi-Poisson F test: modelo completo vs. modelo sem crossbasis + Wald global para coeficientes da crossbasis quando a comparacao reduzida nao foi estimavel | NW-HAC(lag=21): p=0.08481,1.0540555867557697,FALSE,
metropolitana_i_obitos_i63_temp_med,Metropolitana I,obitos_i63,temp_med,ur_med,quasipoisson,log,4,3,14,"logknots(lag_max, df_lag)",MMT,17.36206628787879,1,TRUE,"ns(tempo, df = 7 * numero_de_anos)","dow + feriado + pandemia + ns(ur_med, df = 3)",offset(log(populacao_macrorregiao_ano)); populacao obtida no SIDRA/IBGE,"percentis 1 a 99 da exposicao principal, 80 pontos",Quasi-Poisson F test: modelo completo vs. modelo sem crossbasis + Wald global para coeficientes da crossbasis quando a comparacao reduzida nao foi estimavel | NW-HAC(lag=21): p=0.4449,86311084917233070,TRUE,glm.fit: algoritmo não convergiu | fitting to calculate the null deviance did not converge -- increase 'maxit'? | Binomial negativa rejeitada por instabilidade numerica; mantido Quasi-Poisson.
metropolitana_i_obitos_i63_ur_med,Metropolitana I,obitos_i63,ur_med,temp_med,quasipoisson,log,4,3,14,"logknots(lag_max, df_lag)",MMT,83.7021951476793,81.3,TRUE,"ns(tempo, df = 7 * numero_de_anos)","dow + feriado + pandemia + ns(temp_med, df = 3)",offset(log(populacao_macrorregiao_ano)); populacao obtida no SIDRA/IBGE,"percentis 1 a 99 da exposicao principal, 80 pontos",Quasi-Poisson F test: modelo completo vs. modelo sem crossbasis + Wald global para coeficientes da crossbasis quando a comparacao reduzida nao foi estimavel | NW-HAC(lag=21): p=0.7664,0.9607753153252206,TRUE,glm.fit: algoritmo não convergiu | fitting to calculate the null deviance did not converge -- increase 'maxit'?
metropolitana_ii_internacoes_i60_i69_temp_med,Metropolitana II,internacoes_i60_i69,temp_med,ur_med,quasipoisson,log,4,3,14,"logknots(lag_max, df_lag)",MMT,29.649958333333323,99,TRUE,"ns(tempo, df = 7 * numero_de_anos)","dow + feriado + pandemia + ns(ur_med, df = 3)",offset(log(populacao_macrorregiao_ano)); populacao obtida no SIDRA/IBGE,"percentis 1 a 99 da exposicao principal, 80 pontos",Quasi-Poisson F test: modelo completo vs. modelo sem crossbasis + Wald global para coeficientes da crossbasis quando a comparacao reduzida nao foi estimavel | NW-HAC(lag=21): p=0.001652,1.4090057026037894,FALSE,
metropolitana_ii_internacoes_i60_i69_ur_med,Metropolitana II,internacoes_i60_i69,ur_med,temp_med,quasipoisson,log,4,3,14,"logknots(lag_max, df_lag)",MMT,97.54166666666667,99,TRUE,"ns(tempo, df = 7 * numero_de_anos)","dow + feriado + pandemia + ns(temp_med, df = 3)",offset(log(populacao_macrorregiao_ano)); populacao obtida no SIDRA/IBGE,"percentis 1 a 99 da exposicao principal, 80 pontos",Quasi-Poisson F test: modelo completo vs. modelo sem crossbasis + Wald global para coeficientes da crossbasis quando a comparacao reduzida nao foi estimavel | NW-HAC(lag=21): p=0.1679,1.4138810210695785,FALSE,
metropolitana_ii_obitos_i60_i69_temp_med,Metropolitana II,obitos_i60_i69,temp_med,ur_med,quasipoisson,log,4,3,14,"logknots(lag_max, df_lag)",MMT,29.649958333333323,99,TRUE,"ns(tempo, df = 7 * numero_de_anos)","dow + feriado + pandemia + ns(ur_med, df = 3)",offset(log(populacao_macrorregiao_ano)); populacao obtida no SIDRA/IBGE,"percentis 1 a 99 da exposicao principal, 80 pontos",Quasi-Poisson F test: modelo completo vs. modelo sem crossbasis + Wald global para coeficientes da crossbasis quando a comparacao reduzida nao foi estimavel | NW-HAC(lag=21): p=0.9276,1.0201790065500627,FALSE,
metropolitana_ii_obitos_i60_i69_ur_med,Metropolitana II,obitos_i60_i69,ur_med,temp_med,quasipoisson,log,4,3,14,"logknots(lag_max, df_lag)",MMT,97.54166666666667,99,TRUE,"ns(tempo, df = 7 * numero_de_anos)","dow + feriado + pandemia + ns(temp_med, df = 3)",offset(log(populacao_macrorregiao_ano)); populacao obtida no SIDRA/IBGE,"percentis 1 a 99 da exposicao principal, 80 pontos",Quasi-Poisson F test: modelo completo vs. modelo sem crossbasis + Wald global para coeficientes da crossbasis quando a comparacao reduzida nao foi estimavel | NW-HAC(lag=21): p=0.3744,1.018451200552375,FALSE,
metropolitana_ii_internacoes_i60_i64_temp_med,Metropolitana II,internacoes_i60_i64,temp_med,ur_med,quasipoisson,log,4,3,14,"logknots(lag_max, df_lag)",MMT,29.649958333333323,99,TRUE,"ns(tempo, df = 7 * numero_de_anos)","dow + feriado + pandemia + ns(ur_med, df = 3)",offset(log(populacao_macrorregiao_ano)); populacao obtida no SIDRA/IBGE,"percentis 1 a 99 da exposicao principal, 80 pontos",Quasi-Poisson F test: modelo completo vs. modelo sem crossbasis + Wald global para coeficientes da crossbasis quando a comparacao reduzida nao foi estimavel | NW-HAC(lag=21): p=0.000197,1.0992045478794705,FALSE,
metropolitana_ii_internacoes_i60_i64_ur_med,Metropolitana II,internacoes_i60_i64,ur_med,temp_med,quasipoisson,log,4,3,14,"logknots(lag_max, df_lag)",MMT,97.54166666666667,99,TRUE,"ns(tempo, df = 7 * numero_de_anos)","dow + feriado + pandemia + ns(temp_med, df = 3)",offset(log(populacao_macrorregiao_ano)); populacao obtida no SIDRA/IBGE,"percentis 1 a 99 da exposicao principal, 80 pontos",Quasi-Poisson F test: modelo completo vs. modelo sem crossbasis + Wald global para coeficientes da crossbasis quando a comparacao reduzida nao foi estimavel | NW-HAC(lag=21): p=0.2125,1.1034536515295785,FALSE,
metropolitana_ii_obitos_i60_i64_temp_med,Metropolitana II,obitos_i60_i64,temp_med,ur_med,quasipoisson,log,4,3,14,"logknots(lag_max, df_lag)",MMT,18.1976608649789,20.3,TRUE,"ns(tempo, df = 7 * numero_de_anos)","dow + feriado + pandemia + ns(ur_med, df = 3)",offset(log(populacao_macrorregiao_ano)); populacao obtida no SIDRA/IBGE,"percentis 1 a 99 da exposicao principal, 80 pontos",Quasi-Poisson F test: modelo completo vs. modelo sem crossbasis + Wald global para coeficientes da crossbasis quando a comparacao reduzida nao foi estimavel | NW-HAC(lag=21): p=0.6754,1.0211313756231835,FALSE,
metropolitana_ii_obitos_i60_i64_ur_med,Metropolitana II,obitos_i60_i64,ur_med,temp_med,quasipoisson,log,4,3,14,"logknots(lag_max, df_lag)",MMT,97.54166666666667,99,TRUE,"ns(tempo, df = 7 * numero_de_anos)","dow + feriado + pandemia + ns(temp_med, df = 3)",offset(log(populacao_macrorregiao_ano)); populacao obtida no SIDRA/IBGE,"percentis 1 a 99 da exposicao principal, 80 pontos",Quasi-Poisson F test: modelo completo vs. modelo sem crossbasis + Wald global para coeficientes da crossbasis quando a comparacao reduzida nao foi estimavel | NW-HAC(lag=21): p=0.8252,1.020063254488695,FALSE,
metropolitana_ii_internacoes_i60_i62_temp_med,Metropolitana II,internacoes_i60_i62,temp_med,ur_med,quasipoisson,log,4,3,14,"logknots(lag_max, df_lag)",MMT,29.649958333333323,99,TRUE,"ns(tempo, df = 7 * numero_de_anos)","dow + feriado + pandemia + ns(ur_med, df = 3)",offset(log(populacao_macrorregiao_ano)); populacao obtida no SIDRA/IBGE,"percentis 1 a 99 da exposicao principal, 80 pontos",Quasi-Poisson F test: modelo completo vs. modelo sem crossbasis + Wald global para coeficientes da crossbasis quando a comparacao reduzida nao foi estimavel | NW-HAC(lag=21): p=0.01826,1.0285659745943854,FALSE,
metropolitana_ii_internacoes_i60_i62_ur_med,Metropolitana II,internacoes_i60_i62,ur_med,temp_med,quasipoisson,log,4,3,14,"logknots(lag_max, df_lag)",MMT,80.29887482419129,53.6,TRUE,"ns(tempo, df = 7 * numero_de_anos)","dow + feriado + pandemia + ns(temp_med, df = 3)",offset(log(populacao_macrorregiao_ano)); populacao obtida no SIDRA/IBGE,"percentis 1 a 99 da exposicao principal, 80 pontos",Quasi-Poisson F test: modelo completo vs. modelo sem crossbasis + Wald global para coeficientes da crossbasis quando a comparacao reduzida nao foi estimavel | NW-HAC(lag=21): p=8.647e-05,1.026772881009129,FALSE,
metropolitana_ii_obitos_i60_i62_temp_med,Metropolitana II,obitos_i60_i62,temp_med,ur_med,quasipoisson,log,4,3,14,"logknots(lag_max, df_lag)",MMT,29.649958333333323,99,TRUE,"ns(tempo, df = 7 * numero_de_anos)","dow + feriado + pandemia + ns(ur_med, df = 3)",offset(log(populacao_macrorregiao_ano)); populacao obtida no SIDRA/IBGE,"percentis 1 a 99 da exposicao principal, 80 pontos",Quasi-Poisson F test: modelo completo vs. modelo sem crossbasis + Wald global para coeficientes da crossbasis quando a comparacao reduzida nao foi estimavel | NW-HAC(lag=21): p=0.1379,0.9346631966648539,TRUE,glm.fit: algoritmo não convergiu
metropolitana_ii_obitos_i60_i62_ur_med,Metropolitana II,obitos_i60_i62,ur_med,temp_med,quasipoisson,log,4,3,14,"logknots(lag_max, df_lag)",MMT,58.62222222222222,1,TRUE,"ns(tempo, df = 7 * numero_de_anos)","dow + feriado + pandemia + ns(temp_med, df = 3)",offset(log(populacao_macrorregiao_ano)); populacao obtida no SIDRA/IBGE,"percentis 1 a 99 da exposicao principal, 80 pontos",Quasi-Poisson F test: modelo completo vs. modelo sem crossbasis + Wald global para coeficientes da crossbasis quando a comparacao reduzida nao foi estimavel | NW-HAC(lag=21): p=0.9577,0.9375404680482989,TRUE,glm.fit: algoritmo não convergiu
metropolitana_ii_internacoes_i63_temp_med,Metropolitana II,internacoes_i63,temp_med,ur_med,quasipoisson,log,4,3,14,"logknots(lag_max, df_lag)",MMT,22.46420305907172,54.7,TRUE,"ns(tempo, df = 7 * numero_de_anos)","dow + feriado + pandemia + ns(ur_med, df = 3)",offset(log(populacao_macrorregiao_ano)); populacao obtida no SIDRA/IBGE,"percentis 1 a 99 da exposicao principal, 80 pontos",Quasi-Poisson F test: modelo completo vs. modelo sem crossbasis + Wald global para coeficientes da crossbasis quando a comparacao reduzida nao foi estimavel | NW-HAC(lag=21): p=0.01979,1.0402609217544672,FALSE,
metropolitana_ii_internacoes_i63_ur_med,Metropolitana II,internacoes_i63,ur_med,temp_med,quasipoisson,log,4,3,14,"logknots(lag_max, df_lag)",MMT,58.62222222222222,1,TRUE,"ns(tempo, df = 7 * numero_de_anos)","dow + feriado + pandemia + ns(temp_med, df = 3)",offset(log(populacao_macrorregiao_ano)); populacao obtida no SIDRA/IBGE,"percentis 1 a 99 da exposicao principal, 80 pontos",Quasi-Poisson F test: modelo completo vs. modelo sem crossbasis + Wald global para coeficientes da crossbasis quando a comparacao reduzida nao foi estimavel | NW-HAC(lag=21): p=0.2787,1.0379146214990227,FALSE,
metropolitana_ii_obitos_i63_temp_med,Metropolitana II,obitos_i63,temp_med,ur_med,quasipoisson,log,4,3,14,"logknots(lag_max, df_lag)",MMT,20.667764240506322,38.1,TRUE,"ns(tempo, df = 7 * numero_de_anos)","dow + feriado + pandemia + ns(ur_med, df = 3)",offset(log(populacao_macrorregiao_ano)); populacao obtida no SIDRA/IBGE,"percentis 1 a 99 da exposicao principal, 80 pontos",Quasi-Poisson F test: modelo completo vs. modelo sem crossbasis + Wald global para coeficientes da crossbasis quando a comparacao reduzida nao foi estimavel | NW-HAC(lag=21): p=0.867,0.9077524492008164,TRUE,glm.fit: algoritmo não convergiu
metropolitana_ii_obitos_i63_ur_med,Metropolitana II,obitos_i63,ur_med,temp_med,quasipoisson,log,4,3,14,"logknots(lag_max, df_lag)",MMT,97.54166666666667,99,TRUE,"ns(tempo, df = 7 * numero_de_anos)","dow + feriado + pandemia + ns(temp_med, df = 3)",offset(log(populacao_macrorregiao_ano)); populacao obtida no SIDRA/IBGE,"percentis 1 a 99 da exposicao principal, 80 pontos",Quasi-Poisson F test: modelo completo vs. modelo sem crossbasis + Wald global para coeficientes da crossbasis quando a comparacao reduzida nao foi estimavel | NW-HAC(lag=21): p=0.1906,0.8982559448398939,TRUE,glm.fit: algoritmo não convergiu
noroeste_internacoes_i60_i69_temp_med,Noroeste,internacoes_i60_i69,temp_med,ur_med,quasipoisson,log,4,3,14,"logknots(lag_max, df_lag)",MMT,30.226749999999996,99,TRUE,"ns(tempo, df = 7 * numero_de_anos)","dow + feriado + pandemia + ns(ur_med, df = 3)",offset(log(populacao_macrorregiao_ano)); populacao obtida no SIDRA/IBGE,"percentis 1 a 99 da exposicao principal, 80 pontos",Quasi-Poisson F test: modelo completo vs. modelo sem crossbasis + Wald global para coeficientes da crossbasis quando a comparacao reduzida nao foi estimavel | NW-HAC(lag=21): p=0.0237,2.673643577108682,FALSE,
noroeste_internacoes_i60_i69_ur_med,Noroeste,internacoes_i60_i69,ur_med,temp_med,quasipoisson,log,4,3,14,"logknots(lag_max, df_lag)",MMT,55.11958333333334,1,TRUE,"ns(tempo, df = 7 * numero_de_anos)","dow + feriado + pandemia + ns(temp_med, df = 3)",offset(log(populacao_macrorregiao_ano)); populacao obtida no SIDRA/IBGE,"percentis 1 a 99 da exposicao principal, 80 pontos",Quasi-Poisson F test: modelo completo vs. modelo sem crossbasis + Wald global para coeficientes da crossbasis quando a comparacao reduzida nao foi estimavel | NW-HAC(lag=21): p=0.01481,2.703260330366588,FALSE,
noroeste_obitos_i60_i69_temp_med,Noroeste,obitos_i60_i69,temp_med,ur_med,quasipoisson,log,4,3,14,"logknots(lag_max, df_lag)",MMT,23.69876687763713,48.9,TRUE,"ns(tempo, df = 7 * numero_de_anos)","dow + feriado + pandemia + ns(ur_med, df = 3)",offset(log(populacao_macrorregiao_ano)); populacao obtida no SIDRA/IBGE,"percentis 1 a 99 da exposicao principal, 80 pontos",Quasi-Poisson F test: modelo completo vs. modelo sem crossbasis + Wald global para coeficientes da crossbasis quando a comparacao reduzida nao foi estimavel | NW-HAC(lag=21): p=0.6438,1.0171122196324631,FALSE,
noroeste_obitos_i60_i69_ur_med,Noroeste,obitos_i60_i69,ur_med,temp_med,quasipoisson,log,4,3,14,"logknots(lag_max, df_lag)",MMT,55.11958333333334,1,TRUE,"ns(tempo, df = 7 * numero_de_anos)","dow + feriado + pandemia + ns(temp_med, df = 3)",offset(log(populacao_macrorregiao_ano)); populacao obtida no SIDRA/IBGE,"percentis 1 a 99 da exposicao principal, 80 pontos",Quasi-Poisson F test: modelo completo vs. modelo sem crossbasis + Wald global para coeficientes da crossbasis quando a comparacao reduzida nao foi estimavel | NW-HAC(lag=21): p=0.6853,1.020072201095702,FALSE,
noroeste_internacoes_i60_i64_temp_med,Noroeste,internacoes_i60_i64,temp_med,ur_med,quasipoisson,log,4,3,14,"logknots(lag_max, df_lag)",MMT,30.226749999999996,99,TRUE,"ns(tempo, df = 7 * numero_de_anos)","dow + feriado + pandemia + ns(ur_med, df = 3)",offset(log(populacao_macrorregiao_ano)); populacao obtida no SIDRA/IBGE,"percentis 1 a 99 da exposicao principal, 80 pontos",Quasi-Poisson F test: modelo completo vs. modelo sem crossbasis + Wald global para coeficientes da crossbasis quando a comparacao reduzida nao foi estimavel | NW-HAC(lag=21): p=5.982e-05,1.094700948476492,FALSE,
noroeste_internacoes_i60_i64_ur_med,Noroeste,internacoes_i60_i64,ur_med,temp_med,quasipoisson,log,4,3,14,"logknots(lag_max, df_lag)",MMT,55.11958333333334,1,TRUE,"ns(tempo, df = 7 * numero_de_anos)","dow + feriado + pandemia + ns(temp_med, df = 3)",offset(log(populacao_macrorregiao_ano)); populacao obtida no SIDRA/IBGE,"percentis 1 a 99 da exposicao principal, 80 pontos",Quasi-Poisson F test: modelo completo vs. modelo sem crossbasis + Wald global para coeficientes da crossbasis quando a comparacao reduzida nao foi estimavel | NW-HAC(lag=21): p=0.1621,1.0966952590062098,FALSE,
noroeste_obitos_i60_i64_temp_med,Noroeste,obitos_i60_i64,temp_med,ur_med,quasipoisson,log,4,3,14,"logknots(lag_max, df_lag)",MMT,23.870555907172992,50.2,TRUE,"ns(tempo, df = 7 * numero_de_anos)","dow + feriado + pandemia + ns(ur_med, df = 3)",offset(log(populacao_macrorregiao_ano)); populacao obtida no SIDRA/IBGE,"percentis 1 a 99 da exposicao principal, 80 pontos",Quasi-Poisson F test: modelo completo vs. modelo sem crossbasis + Wald global para coeficientes da crossbasis quando a comparacao reduzida nao foi estimavel | NW-HAC(lag=21): p=0.2288,1.0271601120588993,FALSE,
noroeste_obitos_i60_i64_ur_med,Noroeste,obitos_i60_i64,ur_med,temp_med,quasipoisson,log,4,3,14,"logknots(lag_max, df_lag)",MMT,55.11958333333334,1,TRUE,"ns(tempo, df = 7 * numero_de_anos)","dow + feriado + pandemia + ns(temp_med, df = 3)",offset(log(populacao_macrorregiao_ano)); populacao obtida no SIDRA/IBGE,"percentis 1 a 99 da exposicao principal, 80 pontos",Quasi-Poisson F test: modelo completo vs. modelo sem crossbasis + Wald global para coeficientes da crossbasis quando a comparacao reduzida nao foi estimavel | NW-HAC(lag=21): p=0.4113,1.031128402089111,FALSE,
noroeste_internacoes_i60_i62_temp_med,Noroeste,internacoes_i60_i62,temp_med,ur_med,quasipoisson,log,4,3,14,"logknots(lag_max, df_lag)",MMT,27.649914556962024,86.9,TRUE,"ns(tempo, df = 7 * numero_de_anos)","dow + feriado + pandemia + ns(ur_med, df = 3)",offset(log(populacao_macrorregiao_ano)); populacao obtida no SIDRA/IBGE,"percentis 1 a 99 da exposicao principal, 80 pontos",Quasi-Poisson F test: modelo completo vs. modelo sem crossbasis + Wald global para coeficientes da crossbasis quando a comparacao reduzida nao foi estimavel | NW-HAC(lag=21): p=0.198,1.0352371983312516,FALSE,
noroeste_internacoes_i60_i62_ur_med,Noroeste,internacoes_i60_i62,ur_med,temp_med,quasipoisson,log,4,3,14,"logknots(lag_max, df_lag)",MMT,55.11958333333334,1,TRUE,"ns(tempo, df = 7 * numero_de_anos)","dow + feriado + pandemia + ns(temp_med, df = 3)",offset(log(populacao_macrorregiao_ano)); populacao obtida no SIDRA/IBGE,"percentis 1 a 99 da exposicao principal, 80 pontos",Quasi-Poisson F test: modelo completo vs. modelo sem crossbasis + Wald global para coeficientes da crossbasis quando a comparacao reduzida nao foi estimavel | NW-HAC(lag=21): p=0.5457,1.0380369665492317,FALSE,
noroeste_obitos_i60_i62_ur_med,Noroeste,obitos_i60_i62,ur_med,temp_med,quasipoisson,log,4,3,14,"logknots(lag_max, df_lag)",MMT,60.141366033755276,3.3,TRUE,"ns(tempo, df = 7 * numero_de_anos)","dow + feriado + pandemia + ns(temp_med, df = 3)",offset(log(populacao_macrorregiao_ano)); populacao obtida no SIDRA/IBGE,"percentis 1 a 99 da exposicao principal, 80 pontos",Quasi-Poisson F test: modelo completo vs. modelo sem crossbasis + Wald global para coeficientes da crossbasis quando a comparacao reduzida nao foi estimavel | NW-HAC(lag=21): p=0.6996,6284849561204933e126,TRUE,tamanho do passo truncado devido a divergência | glm.fit: algoritmo não convergiu | glm.fit: algoritmo parou no valor do limite | fitting to calculate the null deviance did not converge -- increase 'maxit'? | Binomial negativa rejeitada por instabilidade numerica; mantido Quasi-Poisson.
noroeste_internacoes_i63_temp_med,Noroeste,internacoes_i63,temp_med,ur_med,quasipoisson,log,4,3,14,"logknots(lag_max, df_lag)",MMT,30.226749999999996,99,TRUE,"ns(tempo, df = 7 * numero_de_anos)","dow + feriado + pandemia + ns(ur_med, df = 3)",offset(log(populacao_macrorregiao_ano)); populacao obtida no SIDRA/IBGE,"percentis 1 a 99 da exposicao principal, 80 pontos",Quasi-Poisson F test: modelo completo vs. modelo sem crossbasis + Wald global para coeficientes da crossbasis quando a comparacao reduzida nao foi estimavel | NW-HAC(lag=21): p=0.3101,0.5452836232318549,TRUE,glm.fit: algoritmo não convergiu
noroeste_internacoes_i63_ur_med,Noroeste,internacoes_i63,ur_med,temp_med,quasipoisson,log,4,3,14,"logknots(lag_max, df_lag)",MMT,81.73503164556962,78.6,TRUE,"ns(tempo, df = 7 * numero_de_anos)","dow + feriado + pandemia + ns(temp_med, df = 3)",offset(log(populacao_macrorregiao_ano)); populacao obtida no SIDRA/IBGE,"percentis 1 a 99 da exposicao principal, 80 pontos",Quasi-Poisson F test: modelo completo vs. modelo sem crossbasis + Wald global para coeficientes da crossbasis quando a comparacao reduzida nao foi estimavel | NW-HAC(lag=21): p=0.02809,0.5274050784542865,TRUE,glm.fit: algoritmo não convergiu
noroeste_obitos_i63_ur_med,Noroeste,obitos_i63,ur_med,temp_med,quasipoisson,log,4,3,14,"logknots(lag_max, df_lag)",MMT,84.74810126582278,87.8,TRUE,"ns(tempo, df = 7 * numero_de_anos)","dow + feriado + pandemia + ns(temp_med, df = 3)",offset(log(populacao_macrorregiao_ano)); populacao obtida no SIDRA/IBGE,"percentis 1 a 99 da exposicao principal, 80 pontos",Quasi-Poisson F test: modelo completo vs. modelo sem crossbasis + Wald global para coeficientes da crossbasis quando a comparacao reduzida nao foi estimavel | NW-HAC(lag=21): p=1,2658160793.2285237,TRUE,glm.fit: algoritmo não convergiu | fitting to calculate the null deviance did not converge -- increase 'maxit'? | Binomial negativa rejeitada por instabilidade numerica; mantido Quasi-Poisson. | tamanho do passo truncado devido a divergência
norte_internacoes_i60_i69_temp_med,Norte,internacoes_i60_i69,temp_med,ur_med,quasipoisson,log,4,3,14,"logknots(lag_max, df_lag)",MMT,28.554361111111106,99,TRUE,"ns(tempo, df = 7 * numero_de_anos)","dow + feriado + pandemia + ns(ur_med, df = 3)",offset(log(populacao_macrorregiao_ano)); populacao obtida no SIDRA/IBGE,"percentis 1 a 99 da exposicao principal, 80 pontos",Quasi-Poisson F test: modelo completo vs. modelo sem crossbasis + Wald global para coeficientes da crossbasis quando a comparacao reduzida nao foi estimavel | NW-HAC(lag=21): p=0.1581,1.9259157956556734,FALSE,
norte_internacoes_i60_i69_ur_med,Norte,internacoes_i60_i69,ur_med,temp_med,quasipoisson,log,4,3,14,"logknots(lag_max, df_lag)",MMT,63.246111111111105,1,TRUE,"ns(tempo, df = 7 * numero_de_anos)","dow + feriado + pandemia + ns(temp_med, df = 3)",offset(log(populacao_macrorregiao_ano)); populacao obtida no SIDRA/IBGE,"percentis 1 a 99 da exposicao principal, 80 pontos",Quasi-Poisson F test: modelo completo vs. modelo sem crossbasis + Wald global para coeficientes da crossbasis quando a comparacao reduzida nao foi estimavel | NW-HAC(lag=21): p=0.7956,2.186526024163732,FALSE,
norte_obitos_i60_i69_temp_med,Norte,obitos_i60_i69,temp_med,ur_med,quasipoisson,log,4,3,14,"logknots(lag_max, df_lag)",MMT,23.855211497890295,51,TRUE,"ns(tempo, df = 7 * numero_de_anos)","dow + feriado + pandemia + ns(ur_med, df = 3)",offset(log(populacao_macrorregiao_ano)); populacao obtida no SIDRA/IBGE,"percentis 1 a 99 da exposicao principal, 80 pontos",Quasi-Poisson F test: modelo completo vs. modelo sem crossbasis + Wald global para coeficientes da crossbasis quando a comparacao reduzida nao foi estimavel | NW-HAC(lag=21): p=0.03138,0.9852453555450292,FALSE,
norte_obitos_i60_i69_ur_med,Norte,obitos_i60_i69,ur_med,temp_med,quasipoisson,log,4,3,14,"logknots(lag_max, df_lag)",MMT,92.2459722222222,99,TRUE,"ns(tempo, df = 7 * numero_de_anos)","dow + feriado + pandemia + ns(temp_med, df = 3)",offset(log(populacao_macrorregiao_ano)); populacao obtida no SIDRA/IBGE,"percentis 1 a 99 da exposicao principal, 80 pontos",Quasi-Poisson F test: modelo completo vs. modelo sem crossbasis + Wald global para coeficientes da crossbasis quando a comparacao reduzida nao foi estimavel | NW-HAC(lag=21): p=0.05389,0.9837195384362895,FALSE,
norte_internacoes_i60_i64_temp_med,Norte,internacoes_i60_i64,temp_med,ur_med,quasipoisson,log,4,3,14,"logknots(lag_max, df_lag)",MMT,28.554361111111106,99,TRUE,"ns(tempo, df = 7 * numero_de_anos)","dow + feriado + pandemia + ns(ur_med, df = 3)",offset(log(populacao_macrorregiao_ano)); populacao obtida no SIDRA/IBGE,"percentis 1 a 99 da exposicao principal, 80 pontos",Quasi-Poisson F test: modelo completo vs. modelo sem crossbasis + Wald global para coeficientes da crossbasis quando a comparacao reduzida nao foi estimavel | NW-HAC(lag=21): p=0.439,1.0442850831249222,FALSE,
norte_internacoes_i60_i64_ur_med,Norte,internacoes_i60_i64,ur_med,temp_med,quasipoisson,log,4,3,14,"logknots(lag_max, df_lag)",MMT,63.246111111111105,1,TRUE,"ns(tempo, df = 7 * numero_de_anos)","dow + feriado + pandemia + ns(temp_med, df = 3)",offset(log(populacao_macrorregiao_ano)); populacao obtida no SIDRA/IBGE,"percentis 1 a 99 da exposicao principal, 80 pontos",Quasi-Poisson F test: modelo completo vs. modelo sem crossbasis + Wald global para coeficientes da crossbasis quando a comparacao reduzida nao foi estimavel | NW-HAC(lag=21): p=0.8247,1.0446055104783332,FALSE,
norte_obitos_i60_i64_temp_med,Norte,obitos_i60_i64,temp_med,ur_med,quasipoisson,log,4,3,14,"logknots(lag_max, df_lag)",MMT,28.554361111111106,99,TRUE,"ns(tempo, df = 7 * numero_de_anos)","dow + feriado + pandemia + ns(ur_med, df = 3)",offset(log(populacao_macrorregiao_ano)); populacao obtida no SIDRA/IBGE,"percentis 1 a 99 da exposicao principal, 80 pontos",Quasi-Poisson F test: modelo completo vs. modelo sem crossbasis + Wald global para coeficientes da crossbasis quando a comparacao reduzida nao foi estimavel | NW-HAC(lag=21): p=0.2107,0.998024496101693,FALSE,
norte_obitos_i60_i64_ur_med,Norte,obitos_i60_i64,ur_med,temp_med,quasipoisson,log,4,3,14,"logknots(lag_max, df_lag)",MMT,92.2459722222222,99,TRUE,"ns(tempo, df = 7 * numero_de_anos)","dow + feriado + pandemia + ns(temp_med, df = 3)",offset(log(populacao_macrorregiao_ano)); populacao obtida no SIDRA/IBGE,"percentis 1 a 99 da exposicao principal, 80 pontos",Quasi-Poisson F test: modelo completo vs. modelo sem crossbasis + Wald global para coeficientes da crossbasis quando a comparacao reduzida nao foi estimavel | NW-HAC(lag=21): p=0.04241,0.9953549763468567,FALSE,
norte_internacoes_i60_i62_temp_med,Norte,internacoes_i60_i62,temp_med,ur_med,quasipoisson,log,4,3,14,"logknots(lag_max, df_lag)",MMT,18.52104166666667,1,TRUE,"ns(tempo, df = 7 * numero_de_anos)","dow + feriado + pandemia + ns(ur_med, df = 3)",offset(log(populacao_macrorregiao_ano)); populacao obtida no SIDRA/IBGE,"percentis 1 a 99 da exposicao principal, 80 pontos",Quasi-Poisson F test: modelo completo vs. modelo sem crossbasis + Wald global para coeficientes da crossbasis quando a comparacao reduzida nao foi estimavel | NW-HAC(lag=21): p=0.6645,1.0136520111709817,FALSE,
norte_internacoes_i60_i62_ur_med,Norte,internacoes_i60_i62,ur_med,temp_med,quasipoisson,log,4,3,14,"logknots(lag_max, df_lag)",MMT,82.70171413502109,77.3,TRUE,"ns(tempo, df = 7 * numero_de_anos)","dow + feriado + pandemia + ns(temp_med, df = 3)",offset(log(populacao_macrorregiao_ano)); populacao obtida no SIDRA/IBGE,"percentis 1 a 99 da exposicao principal, 80 pontos",Quasi-Poisson F test: modelo completo vs. modelo sem crossbasis + Wald global para coeficientes da crossbasis quando a comparacao reduzida nao foi estimavel | NW-HAC(lag=21): p=0.5732,1.01244608135631,FALSE,
norte_obitos_i60_i62_temp_med,Norte,obitos_i60_i62,temp_med,ur_med,quasipoisson,log,4,3,14,"logknots(lag_max, df_lag)",MMT,28.554361111111106,99,TRUE,"ns(tempo, df = 7 * numero_de_anos)","dow + feriado + pandemia + ns(ur_med, df = 3)",offset(log(populacao_macrorregiao_ano)); populacao obtida no SIDRA/IBGE,"percentis 1 a 99 da exposicao principal, 80 pontos",Quasi-Poisson F test: modelo completo vs. modelo sem crossbasis + Wald global para coeficientes da crossbasis quando a comparacao reduzida nao foi estimavel | NW-HAC(lag=21): p=0.7043,0.9326611249924266,TRUE,glm.fit: algoritmo não convergiu
norte_obitos_i60_i62_ur_med,Norte,obitos_i60_i62,ur_med,temp_med,quasipoisson,log,4,3,14,"logknots(lag_max, df_lag)",MMT,92.2459722222222,99,TRUE,"ns(tempo, df = 7 * numero_de_anos)","dow + feriado + pandemia + ns(temp_med, df = 3)",offset(log(populacao_macrorregiao_ano)); populacao obtida no SIDRA/IBGE,"percentis 1 a 99 da exposicao principal, 80 pontos",Quasi-Poisson F test: modelo completo vs. modelo sem crossbasis + Wald global para coeficientes da crossbasis quando a comparacao reduzida nao foi estimavel | NW-HAC(lag=21): p=0.07676,0.9278974946426336,TRUE,glm.fit: algoritmo não convergiu
norte_internacoes_i63_temp_med,Norte,internacoes_i63,temp_med,ur_med,quasipoisson,log,4,3,14,"logknots(lag_max, df_lag)",MMT,18.52104166666667,1,TRUE,"ns(tempo, df = 7 * numero_de_anos)","dow + feriado + pandemia + ns(ur_med, df = 3)",offset(log(populacao_macrorregiao_ano)); populacao obtida no SIDRA/IBGE,"percentis 1 a 99 da exposicao principal, 80 pontos",Quasi-Poisson F test: modelo completo vs. modelo sem crossbasis + Wald global para coeficientes da crossbasis quando a comparacao reduzida nao foi estimavel | NW-HAC(lag=21): p=0.2706,1.0389848219852067,FALSE,
norte_internacoes_i63_ur_med,Norte,internacoes_i63,ur_med,temp_med,quasipoisson,log,4,3,14,"logknots(lag_max, df_lag)",MMT,92.2459722222222,99,TRUE,"ns(tempo, df = 7 * numero_de_anos)","dow + feriado + pandemia + ns(temp_med, df = 3)",offset(log(populacao_macrorregiao_ano)); populacao obtida no SIDRA/IBGE,"percentis 1 a 99 da exposicao principal, 80 pontos",Quasi-Poisson F test: modelo completo vs. modelo sem crossbasis + Wald global para coeficientes da crossbasis quando a comparacao reduzida nao foi estimavel | NW-HAC(lag=21): p=0.4175,1.0412578399732566,FALSE,
serrana_internacoes_i60_i69_temp_med,Serrana,internacoes_i60_i69,temp_med,ur_med,negative_binomial,log,4,3,14,"logknots(lag_max, df_lag)",MMT,17.992514240506328,51.9,TRUE,"ns(tempo, df = 7 * numero_de_anos)","dow + feriado + pandemia + ns(ur_med, df = 3)",offset(log(populacao_macrorregiao_ano)); populacao obtida no SIDRA/IBGE,"percentis 1 a 99 da exposicao principal, 80 pontos",Negative binomial likelihood-ratio test: modelo completo vs. modelo sem crossbasis | NW-HAC(lag=21): p=0.03687,16.57475386704071,FALSE,
serrana_internacoes_i60_i69_ur_med,Serrana,internacoes_i60_i69,ur_med,temp_med,negative_binomial,log,4,3,14,"logknots(lag_max, df_lag)",MMT,71.08242879746835,9.2,TRUE,"ns(tempo, df = 7 * numero_de_anos)","dow + feriado + pandemia + ns(temp_med, df = 3)",offset(log(populacao_macrorregiao_ano)); populacao obtida no SIDRA/IBGE,"percentis 1 a 99 da exposicao principal, 80 pontos",Negative binomial likelihood-ratio test: modelo completo vs. modelo sem crossbasis | NW-HAC(lag=21): p=0.08943,16.492591249891266,FALSE,
serrana_obitos_i60_i69_temp_med,Serrana,obitos_i60_i69,temp_med,ur_med,quasipoisson,log,4,3,14,"logknots(lag_max, df_lag)",MMT,23.37515738396624,98.2,TRUE,"ns(tempo, df = 7 * numero_de_anos)","dow + feriado + pandemia + ns(ur_med, df = 3)",offset(log(populacao_macrorregiao_ano)); populacao obtida no SIDRA/IBGE,"percentis 1 a 99 da exposicao principal, 80 pontos",Quasi-Poisson F test: modelo completo vs. modelo sem crossbasis + Wald global para coeficientes da crossbasis quando a comparacao reduzida nao foi estimavel | NW-HAC(lag=21): p=0.3786,1.0222944678789712,FALSE,
serrana_obitos_i60_i69_ur_med,Serrana,obitos_i60_i69,ur_med,temp_med,quasipoisson,log,4,3,14,"logknots(lag_max, df_lag)",MMT,96.82437499999999,99,TRUE,"ns(tempo, df = 7 * numero_de_anos)","dow + feriado + pandemia + ns(temp_med, df = 3)",offset(log(populacao_macrorregiao_ano)); populacao obtida no SIDRA/IBGE,"percentis 1 a 99 da exposicao principal, 80 pontos",Quasi-Poisson F test: modelo completo vs. modelo sem crossbasis + Wald global para coeficientes da crossbasis quando a comparacao reduzida nao foi estimavel | NW-HAC(lag=21): p=0.0533,1.0208285935074046,FALSE,
serrana_internacoes_i60_i64_temp_med,Serrana,internacoes_i60_i64,temp_med,ur_med,quasipoisson,log,4,3,14,"logknots(lag_max, df_lag)",MMT,23.89605833333333,99,TRUE,"ns(tempo, df = 7 * numero_de_anos)","dow + feriado + pandemia + ns(ur_med, df = 3)",offset(log(populacao_macrorregiao_ano)); populacao obtida no SIDRA/IBGE,"percentis 1 a 99 da exposicao principal, 80 pontos",Quasi-Poisson F test: modelo completo vs. modelo sem crossbasis + Wald global para coeficientes da crossbasis quando a comparacao reduzida nao foi estimavel | NW-HAC(lag=21): p=0.2429,1.3473484129920064,FALSE,
serrana_internacoes_i60_i64_ur_med,Serrana,internacoes_i60_i64,ur_med,temp_med,quasipoisson,log,4,3,14,"logknots(lag_max, df_lag)",MMT,75.37275316455695,17.6,TRUE,"ns(tempo, df = 7 * numero_de_anos)","dow + feriado + pandemia + ns(temp_med, df = 3)",offset(log(populacao_macrorregiao_ano)); populacao obtida no SIDRA/IBGE,"percentis 1 a 99 da exposicao principal, 80 pontos",Quasi-Poisson F test: modelo completo vs. modelo sem crossbasis + Wald global para coeficientes da crossbasis quando a comparacao reduzida nao foi estimavel | NW-HAC(lag=21): p=0.03992,1.3461395252708699,FALSE,
serrana_obitos_i60_i64_temp_med,Serrana,obitos_i60_i64,temp_med,ur_med,quasipoisson,log,4,3,14,"logknots(lag_max, df_lag)",MMT,23.89605833333333,99,TRUE,"ns(tempo, df = 7 * numero_de_anos)","dow + feriado + pandemia + ns(ur_med, df = 3)",offset(log(populacao_macrorregiao_ano)); populacao obtida no SIDRA/IBGE,"percentis 1 a 99 da exposicao principal, 80 pontos",Quasi-Poisson F test: modelo completo vs. modelo sem crossbasis + Wald global para coeficientes da crossbasis quando a comparacao reduzida nao foi estimavel | NW-HAC(lag=21): p=0.4723,0.9763998142710449,FALSE,
serrana_obitos_i60_i64_ur_med,Serrana,obitos_i60_i64,ur_med,temp_med,quasipoisson,log,4,3,14,"logknots(lag_max, df_lag)",MMT,96.82437499999999,99,TRUE,"ns(tempo, df = 7 * numero_de_anos)","dow + feriado + pandemia + ns(temp_med, df = 3)",offset(log(populacao_macrorregiao_ano)); populacao obtida no SIDRA/IBGE,"percentis 1 a 99 da exposicao principal, 80 pontos",Quasi-Poisson F test: modelo completo vs. modelo sem crossbasis + Wald global para coeficientes da crossbasis quando a comparacao reduzida nao foi estimavel | NW-HAC(lag=21): p=0.00271,0.9742832447022345,FALSE,
serrana_internacoes_i60_i62_temp_med,Serrana,internacoes_i60_i62,temp_med,ur_med,quasipoisson,log,4,3,14,"logknots(lag_max, df_lag)",MMT,23.89605833333333,99,TRUE,"ns(tempo, df = 7 * numero_de_anos)","dow + feriado + pandemia + ns(ur_med, df = 3)",offset(log(populacao_macrorregiao_ano)); populacao obtida no SIDRA/IBGE,"percentis 1 a 99 da exposicao principal, 80 pontos",Quasi-Poisson F test: modelo completo vs. modelo sem crossbasis + Wald global para coeficientes da crossbasis quando a comparacao reduzida nao foi estimavel | NW-HAC(lag=21): p=0.2297,1.0320654054585365,FALSE,
serrana_internacoes_i60_i62_ur_med,Serrana,internacoes_i60_i62,ur_med,temp_med,quasipoisson,log,4,3,14,"logknots(lag_max, df_lag)",MMT,96.82437499999999,99,TRUE,"ns(tempo, df = 7 * numero_de_anos)","dow + feriado + pandemia + ns(temp_med, df = 3)",offset(log(populacao_macrorregiao_ano)); populacao obtida no SIDRA/IBGE,"percentis 1 a 99 da exposicao principal, 80 pontos",Quasi-Poisson F test: modelo completo vs. modelo sem crossbasis + Wald global para coeficientes da crossbasis quando a comparacao reduzida nao foi estimavel | NW-HAC(lag=21): p=0.4022,1.0317149782342265,FALSE,
serrana_internacoes_i63_temp_med,Serrana,internacoes_i63,temp_med,ur_med,quasipoisson,log,4,3,14,"logknots(lag_max, df_lag)",MMT,17.8188805907173,50.3,TRUE,"ns(tempo, df = 7 * numero_de_anos)","dow + feriado + pandemia + ns(ur_med, df = 3)",offset(log(populacao_macrorregiao_ano)); populacao obtida no SIDRA/IBGE,"percentis 1 a 99 da exposicao principal, 80 pontos",Quasi-Poisson F test: modelo completo vs. modelo sem crossbasis + Wald global para coeficientes da crossbasis quando a comparacao reduzida nao foi estimavel | NW-HAC(lag=21): p=0.07741,1.066973549971228,FALSE,
serrana_internacoes_i63_ur_med,Serrana,internacoes_i63,ur_med,temp_med,quasipoisson,log,4,3,14,"logknots(lag_max, df_lag)",MMT,96.82437499999999,99,TRUE,"ns(tempo, df = 7 * numero_de_anos)","dow + feriado + pandemia + ns(temp_med, df = 3)",offset(log(populacao_macrorregiao_ano)); populacao obtida no SIDRA/IBGE,"percentis 1 a 99 da exposicao principal, 80 pontos",Quasi-Poisson F test: modelo completo vs. modelo sem crossbasis + Wald global para coeficientes da crossbasis quando a comparacao reduzida nao foi estimavel | NW-HAC(lag=21): p=0.4913,1.1018917074765229,FALSE,
serrana_obitos_i63_ur_med,Serrana,obitos_i63,ur_med,temp_med,quasipoisson,log,4,3,14,"logknots(lag_max, df_lag)",MMT,83.47669919127988,51.4,TRUE,"ns(tempo, df = 7 * numero_de_anos)","dow + feriado + pandemia + ns(temp_med, df = 3)",offset(log(populacao_macrorregiao_ano)); populacao obtida no SIDRA/IBGE,"percentis 1 a 99 da exposicao principal, 80 pontos",Quasi-Poisson F test: modelo completo vs. modelo sem crossbasis + Wald global para coeficientes da crossbasis quando a comparacao reduzida nao foi estimavel | NW-HAC(lag=21): p=0.1654,0.30652306826939535,TRUE,glm.fit: algoritmo não convergiu | tamanho do passo truncado devido a divergência
