ibge7,ibge6,mun_nome,ano,populacao,fonte_populacao,observacao_populacao
3300100,330010,Angra dos Reis,2017,194619,SIDRA 6579 v9324 - Populacao residente estimada,estimativa_oficial_sidra
3300100,330010,Angra dos Reis,2018,200407,SIDRA 6579 v9324 - Populacao residente estimada,estimativa_oficial_sidra
3300100,330010,Angra dos Reis,2019,203785,SIDRA 6579 v9324 - Populacao residente estimada,estimativa_oficial_sidra
3300100,330010,Angra dos Reis,2020,207044,SIDRA 6579 v9324 - Populacao residente estimada,estimativa_oficial_sidra
3300100,330010,Angra dos Reis,2021,210171,SIDRA 6579 v9324 - Populacao residente estimada,estimativa_oficial_sidra
3300100,330010,Angra dos Reis,2022,167434,"SIDRA 4714 v93 - Censo Demografico 2022, Populacao residente",censo_2022_oficial_sidra
3300100,330010,Angra dos Reis,2024,179120,SIDRA 6579 v9324 - Populacao residente estimada,estimativa_oficial_sidra
3300100,330010,Angra dos Reis,2025,179142,SIDRA 6579 v9324 - Populacao residente estimada,estimativa_oficial_sidra
3300159,330015,Aperibé,2017,11292,SIDRA 6579 v9324 - Populacao residente estimada,estimativa_oficial_sidra
3300159,330015,Aperibé,2018,11612,SIDRA 6579 v9324 - Populacao residente estimada,estimativa_oficial_sidra
3300159,330015,Aperibé,2019,11759,SIDRA 6579 v9324 - Populacao residente estimada,estimativa_oficial_sidra
3300159,330015,Aperibé,2020,11901,SIDRA 6579 v9324 - Populacao residente estimada,estimativa_oficial_sidra
3300159,330015,Aperibé,2021,12036,SIDRA 6579 v9324 - Populacao residente estimada,estimativa_oficial_sidra
3300159,330015,Aperibé,2022,11034,"SIDRA 4714 v93 - Censo Demografico 2022, Populacao residente",censo_2022_oficial_sidra
3300159,330015,Aperibé,2024,11420,SIDRA 6579 v9324 - Populacao residente estimada,estimativa_oficial_sidra
3300159,330015,Aperibé,2025,11426,SIDRA 6579 v9324 - Populacao residente estimada,estimativa_oficial_sidra
3300209,330020,Araruama,2017,126742,SIDRA 6579 v9324 - Populacao residente estimada,estimativa_oficial_sidra
3300209,330020,Araruama,2018,130439,SIDRA 6579 v9324 - Populacao residente estimada,estimativa_oficial_sidra
3300209,330020,Araruama,2019,132400,SIDRA 6579 v9324 - Populacao residente estimada,estimativa_oficial_sidra
3300209,330020,Araruama,2020,134293,SIDRA 6579 v9324 - Populacao residente estimada,estimativa_oficial_sidra
3300209,330020,Araruama,2021,136109,SIDRA 6579 v9324 - Populacao residente estimada,estimativa_oficial_sidra
3300209,330020,Araruama,2022,129671,"SIDRA 4714 v93 - Censo Demografico 2022, Populacao residente",censo_2022_oficial_sidra
3300209,330020,Araruama,2024,137773,SIDRA 6579 v9324 - Populacao residente estimada,estimativa_oficial_sidra
3300209,330020,Araruama,2025,137906,SIDRA 6579 v9324 - Populacao residente estimada,estimativa_oficial_sidra
3300225,330022,Areal,2017,12143,SIDRA 6579 v9324 - Populacao residente estimada,estimativa_oficial_sidra
3300225,330022,Areal,2018,12471,SIDRA 6579 v9324 - Populacao residente estimada,estimativa_oficial_sidra
3300225,330022,Areal,2019,12572,SIDRA 6579 v9324 - Populacao residente estimada,estimativa_oficial_sidra
3300225,330022,Areal,2020,12669,SIDRA 6579 v9324 - Populacao residente estimada,estimativa_oficial_sidra
3300225,330022,Areal,2021,12763,SIDRA 6579 v9324 - Populacao residente estimada,estimativa_oficial_sidra
3300225,330022,Areal,2022,11828,"SIDRA 4714 v93 - Censo Demografico 2022, Populacao residente",censo_2022_oficial_sidra
3300225,330022,Areal,2024,12236,SIDRA 6579 v9324 - Populacao residente estimada,estimativa_oficial_sidra
3300225,330022,Areal,2025,12239,SIDRA 6579 v9324 - Populacao residente estimada,estimativa_oficial_sidra
3300233,330023,Armação dos Búzios,2017,32260,SIDRA 6579 v9324 - Populacao residente estimada,estimativa_oficial_sidra
3300233,330023,Armação dos Búzios,2018,33240,SIDRA 6579 v9324 - Populacao residente estimada,estimativa_oficial_sidra
3300233,330023,Armação dos Búzios,2019,33870,SIDRA 6579 v9324 - Populacao residente estimada,estimativa_oficial_sidra
3300233,330023,Armação dos Búzios,2020,34477,SIDRA 6579 v9324 - Populacao residente estimada,estimativa_oficial_sidra
3300233,330023,Armação dos Búzios,2021,35060,SIDRA 6579 v9324 - Populacao residente estimada,estimativa_oficial_sidra
3300233,330023,Armação dos Búzios,2022,40006,"SIDRA 4714 v93 - Censo Demografico 2022, Populacao residente",censo_2022_oficial_sidra
3300233,330023,Armação dos Búzios,2024,42442,SIDRA 6579 v9324 - Populacao residente estimada,estimativa_oficial_sidra
3300233,330023,Armação dos Búzios,2025,42527,SIDRA 6579 v9324 - Populacao residente estimada,estimativa_oficial_sidra
3300258,330025,Arraial do Cabo,2017,29304,SIDRA 6579 v9324 - Populacao residente estimada,estimativa_oficial_sidra
3300258,330025,Arraial do Cabo,2018,30096,SIDRA 6579 v9324 - Populacao residente estimada,estimativa_oficial_sidra
3300258,330025,Arraial do Cabo,2019,30349,SIDRA 6579 v9324 - Populacao residente estimada,estimativa_oficial_sidra
3300258,330025,Arraial do Cabo,2020,30593,SIDRA 6579 v9324 - Populacao residente estimada,estimativa_oficial_sidra
3300258,330025,Arraial do Cabo,2021,30827,SIDRA 6579 v9324 - Populacao residente estimada,estimativa_oficial_sidra
3300258,330025,Arraial do Cabo,2022,30986,"SIDRA 4714 v93 - Censo Demografico 2022, Populacao residente",censo_2022_oficial_sidra
3300258,330025,Arraial do Cabo,2024,32794,SIDRA 6579 v9324 - Populacao residente estimada,estimativa_oficial_sidra
3300258,330025,Arraial do Cabo,2025,32822,SIDRA 6579 v9324 - Populacao residente estimada,estimativa_oficial_sidra
3300308,330030,Barra do Piraí,2017,97460,SIDRA 6579 v9324 - Populacao residente estimada,estimativa_oficial_sidra
3300308,330030,Barra do Piraí,2018,99969,SIDRA 6579 v9324 - Populacao residente estimada,estimativa_oficial_sidra
3300308,330030,Barra do Piraí,2019,100374,SIDRA 6579 v9324 - Populacao residente estimada,estimativa_oficial_sidra
3300308,330030,Barra do Piraí,2020,100764,SIDRA 6579 v9324 - Populacao residente estimada,estimativa_oficial_sidra
3300308,330030,Barra do Piraí,2021,101139,SIDRA 6579 v9324 - Populacao residente estimada,estimativa_oficial_sidra
3300308,330030,Barra do Piraí,2022,92883,"SIDRA 4714 v93 - Censo Demografico 2022, Populacao residente",censo_2022_oficial_sidra
3300308,330030,Barra do Piraí,2024,98501,SIDRA 6579 v9324 - Populacao residente estimada,estimativa_oficial_sidra
3300308,330030,Barra do Piraí,2025,98506,SIDRA 6579 v9324 - Populacao residente estimada,estimativa_oficial_sidra
3300407,330040,Barra Mansa,2017,179451,SIDRA 6579 v9324 - Populacao residente estimada,estimativa_oficial_sidra
3300407,330040,Barra Mansa,2018,183976,SIDRA 6579 v9324 - Populacao residente estimada,estimativa_oficial_sidra
3300407,330040,Barra Mansa,2019,184412,SIDRA 6579 v9324 - Populacao residente estimada,estimativa_oficial_sidra
3300407,330040,Barra Mansa,2020,184833,SIDRA 6579 v9324 - Populacao residente estimada,estimativa_oficial_sidra
3300407,330040,Barra Mansa,2021,185237,SIDRA 6579 v9324 - Populacao residente estimada,estimativa_oficial_sidra
3300407,330040,Barra Mansa,2022,169894,"SIDRA 4714 v93 - Censo Demografico 2022, Populacao residente",censo_2022_oficial_sidra
3300407,330040,Barra Mansa,2024,181688,SIDRA 6579 v9324 - Populacao residente estimada,estimativa_oficial_sidra
3300407,330040,Barra Mansa,2025,181679,SIDRA 6579 v9324 - Populacao residente estimada,estimativa_oficial_sidra
3300456,330045,Belford Roxo,2017,495783,SIDRA 6579 v9324 - Populacao residente estimada,estimativa_oficial_sidra
3300456,330045,Belford Roxo,2018,508614,SIDRA 6579 v9324 - Populacao residente estimada,estimativa_oficial_sidra
3300456,330045,Belford Roxo,2019,510906,SIDRA 6579 v9324 - Populacao residente estimada,estimativa_oficial_sidra
3300456,330045,Belford Roxo,2020,513118,SIDRA 6579 v9324 - Populacao residente estimada,estimativa_oficial_sidra
3300456,330045,Belford Roxo,2021,515239,SIDRA 6579 v9324 - Populacao residente estimada,estimativa_oficial_sidra
3300456,330045,Belford Roxo,2022,483087,"SIDRA 4714 v93 - Censo Demografico 2022, Populacao residente",censo_2022_oficial_sidra
3300456,330045,Belford Roxo,2024,518263,SIDRA 6579 v9324 - Populacao residente estimada,estimativa_oficial_sidra
3300456,330045,Belford Roxo,2025,518384,SIDRA 6579 v9324 - Populacao residente estimada,estimativa_oficial_sidra
3300506,330050,Bom Jardim,2017,26566,SIDRA 6579 v9324 - Populacao residente estimada,estimativa_oficial_sidra
3300506,330050,Bom Jardim,2018,27269,SIDRA 6579 v9324 - Populacao residente estimada,estimativa_oficial_sidra
3300506,330050,Bom Jardim,2019,27446,SIDRA 6579 v9324 - Populacao residente estimada,estimativa_oficial_sidra
3300506,330050,Bom Jardim,2020,27616,SIDRA 6579 v9324 - Populacao residente estimada,estimativa_oficial_sidra
3300506,330050,Bom Jardim,2021,27779,SIDRA 6579 v9324 - Populacao residente estimada,estimativa_oficial_sidra
3300506,330050,Bom Jardim,2022,28102,"SIDRA 4714 v93 - Censo Demografico 2022, Populacao residente",censo_2022_oficial_sidra
3300506,330050,Bom Jardim,2024,29736,SIDRA 6579 v9324 - Populacao residente estimada,estimativa_oficial_sidra
3300506,330050,Bom Jardim,2025,29758,SIDRA 6579 v9324 - Populacao residente estimada,estimativa_oficial_sidra
3300605,330060,Bom Jesus do Itabapoana,2017,36068,SIDRA 6579 v9324 - Populacao residente estimada,estimativa_oficial_sidra
3300605,330060,Bom Jesus do Itabapoana,2018,36985,SIDRA 6579 v9324 - Populacao residente estimada,estimativa_oficial_sidra
3300605,330060,Bom Jesus do Itabapoana,2019,37096,SIDRA 6579 v9324 - Populacao residente estimada,estimativa_oficial_sidra
3300605,330060,Bom Jesus do Itabapoana,2020,37203,SIDRA 6579 v9324 - Populacao residente estimada,estimativa_oficial_sidra
3300605,330060,Bom Jesus do Itabapoana,2021,37306,SIDRA 6579 v9324 - Populacao residente estimada,estimativa_oficial_sidra
3300605,330060,Bom Jesus do Itabapoana,2022,35173,"SIDRA 4714 v93 - Censo Demografico 2022, Populacao residente",censo_2022_oficial_sidra
3300605,330060,Bom Jesus do Itabapoana,2024,37172,SIDRA 6579 v9324 - Populacao residente estimada,estimativa_oficial_sidra
3300605,330060,Bom Jesus do Itabapoana,2025,37176,SIDRA 6579 v9324 - Populacao residente estimada,estimativa_oficial_sidra
3300704,330070,Cabo Frio,2017,216030,SIDRA 6579 v9324 - Populacao residente estimada,estimativa_oficial_sidra
3300704,330070,Cabo Frio,2018,222528,SIDRA 6579 v9324 - Populacao residente estimada,estimativa_oficial_sidra
3300704,330070,Cabo Frio,2019,226525,SIDRA 6579 v9324 - Populacao residente estimada,estimativa_oficial_sidra
3300704,330070,Cabo Frio,2020,230378,SIDRA 6579 v9324 - Populacao residente estimada,estimativa_oficial_sidra
3300704,330070,Cabo Frio,2021,234077,SIDRA 6579 v9324 - Populacao residente estimada,estimativa_oficial_sidra
3300704,330070,Cabo Frio,2022,222161,"SIDRA 4714 v93 - Censo Demografico 2022, Populacao residente",censo_2022_oficial_sidra
3300704,330070,Cabo Frio,2024,238166,SIDRA 6579 v9324 - Populacao residente estimada,estimativa_oficial_sidra
3300704,330070,Cabo Frio,2025,238438,SIDRA 6579 v9324 - Populacao residente estimada,estimativa_oficial_sidra
3300803,330080,Cachoeiras de Macacu,2017,57048,SIDRA 6579 v9324 - Populacao residente estimada,estimativa_oficial_sidra
3300803,330080,Cachoeiras de Macacu,2018,58560,SIDRA 6579 v9324 - Populacao residente estimada,estimativa_oficial_sidra
3300803,330080,Cachoeiras de Macacu,2019,58937,SIDRA 6579 v9324 - Populacao residente estimada,estimativa_oficial_sidra
3300803,330080,Cachoeiras de Macacu,2020,59303,SIDRA 6579 v9324 - Populacao residente estimada,estimativa_oficial_sidra
3300803,330080,Cachoeiras de Macacu,2021,59652,SIDRA 6579 v9324 - Populacao residente estimada,estimativa_oficial_sidra
3300803,330080,Cachoeiras de Macacu,2022,56943,"SIDRA 4714 v93 - Censo Demografico 2022, Populacao residente",censo_2022_oficial_sidra
3300803,330080,Cachoeiras de Macacu,2024,59837,SIDRA 6579 v9324 - Populacao residente estimada,estimativa_oficial_sidra
3300803,330080,Cachoeiras de Macacu,2025,59861,SIDRA 6579 v9324 - Populacao residente estimada,estimativa_oficial_sidra
3300902,330090,Cambuci,2017,15124,SIDRA 6579 v9324 - Populacao residente estimada,estimativa_oficial_sidra
3300902,330090,Cambuci,2018,15496,SIDRA 6579 v9324 - Populacao residente estimada,estimativa_oficial_sidra
3300902,330090,Cambuci,2019,15505,SIDRA 6579 v9324 - Populacao residente estimada,estimativa_oficial_sidra
3300902,330090,Cambuci,2020,15514,SIDRA 6579 v9324 - Populacao residente estimada,estimativa_oficial_sidra
3300902,330090,Cambuci,2021,15521,SIDRA 6579 v9324 - Populacao residente estimada,estimativa_oficial_sidra
3300902,330090,Cambuci,2022,14616,"SIDRA 4714 v93 - Censo Demografico 2022, Populacao residente",censo_2022_oficial_sidra
3300902,330090,Cambuci,2024,15070,SIDRA 6579 v9324 - Populacao residente estimada,estimativa_oficial_sidra
3300902,330090,Cambuci,2025,15069,SIDRA 6579 v9324 - Populacao residente estimada,estimativa_oficial_sidra
3300936,330093,Carapebus,2017,15568,SIDRA 6579 v9324 - Populacao residente estimada,estimativa_oficial_sidra
3300936,330093,Carapebus,2018,16039,SIDRA 6579 v9324 - Populacao residente estimada,estimativa_oficial_sidra
3300936,330093,Carapebus,2019,16301,SIDRA 6579 v9324 - Populacao residente estimada,estimativa_oficial_sidra
3300936,330093,Carapebus,2020,16586,SIDRA 6579 v9324 - Populacao residente estimada,estimativa_oficial_sidra
3300936,330093,Carapebus,2021,16859,SIDRA 6579 v9324 - Populacao residente estimada,estimativa_oficial_sidra
3300936,330093,Carapebus,2022,13847,"SIDRA 4714 v93 - Censo Demografico 2022, Populacao residente",censo_2022_oficial_sidra
3300936,330093,Carapebus,2024,14325,SIDRA 6579 v9324 - Populacao residente estimada,estimativa_oficial_sidra
3300936,330093,Carapebus,2025,14329,SIDRA 6579 v9324 - Populacao residente estimada,estimativa_oficial_sidra
3300951,330095,Comendador Levy Gasparian,2017,8336,SIDRA 6579 v9324 - Populacao residente estimada,estimativa_oficial_sidra
3300951,330095,Comendador Levy Gasparian,2018,8544,SIDRA 6579 v9324 - Populacao residente estimada,estimativa_oficial_sidra
3300951,330095,Comendador Levy Gasparian,2019,8561,SIDRA 6579 v9324 - Populacao residente estimada,estimativa_oficial_sidra
3300951,330095,Comendador Levy Gasparian,2020,8576,SIDRA 6579 v9324 - Populacao residente estimada,estimativa_oficial_sidra
3300951,330095,Comendador Levy Gasparian,2021,8590,SIDRA 6579 v9324 - Populacao residente estimada,estimativa_oficial_sidra
3300951,330095,Comendador Levy Gasparian,2022,8741,"SIDRA 4714 v93 - Censo Demografico 2022, Populacao residente",censo_2022_oficial_sidra
3300951,330095,Comendador Levy Gasparian,2024,9044,SIDRA 6579 v9324 - Populacao residente estimada,estimativa_oficial_sidra
3300951,330095,Comendador Levy Gasparian,2025,9048,SIDRA 6579 v9324 - Populacao residente estimada,estimativa_oficial_sidra
3301009,330100,Campos dos Goytacazes,2017,490288,SIDRA 6579 v9324 - Populacao residente estimada,estimativa_oficial_sidra
3301009,330100,Campos dos Goytacazes,2018,503424,SIDRA 6579 v9324 - Populacao residente estimada,estimativa_oficial_sidra
3301009,330100,Campos dos Goytacazes,2019,507548,SIDRA 6579 v9324 - Populacao residente estimada,estimativa_oficial_sidra
3301009,330100,Campos dos Goytacazes,2020,511168,SIDRA 6579 v9324 - Populacao residente estimada,estimativa_oficial_sidra
3301009,330100,Campos dos Goytacazes,2021,514643,SIDRA 6579 v9324 - Populacao residente estimada,estimativa_oficial_sidra
3301009,330100,Campos dos Goytacazes,2022,483540,"SIDRA 4714 v93 - Censo Demografico 2022, Populacao residente",censo_2022_oficial_sidra
3301009,330100,Campos dos Goytacazes,2024,519011,SIDRA 6579 v9324 - Populacao residente estimada,estimativa_oficial_sidra
3301009,330100,Campos dos Goytacazes,2025,519259,SIDRA 6579 v9324 - Populacao residente estimada,estimativa_oficial_sidra
3301108,330110,Cantagalo,2017,19697,SIDRA 6579 v9324 - Populacao residente estimada,estimativa_oficial_sidra
3301108,330110,Cantagalo,2018,20177,SIDRA 6579 v9324 - Populacao residente estimada,estimativa_oficial_sidra
3301108,330110,Cantagalo,2019,20172,SIDRA 6579 v9324 - Populacao residente estimada,estimativa_oficial_sidra
3301108,330110,Cantagalo,2020,20168,SIDRA 6579 v9324 - Populacao residente estimada,estimativa_oficial_sidra
3301108,330110,Cantagalo,2021,20163,SIDRA 6579 v9324 - Populacao residente estimada,estimativa_oficial_sidra
3301108,330110,Cantagalo,2022,19390,"SIDRA 4714 v93 - Censo Demografico 2022, Populacao residente",censo_2022_oficial_sidra
3301108,330110,Cantagalo,2024,19996,SIDRA 6579 v9324 - Populacao residente estimada,estimativa_oficial_sidra
3301108,330110,Cantagalo,2025,19995,SIDRA 6579 v9324 - Populacao residente estimada,estimativa_oficial_sidra
3301157,330115,Cardoso Moreira,2017,12519,SIDRA 6579 v9324 - Populacao residente estimada,estimativa_oficial_sidra
3301157,330115,Cardoso Moreira,2018,12826,SIDRA 6579 v9324 - Populacao residente estimada,estimativa_oficial_sidra
3301157,330115,Cardoso Moreira,2019,12823,SIDRA 6579 v9324 - Populacao residente estimada,estimativa_oficial_sidra
3301157,330115,Cardoso Moreira,2020,12821,SIDRA 6579 v9324 - Populacao residente estimada,estimativa_oficial_sidra
3301157,330115,Cardoso Moreira,2021,12818,SIDRA 6579 v9324 - Populacao residente estimada,estimativa_oficial_sidra
3301157,330115,Cardoso Moreira,2022,12958,"SIDRA 4714 v93 - Censo Demografico 2022, Populacao residente",censo_2022_oficial_sidra
3301157,330115,Cardoso Moreira,2024,13403,SIDRA 6579 v9324 - Populacao residente estimada,estimativa_oficial_sidra
3301157,330115,Cardoso Moreira,2025,13407,SIDRA 6579 v9324 - Populacao residente estimada,estimativa_oficial_sidra
3301207,330120,Carmo,2017,18264,SIDRA 6579 v9324 - Populacao residente estimada,estimativa_oficial_sidra
3301207,330120,Carmo,2018,18755,SIDRA 6579 v9324 - Populacao residente estimada,estimativa_oficial_sidra
3301207,330120,Carmo,2019,18895,SIDRA 6579 v9324 - Populacao residente estimada,estimativa_oficial_sidra
3301207,330120,Carmo,2020,19030,SIDRA 6579 v9324 - Populacao residente estimada,estimativa_oficial_sidra
3301207,330120,Carmo,2021,19161,SIDRA 6579 v9324 - Populacao residente estimada,estimativa_oficial_sidra
3301207,330120,Carmo,2022,17198,"SIDRA 4714 v93 - Censo Demografico 2022, Populacao residente",censo_2022_oficial_sidra
3301207,330120,Carmo,2024,17740,SIDRA 6579 v9324 - Populacao residente estimada,estimativa_oficial_sidra
3301207,330120,Carmo,2025,17741,SIDRA 6579 v9324 - Populacao residente estimada,estimativa_oficial_sidra
3301306,330130,Casimiro de Abreu,2017,41999,SIDRA 6579 v9324 - Populacao residente estimada,estimativa_oficial_sidra
3301306,330130,Casimiro de Abreu,2018,43295,SIDRA 6579 v9324 - Populacao residente estimada,estimativa_oficial_sidra
3301306,330130,Casimiro de Abreu,2019,44184,SIDRA 6579 v9324 - Populacao residente estimada,estimativa_oficial_sidra
3301306,330130,Casimiro de Abreu,2020,45041,SIDRA 6579 v9324 - Populacao residente estimada,estimativa_oficial_sidra
3301306,330130,Casimiro de Abreu,2021,45864,SIDRA 6579 v9324 - Populacao residente estimada,estimativa_oficial_sidra
3301306,330130,Casimiro de Abreu,2022,46110,"SIDRA 4714 v93 - Censo Demografico 2022, Populacao residente",censo_2022_oficial_sidra
3301306,330130,Casimiro de Abreu,2024,48563,SIDRA 6579 v9324 - Populacao residente estimada,estimativa_oficial_sidra
3301306,330130,Casimiro de Abreu,2025,48636,SIDRA 6579 v9324 - Populacao residente estimada,estimativa_oficial_sidra
3301405,330140,Conceição de Macabu,2017,22461,SIDRA 6579 v9324 - Populacao residente estimada,estimativa_oficial_sidra
3301405,330140,Conceição de Macabu,2018,23064,SIDRA 6579 v9324 - Populacao residente estimada,estimativa_oficial_sidra
3301405,330140,Conceição de Macabu,2019,23228,SIDRA 6579 v9324 - Populacao residente estimada,estimativa_oficial_sidra
3301405,330140,Conceição de Macabu,2020,23398,SIDRA 6579 v9324 - Populacao residente estimada,estimativa_oficial_sidra
3301405,330140,Conceição de Macabu,2021,23561,SIDRA 6579 v9324 - Populacao residente estimada,estimativa_oficial_sidra
3301405,330140,Conceição de Macabu,2022,21104,"SIDRA 4714 v93 - Censo Demografico 2022, Populacao residente",censo_2022_oficial_sidra
3301405,330140,Conceição de Macabu,2024,21769,SIDRA 6579 v9324 - Populacao residente estimada,estimativa_oficial_sidra
3301405,330140,Conceição de Macabu,2025,21770,SIDRA 6579 v9324 - Populacao residente estimada,estimativa_oficial_sidra
3301504,330150,Cordeiro,2017,21250,SIDRA 6579 v9324 - Populacao residente estimada,estimativa_oficial_sidra
3301504,330150,Cordeiro,2018,21806,SIDRA 6579 v9324 - Populacao residente estimada,estimativa_oficial_sidra
3301504,330150,Cordeiro,2019,21926,SIDRA 6579 v9324 - Populacao residente estimada,estimativa_oficial_sidra
3301504,330150,Cordeiro,2020,22041,SIDRA 6579 v9324 - Populacao residente estimada,estimativa_oficial_sidra
3301504,330150,Cordeiro,2021,22152,SIDRA 6579 v9324 - Populacao residente estimada,estimativa_oficial_sidra
3301504,330150,Cordeiro,2022,20783,"SIDRA 4714 v93 - Censo Demografico 2022, Populacao residente",censo_2022_oficial_sidra
3301504,330150,Cordeiro,2024,21444,SIDRA 6579 v9324 - Populacao residente estimada,estimativa_oficial_sidra
3301504,330150,Cordeiro,2025,21448,SIDRA 6579 v9324 - Populacao residente estimada,estimativa_oficial_sidra
3301603,330160,Duas Barras,2017,11169,SIDRA 6579 v9324 - Populacao residente estimada,estimativa_oficial_sidra
3301603,330160,Duas Barras,2018,11454,SIDRA 6579 v9324 - Populacao residente estimada,estimativa_oficial_sidra
3301603,330160,Duas Barras,2019,11492,SIDRA 6579 v9324 - Populacao residente estimada,estimativa_oficial_sidra
3301603,330160,Duas Barras,2020,11528,SIDRA 6579 v9324 - Populacao residente estimada,estimativa_oficial_sidra
3301603,330160,Duas Barras,2021,11563,SIDRA 6579 v9324 - Populacao residente estimada,estimativa_oficial_sidra
3301603,330160,Duas Barras,2022,10980,"SIDRA 4714 v93 - Censo Demografico 2022, Populacao residente",censo_2022_oficial_sidra
3301603,330160,Duas Barras,2024,11354,SIDRA 6579 v9324 - Populacao residente estimada,estimativa_oficial_sidra
3301603,330160,Duas Barras,2025,11355,SIDRA 6579 v9324 - Populacao residente estimada,estimativa_oficial_sidra
3301702,330170,Duque de Caxias,2017,890997,SIDRA 6579 v9324 - Populacao residente estimada,estimativa_oficial_sidra
3301702,330170,Duque de Caxias,2018,914383,SIDRA 6579 v9324 - Populacao residente estimada,estimativa_oficial_sidra
3301702,330170,Duque de Caxias,2019,919596,SIDRA 6579 v9324 - Populacao residente estimada,estimativa_oficial_sidra
3301702,330170,Duque de Caxias,2020,924624,SIDRA 6579 v9324 - Populacao residente estimada,estimativa_oficial_sidra
3301702,330170,Duque de Caxias,2021,929449,SIDRA 6579 v9324 - Populacao residente estimada,estimativa_oficial_sidra
3301702,330170,Duque de Caxias,2022,808161,"SIDRA 4714 v93 - Censo Demografico 2022, Populacao residente",censo_2022_oficial_sidra
3301702,330170,Duque de Caxias,2024,866347,SIDRA 6579 v9324 - Populacao residente estimada,estimativa_oficial_sidra
3301702,330170,Duque de Caxias,2025,866225,SIDRA 6579 v9324 - Populacao residente estimada,estimativa_oficial_sidra
3301801,330180,Engenheiro Paulo de Frontin,2017,13576,SIDRA 6579 v9324 - Populacao residente estimada,estimativa_oficial_sidra
3301801,330180,Engenheiro Paulo de Frontin,2018,13929,SIDRA 6579 v9324 - Populacao residente estimada,estimativa_oficial_sidra
3301801,330180,Engenheiro Paulo de Frontin,2019,14002,SIDRA 6579 v9324 - Populacao residente estimada,estimativa_oficial_sidra
3301801,330180,Engenheiro Paulo de Frontin,2020,14071,SIDRA 6579 v9324 - Populacao residente estimada,estimativa_oficial_sidra
3301801,330180,Engenheiro Paulo de Frontin,2021,14138,SIDRA 6579 v9324 - Populacao residente estimada,estimativa_oficial_sidra
3301801,330180,Engenheiro Paulo de Frontin,2022,12242,"SIDRA 4714 v93 - Censo Demografico 2022, Populacao residente",censo_2022_oficial_sidra
3301801,330180,Engenheiro Paulo de Frontin,2024,12648,SIDRA 6579 v9324 - Populacao residente estimada,estimativa_oficial_sidra
3301801,330180,Engenheiro Paulo de Frontin,2025,12644,SIDRA 6579 v9324 - Populacao residente estimada,estimativa_oficial_sidra
3301850,330185,Guapimirim,2017,57921,SIDRA 6579 v9324 - Populacao residente estimada,estimativa_oficial_sidra
3301850,330185,Guapimirim,2018,59613,SIDRA 6579 v9324 - Populacao residente estimada,estimativa_oficial_sidra
3301850,330185,Guapimirim,2019,60517,SIDRA 6579 v9324 - Populacao residente estimada,estimativa_oficial_sidra
3301850,330185,Guapimirim,2020,61388,SIDRA 6579 v9324 - Populacao residente estimada,estimativa_oficial_sidra
3301850,330185,Guapimirim,2021,62225,SIDRA 6579 v9324 - Populacao residente estimada,estimativa_oficial_sidra
3301850,330185,Guapimirim,2022,51696,"SIDRA 4714 v93 - Censo Demografico 2022, Populacao residente",censo_2022_oficial_sidra
3301850,330185,Guapimirim,2024,54300,SIDRA 6579 v9324 - Populacao residente estimada,estimativa_oficial_sidra
3301850,330185,Guapimirim,2025,54311,SIDRA 6579 v9324 - Populacao residente estimada,estimativa_oficial_sidra
3301876,330187,Iguaba Grande,2017,26936,SIDRA 6579 v9324 - Populacao residente estimada,estimativa_oficial_sidra
3301876,330187,Iguaba Grande,2018,27762,SIDRA 6579 v9324 - Populacao residente estimada,estimativa_oficial_sidra
3301876,330187,Iguaba Grande,2019,28310,SIDRA 6579 v9324 - Populacao residente estimada,estimativa_oficial_sidra
3301876,330187,Iguaba Grande,2020,28837,SIDRA 6579 v9324 - Populacao residente estimada,estimativa_oficial_sidra
3301876,330187,Iguaba Grande,2021,29344,SIDRA 6579 v9324 - Populacao residente estimada,estimativa_oficial_sidra
3301876,330187,Iguaba Grande,2022,27920,"SIDRA 4714 v93 - Censo Demografico 2022, Populacao residente",censo_2022_oficial_sidra
3301876,330187,Iguaba Grande,2024,29577,SIDRA 6579 v9324 - Populacao residente estimada,estimativa_oficial_sidra
3301876,330187,Iguaba Grande,2025,29616,SIDRA 6579 v9324 - Populacao residente estimada,estimativa_oficial_sidra
3301900,330190,Itaboraí,2017,232394,SIDRA 6579 v9324 - Populacao residente estimada,estimativa_oficial_sidra
3301900,330190,Itaboraí,2018,238695,SIDRA 6579 v9324 - Populacao residente estimada,estimativa_oficial_sidra
3301900,330190,Itaboraí,2019,240592,SIDRA 6579 v9324 - Populacao residente estimada,estimativa_oficial_sidra
3301900,330190,Itaboraí,2020,242543,SIDRA 6579 v9324 - Populacao residente estimada,estimativa_oficial_sidra
3301900,330190,Itaboraí,2021,244416,SIDRA 6579 v9324 - Populacao residente estimada,estimativa_oficial_sidra
3301900,330190,Itaboraí,2022,224267,"SIDRA 4714 v93 - Censo Demografico 2022, Populacao residente",censo_2022_oficial_sidra
3301900,330190,Itaboraí,2024,240040,SIDRA 6579 v9324 - Populacao residente estimada,estimativa_oficial_sidra
3301900,330190,Itaboraí,2025,240127,SIDRA 6579 v9324 - Populacao residente estimada,estimativa_oficial_sidra
3302007,330200,Itaguaí,2017,122369,SIDRA 6579 v9324 - Populacao residente estimada,estimativa_oficial_sidra
3302007,330200,Itaguaí,2018,125913,SIDRA 6579 v9324 - Populacao residente estimada,estimativa_oficial_sidra
3302007,330200,Itaguaí,2019,133019,SIDRA 6579 v9324 - Populacao residente estimada,estimativa_oficial_sidra
3302007,330200,Itaguaí,2020,134819,SIDRA 6579 v9324 - Populacao residente estimada,estimativa_oficial_sidra
3302007,330200,Itaguaí,2021,136547,SIDRA 6579 v9324 - Populacao residente estimada,estimativa_oficial_sidra
3302007,330200,Itaguaí,2022,116841,"SIDRA 4714 v93 - Censo Demografico 2022, Populacao residente",censo_2022_oficial_sidra
3302007,330200,Itaguaí,2024,123980,SIDRA 6579 v9324 - Populacao residente estimada,estimativa_oficial_sidra
3302007,330200,Itaguaí,2025,124021,SIDRA 6579 v9324 - Populacao residente estimada,estimativa_oficial_sidra
3302056,330205,Italva,2017,14723,SIDRA 6579 v9324 - Populacao residente estimada,estimativa_oficial_sidra
3302056,330205,Italva,2018,15113,SIDRA 6579 v9324 - Populacao residente estimada,estimativa_oficial_sidra
3302056,330205,Italva,2019,15207,SIDRA 6579 v9324 - Populacao residente estimada,estimativa_oficial_sidra
3302056,330205,Italva,2020,15299,SIDRA 6579 v9324 - Populacao residente estimada,estimativa_oficial_sidra
3302056,330205,Italva,2021,15387,SIDRA 6579 v9324 - Populacao residente estimada,estimativa_oficial_sidra
3302056,330205,Italva,2022,14073,"SIDRA 4714 v93 - Censo Demografico 2022, Populacao residente",censo_2022_oficial_sidra
3302056,330205,Italva,2024,14517,SIDRA 6579 v9324 - Populacao residente estimada,estimativa_oficial_sidra
3302056,330205,Italva,2025,14518,SIDRA 6579 v9324 - Populacao residente estimada,estimativa_oficial_sidra
3302106,330210,Itaocara,2017,22694,SIDRA 6579 v9324 - Populacao residente estimada,estimativa_oficial_sidra
3302106,330210,Itaocara,2018,23247,SIDRA 6579 v9324 - Populacao residente estimada,estimativa_oficial_sidra
3302106,330210,Itaocara,2019,23234,SIDRA 6579 v9324 - Populacao residente estimada,estimativa_oficial_sidra
3302106,330210,Itaocara,2020,23222,SIDRA 6579 v9324 - Populacao residente estimada,estimativa_oficial_sidra
3302106,330210,Itaocara,2021,23211,SIDRA 6579 v9324 - Populacao residente estimada,estimativa_oficial_sidra
3302106,330210,Itaocara,2022,22919,"SIDRA 4714 v93 - Censo Demografico 2022, Populacao residente",censo_2022_oficial_sidra
3302106,330210,Itaocara,2024,23643,SIDRA 6579 v9324 - Populacao residente estimada,estimativa_oficial_sidra
3302106,330210,Itaocara,2025,23645,SIDRA 6579 v9324 - Populacao residente estimada,estimativa_oficial_sidra
3302205,330220,Itaperuna,2017,99997,SIDRA 6579 v9324 - Populacao residente estimada,estimativa_oficial_sidra
3302205,330220,Itaperuna,2018,102626,SIDRA 6579 v9324 - Populacao residente estimada,estimativa_oficial_sidra
3302205,330220,Itaperuna,2019,103224,SIDRA 6579 v9324 - Populacao residente estimada,estimativa_oficial_sidra
3302205,330220,Itaperuna,2020,103800,SIDRA 6579 v9324 - Populacao residente estimada,estimativa_oficial_sidra
3302205,330220,Itaperuna,2021,104354,SIDRA 6579 v9324 - Populacao residente estimada,estimativa_oficial_sidra
3302205,330220,Itaperuna,2022,101041,"SIDRA 4714 v93 - Censo Demografico 2022, Populacao residente",censo_2022_oficial_sidra
3302205,330220,Itaperuna,2024,107246,SIDRA 6579 v9324 - Populacao residente estimada,estimativa_oficial_sidra
3302205,330220,Itaperuna,2025,107297,SIDRA 6579 v9324 - Populacao residente estimada,estimativa_oficial_sidra
3302254,330225,Itatiaia,2017,30703,SIDRA 6579 v9324 - Populacao residente estimada,estimativa_oficial_sidra
3302254,330225,Itatiaia,2018,31537,SIDRA 6579 v9324 - Populacao residente estimada,estimativa_oficial_sidra
3302254,330225,Itatiaia,2019,31805,SIDRA 6579 v9324 - Populacao residente estimada,estimativa_oficial_sidra
3302254,330225,Itatiaia,2020,32064,SIDRA 6579 v9324 - Populacao residente estimada,estimativa_oficial_sidra
3302254,330225,Itatiaia,2021,32312,SIDRA 6579 v9324 - Populacao residente estimada,estimativa_oficial_sidra
3302254,330225,Itatiaia,2022,30908,"SIDRA 4714 v93 - Censo Demografico 2022, Populacao residente",censo_2022_oficial_sidra
3302254,330225,Itatiaia,2024,32694,SIDRA 6579 v9324 - Populacao residente estimada,estimativa_oficial_sidra
3302254,330225,Itatiaia,2025,32713,SIDRA 6579 v9324 - Populacao residente estimada,estimativa_oficial_sidra
3302270,330227,Japeri,2017,101237,SIDRA 6579 v9324 - Populacao residente estimada,estimativa_oficial_sidra
3302270,330227,Japeri,2018,103960,SIDRA 6579 v9324 - Populacao residente estimada,estimativa_oficial_sidra
3302270,330227,Japeri,2019,104768,SIDRA 6579 v9324 - Populacao residente estimada,estimativa_oficial_sidra
3302270,330227,Japeri,2020,105548,SIDRA 6579 v9324 - Populacao residente estimada,estimativa_oficial_sidra
3302270,330227,Japeri,2021,106296,SIDRA 6579 v9324 - Populacao residente estimada,estimativa_oficial_sidra
3302270,330227,Japeri,2022,96289,"SIDRA 4714 v93 - Censo Demografico 2022, Populacao residente",censo_2022_oficial_sidra
3302270,330227,Japeri,2024,102149,SIDRA 6579 v9324 - Populacao residente estimada,estimativa_oficial_sidra
3302270,330227,Japeri,2025,102171,SIDRA 6579 v9324 - Populacao residente estimada,estimativa_oficial_sidra
3302304,330230,Laje do Muriaé,2017,7217,SIDRA 6579 v9324 - Populacao residente estimada,estimativa_oficial_sidra
3302304,330230,Laje do Muriaé,2018,7386,SIDRA 6579 v9324 - Populacao residente estimada,estimativa_oficial_sidra
3302304,330230,Laje do Muriaé,2019,7355,SIDRA 6579 v9324 - Populacao residente estimada,estimativa_oficial_sidra
3302304,330230,Laje do Muriaé,2020,7326,SIDRA 6579 v9324 - Populacao residente estimada,estimativa_oficial_sidra
3302304,330230,Laje do Muriaé,2021,7298,SIDRA 6579 v9324 - Populacao residente estimada,estimativa_oficial_sidra
3302304,330230,Laje do Muriaé,2022,7336,"SIDRA 4714 v93 - Censo Demografico 2022, Populacao residente",censo_2022_oficial_sidra
3302304,330230,Laje do Muriaé,2024,7584,SIDRA 6579 v9324 - Populacao residente estimada,estimativa_oficial_sidra
3302304,330230,Laje do Muriaé,2025,7584,SIDRA 6579 v9324 - Populacao residente estimada,estimativa_oficial_sidra
3302403,330240,Macaé,2017,244139,SIDRA 6579 v9324 - Populacao residente estimada,estimativa_oficial_sidra
3302403,330240,Macaé,2018,251631,SIDRA 6579 v9324 - Populacao residente estimada,estimativa_oficial_sidra
3302403,330240,Macaé,2019,256672,SIDRA 6579 v9324 - Populacao residente estimada,estimativa_oficial_sidra
3302403,330240,Macaé,2020,261501,SIDRA 6579 v9324 - Populacao residente estimada,estimativa_oficial_sidra
3302403,330240,Macaé,2021,266136,SIDRA 6579 v9324 - Populacao residente estimada,estimativa_oficial_sidra
3302403,330240,Macaé,2022,246391,"SIDRA 4714 v93 - Censo Demografico 2022, Populacao residente",censo_2022_oficial_sidra
3302403,330240,Macaé,2024,264138,SIDRA 6579 v9324 - Populacao residente estimada,estimativa_oficial_sidra
3302403,330240,Macaé,2025,264439,SIDRA 6579 v9324 - Populacao residente estimada,estimativa_oficial_sidra
3302452,330245,Macuco,2017,5434,SIDRA 6579 v9324 - Populacao residente estimada,estimativa_oficial_sidra
3302452,330245,Macuco,2018,5574,SIDRA 6579 v9324 - Populacao residente estimada,estimativa_oficial_sidra
3302452,330245,Macuco,2019,5599,SIDRA 6579 v9324 - Populacao residente estimada,estimativa_oficial_sidra
3302452,330245,Macuco,2020,5623,SIDRA 6579 v9324 - Populacao residente estimada,estimativa_oficial_sidra
3302452,330245,Macuco,2021,5646,SIDRA 6579 v9324 - Populacao residente estimada,estimativa_oficial_sidra
3302452,330245,Macuco,2022,5415,"SIDRA 4714 v93 - Censo Demografico 2022, Populacao residente",censo_2022_oficial_sidra
3302452,330245,Macuco,2024,5601,SIDRA 6579 v9324 - Populacao residente estimada,estimativa_oficial_sidra
3302452,330245,Macuco,2025,5602,SIDRA 6579 v9324 - Populacao residente estimada,estimativa_oficial_sidra
3302502,330250,Magé,2017,237420,SIDRA 6579 v9324 - Populacao residente estimada,estimativa_oficial_sidra
3302502,330250,Magé,2018,243657,SIDRA 6579 v9324 - Populacao residente estimada,estimativa_oficial_sidra
3302502,330250,Magé,2019,245071,SIDRA 6579 v9324 - Populacao residente estimada,estimativa_oficial_sidra
3302502,330250,Magé,2020,246433,SIDRA 6579 v9324 - Populacao residente estimada,estimativa_oficial_sidra
3302502,330250,Magé,2021,247741,SIDRA 6579 v9324 - Populacao residente estimada,estimativa_oficial_sidra
3302502,330250,Magé,2022,228127,"SIDRA 4714 v93 - Censo Demografico 2022, Populacao residente",censo_2022_oficial_sidra
3302502,330250,Magé,2024,244092,SIDRA 6579 v9324 - Populacao residente estimada,estimativa_oficial_sidra
3302502,330250,Magé,2025,244142,SIDRA 6579 v9324 - Populacao residente estimada,estimativa_oficial_sidra
3302601,330260,Mangaratiba,2017,42415,SIDRA 6579 v9324 - Populacao residente estimada,estimativa_oficial_sidra
3302601,330260,Mangaratiba,2018,43689,SIDRA 6579 v9324 - Populacao residente estimada,estimativa_oficial_sidra
3302601,330260,Mangaratiba,2019,44468,SIDRA 6579 v9324 - Populacao residente estimada,estimativa_oficial_sidra
3302601,330260,Mangaratiba,2020,45220,SIDRA 6579 v9324 - Populacao residente estimada,estimativa_oficial_sidra
3302601,330260,Mangaratiba,2021,45941,SIDRA 6579 v9324 - Populacao residente estimada,estimativa_oficial_sidra
3302601,330260,Mangaratiba,2022,41220,"SIDRA 4714 v93 - Censo Demografico 2022, Populacao residente",censo_2022_oficial_sidra
3302601,330260,Mangaratiba,2024,43624,SIDRA 6579 v9324 - Populacao residente estimada,estimativa_oficial_sidra
3302601,330260,Mangaratiba,2025,43660,SIDRA 6579 v9324 - Populacao residente estimada,estimativa_oficial_sidra
3302700,330270,Maricá,2017,153008,SIDRA 6579 v9324 - Populacao residente estimada,estimativa_oficial_sidra
3302700,330270,Maricá,2018,157789,SIDRA 6579 v9324 - Populacao residente estimada,estimativa_oficial_sidra
3302700,330270,Maricá,2019,161207,SIDRA 6579 v9324 - Populacao residente estimada,estimativa_oficial_sidra
3302700,330270,Maricá,2020,164504,SIDRA 6579 v9324 - Populacao residente estimada,estimativa_oficial_sidra
3302700,330270,Maricá,2021,167668,SIDRA 6579 v9324 - Populacao residente estimada,estimativa_oficial_sidra
3302700,330270,Maricá,2022,197277,"SIDRA 4714 v93 - Censo Demografico 2022, Populacao residente",censo_2022_oficial_sidra
3302700,330270,Maricá,2024,211986,SIDRA 6579 v9324 - Populacao residente estimada,estimativa_oficial_sidra
3302700,330270,Maricá,2025,212470,SIDRA 6579 v9324 - Populacao residente estimada,estimativa_oficial_sidra
3302809,330280,Mendes,2017,18123,SIDRA 6579 v9324 - Populacao residente estimada,estimativa_oficial_sidra
3302809,330280,Mendes,2018,18578,SIDRA 6579 v9324 - Populacao residente estimada,estimativa_oficial_sidra
3302809,330280,Mendes,2019,18614,SIDRA 6579 v9324 - Populacao residente estimada,estimativa_oficial_sidra
3302809,330280,Mendes,2020,18648,SIDRA 6579 v9324 - Populacao residente estimada,estimativa_oficial_sidra
3302809,330280,Mendes,2021,18681,SIDRA 6579 v9324 - Populacao residente estimada,estimativa_oficial_sidra
3302809,330280,Mendes,2022,17502,"SIDRA 4714 v93 - Censo Demografico 2022, Populacao residente",censo_2022_oficial_sidra
3302809,330280,Mendes,2024,18049,SIDRA 6579 v9324 - Populacao residente estimada,estimativa_oficial_sidra
3302809,330280,Mendes,2025,18048,SIDRA 6579 v9324 - Populacao residente estimada,estimativa_oficial_sidra
3302858,330285,Mesquita,2017,171280,SIDRA 6579 v9324 - Populacao residente estimada,estimativa_oficial_sidra
3302858,330285,Mesquita,2018,175620,SIDRA 6579 v9324 - Populacao residente estimada,estimativa_oficial_sidra
3302858,330285,Mesquita,2019,176103,SIDRA 6579 v9324 - Populacao residente estimada,estimativa_oficial_sidra
3302858,330285,Mesquita,2020,176569,SIDRA 6579 v9324 - Populacao residente estimada,estimativa_oficial_sidra
3302858,330285,Mesquita,2021,177016,SIDRA 6579 v9324 - Populacao residente estimada,estimativa_oficial_sidra
3302858,330285,Mesquita,2022,167127,"SIDRA 4714 v93 - Censo Demografico 2022, Populacao residente",censo_2022_oficial_sidra
3302858,330285,Mesquita,2024,178803,SIDRA 6579 v9324 - Populacao residente estimada,estimativa_oficial_sidra
3302858,330285,Mesquita,2025,178830,SIDRA 6579 v9324 - Populacao residente estimada,estimativa_oficial_sidra
3302908,330290,Miguel Pereira,2017,24871,SIDRA 6579 v9324 - Populacao residente estimada,estimativa_oficial_sidra
3302908,330290,Miguel Pereira,2018,25493,SIDRA 6579 v9324 - Populacao residente estimada,estimativa_oficial_sidra
3302908,330290,Miguel Pereira,2019,25538,SIDRA 6579 v9324 - Populacao residente estimada,estimativa_oficial_sidra
3302908,330290,Miguel Pereira,2020,25581,SIDRA 6579 v9324 - Populacao residente estimada,estimativa_oficial_sidra
3302908,330290,Miguel Pereira,2021,25622,SIDRA 6579 v9324 - Populacao residente estimada,estimativa_oficial_sidra
3302908,330290,Miguel Pereira,2022,26582,"SIDRA 4714 v93 - Censo Demografico 2022, Populacao residente",censo_2022_oficial_sidra
3302908,330290,Miguel Pereira,2024,28123,SIDRA 6579 v9324 - Populacao residente estimada,estimativa_oficial_sidra
3302908,330290,Miguel Pereira,2025,28142,SIDRA 6579 v9324 - Populacao residente estimada,estimativa_oficial_sidra
3303005,330300,Miracema,2017,26551,SIDRA 6579 v9324 - Populacao residente estimada,estimativa_oficial_sidra
3303005,330300,Miracema,2018,27195,SIDRA 6579 v9324 - Populacao residente estimada,estimativa_oficial_sidra
3303005,330300,Miracema,2019,27174,SIDRA 6579 v9324 - Populacao residente estimada,estimativa_oficial_sidra
3303005,330300,Miracema,2020,27154,SIDRA 6579 v9324 - Populacao residente estimada,estimativa_oficial_sidra
3303005,330300,Miracema,2021,27134,SIDRA 6579 v9324 - Populacao residente estimada,estimativa_oficial_sidra
3303005,330300,Miracema,2022,26881,"SIDRA 4714 v93 - Censo Demografico 2022, Populacao residente",censo_2022_oficial_sidra
3303005,330300,Miracema,2024,28411,SIDRA 6579 v9324 - Populacao residente estimada,estimativa_oficial_sidra
3303005,330300,Miracema,2025,28416,SIDRA 6579 v9324 - Populacao residente estimada,estimativa_oficial_sidra
3303104,330310,Natividade,2017,14960,SIDRA 6579 v9324 - Populacao residente estimada,estimativa_oficial_sidra
3303104,330310,Natividade,2018,15324,SIDRA 6579 v9324 - Populacao residente estimada,estimativa_oficial_sidra
3303104,330310,Natividade,2019,15317,SIDRA 6579 v9324 - Populacao residente estimada,estimativa_oficial_sidra
3303104,330310,Natividade,2020,15311,SIDRA 6579 v9324 - Populacao residente estimada,estimativa_oficial_sidra
3303104,330310,Natividade,2021,15305,SIDRA 6579 v9324 - Populacao residente estimada,estimativa_oficial_sidra
3303104,330310,Natividade,2022,15074,"SIDRA 4714 v93 - Censo Demografico 2022, Populacao residente",censo_2022_oficial_sidra
3303104,330310,Natividade,2024,15550,SIDRA 6579 v9324 - Populacao residente estimada,estimativa_oficial_sidra
3303104,330310,Natividade,2025,15551,SIDRA 6579 v9324 - Populacao residente estimada,estimativa_oficial_sidra
3303203,330320,Nilópolis,2017,158329,SIDRA 6579 v9324 - Populacao residente estimada,estimativa_oficial_sidra
3303203,330320,Nilópolis,2018,162269,SIDRA 6579 v9324 - Populacao residente estimada,estimativa_oficial_sidra
3303203,330320,Nilópolis,2019,162485,SIDRA 6579 v9324 - Populacao residente estimada,estimativa_oficial_sidra
3303203,330320,Nilópolis,2020,162693,SIDRA 6579 v9324 - Populacao residente estimada,estimativa_oficial_sidra
3303203,330320,Nilópolis,2021,162893,SIDRA 6579 v9324 - Populacao residente estimada,estimativa_oficial_sidra
3303203,330320,Nilópolis,2022,146774,"SIDRA 4714 v93 - Censo Demografico 2022, Populacao residente",censo_2022_oficial_sidra
3303203,330320,Nilópolis,2024,155544,SIDRA 6579 v9324 - Populacao residente estimada,estimativa_oficial_sidra
3303203,330320,Nilópolis,2025,155500,SIDRA 6579 v9324 - Populacao residente estimada,estimativa_oficial_sidra
3303302,330330,Niterói,2017,499028,SIDRA 6579 v9324 - Populacao residente estimada,estimativa_oficial_sidra
3303302,330330,Niterói,2018,511786,SIDRA 6579 v9324 - Populacao residente estimada,estimativa_oficial_sidra
3303302,330330,Niterói,2019,513584,SIDRA 6579 v9324 - Populacao residente estimada,estimativa_oficial_sidra
3303302,330330,Niterói,2020,515317,SIDRA 6579 v9324 - Populacao residente estimada,estimativa_oficial_sidra
3303302,330330,Niterói,2021,516981,SIDRA 6579 v9324 - Populacao residente estimada,estimativa_oficial_sidra
3303302,330330,Niterói,2022,481749,"SIDRA 4714 v93 - Censo Demografico 2022, Populacao residente",censo_2022_oficial_sidra
3303302,330330,Niterói,2024,516720,SIDRA 6579 v9324 - Populacao residente estimada,estimativa_oficial_sidra
3303302,330330,Niterói,2025,516787,SIDRA 6579 v9324 - Populacao residente estimada,estimativa_oficial_sidra
3303401,330340,Nova Friburgo,2017,185381,SIDRA 6579 v9324 - Populacao residente estimada,estimativa_oficial_sidra
3303401,330340,Nova Friburgo,2018,190084,SIDRA 6579 v9324 - Populacao residente estimada,estimativa_oficial_sidra
3303401,330340,Nova Friburgo,2019,190631,SIDRA 6579 v9324 - Populacao residente estimada,estimativa_oficial_sidra
3303401,330340,Nova Friburgo,2020,191158,SIDRA 6579 v9324 - Populacao residente estimada,estimativa_oficial_sidra
3303401,330340,Nova Friburgo,2021,191664,SIDRA 6579 v9324 - Populacao residente estimada,estimativa_oficial_sidra
3303401,330340,Nova Friburgo,2022,189939,"SIDRA 4714 v93 - Censo Demografico 2022, Populacao residente",censo_2022_oficial_sidra
3303401,330340,Nova Friburgo,2024,203328,SIDRA 6579 v9324 - Populacao residente estimada,estimativa_oficial_sidra
3303401,330340,Nova Friburgo,2025,203417,SIDRA 6579 v9324 - Populacao residente estimada,estimativa_oficial_sidra
3303500,330350,Nova Iguaçu,2017,798647,SIDRA 6579 v9324 - Populacao residente estimada,estimativa_oficial_sidra
3303500,330350,Nova Iguaçu,2018,818875,SIDRA 6579 v9324 - Populacao residente estimada,estimativa_oficial_sidra
3303500,330350,Nova Iguaçu,2019,821128,SIDRA 6579 v9324 - Populacao residente estimada,estimativa_oficial_sidra
3303500,330350,Nova Iguaçu,2020,823302,SIDRA 6579 v9324 - Populacao residente estimada,estimativa_oficial_sidra
3303500,330350,Nova Iguaçu,2021,825388,SIDRA 6579 v9324 - Populacao residente estimada,estimativa_oficial_sidra
3303500,330350,Nova Iguaçu,2022,785867,"SIDRA 4714 v93 - Censo Demografico 2022, Populacao residente",censo_2022_oficial_sidra
3303500,330350,Nova Iguaçu,2024,843046,SIDRA 6579 v9324 - Populacao residente estimada,estimativa_oficial_sidra
3303500,330350,Nova Iguaçu,2025,843220,SIDRA 6579 v9324 - Populacao residente estimada,estimativa_oficial_sidra
3303609,330360,Paracambi,2017,50447,SIDRA 6579 v9324 - Populacao residente estimada,estimativa_oficial_sidra
3303609,330360,Paracambi,2018,51815,SIDRA 6579 v9324 - Populacao residente estimada,estimativa_oficial_sidra
3303609,330360,Paracambi,2019,52257,SIDRA 6579 v9324 - Populacao residente estimada,estimativa_oficial_sidra
3303609,330360,Paracambi,2020,52683,SIDRA 6579 v9324 - Populacao residente estimada,estimativa_oficial_sidra
3303609,330360,Paracambi,2021,53093,SIDRA 6579 v9324 - Populacao residente estimada,estimativa_oficial_sidra
3303609,330360,Paracambi,2022,41375,"SIDRA 4714 v93 - Censo Demografico 2022, Populacao residente",censo_2022_oficial_sidra
3303609,330360,Paracambi,2024,43656,SIDRA 6579 v9324 - Populacao residente estimada,estimativa_oficial_sidra
3303609,330360,Paracambi,2025,43627,SIDRA 6579 v9324 - Populacao residente estimada,estimativa_oficial_sidra
3303708,330370,Paraíba do Sul,2017,42922,SIDRA 6579 v9324 - Populacao residente estimada,estimativa_oficial_sidra
3303708,330370,Paraíba do Sul,2018,44045,SIDRA 6579 v9324 - Populacao residente estimada,estimativa_oficial_sidra
3303708,330370,Paraíba do Sul,2019,44285,SIDRA 6579 v9324 - Populacao residente estimada,estimativa_oficial_sidra
3303708,330370,Paraíba do Sul,2020,44518,SIDRA 6579 v9324 - Populacao residente estimada,estimativa_oficial_sidra
3303708,330370,Paraíba do Sul,2021,44741,SIDRA 6579 v9324 - Populacao residente estimada,estimativa_oficial_sidra
3303708,330370,Paraíba do Sul,2022,42063,"SIDRA 4714 v93 - Censo Demografico 2022, Populacao residente",censo_2022_oficial_sidra
3303708,330370,Paraíba do Sul,2024,44467,SIDRA 6579 v9324 - Populacao residente estimada,estimativa_oficial_sidra
3303708,330370,Paraíba do Sul,2025,44479,SIDRA 6579 v9324 - Populacao residente estimada,estimativa_oficial_sidra
3303807,330380,Paraty,2017,41454,SIDRA 6579 v9324 - Populacao residente estimada,estimativa_oficial_sidra
3303807,330380,Paraty,2018,42630,SIDRA 6579 v9324 - Populacao residente estimada,estimativa_oficial_sidra
3303807,330380,Paraty,2019,43165,SIDRA 6579 v9324 - Populacao residente estimada,estimativa_oficial_sidra
3303807,330380,Paraty,2020,43680,SIDRA 6579 v9324 - Populacao residente estimada,estimativa_oficial_sidra
3303807,330380,Paraty,2021,44175,SIDRA 6579 v9324 - Populacao residente estimada,estimativa_oficial_sidra
3303807,330380,Paraty,2022,45243,"SIDRA 4714 v93 - Censo Demografico 2022, Populacao residente",censo_2022_oficial_sidra
3303807,330380,Paraty,2024,47614,SIDRA 6579 v9324 - Populacao residente estimada,estimativa_oficial_sidra
3303807,330380,Paraty,2025,47668,SIDRA 6579 v9324 - Populacao residente estimada,estimativa_oficial_sidra
3303856,330385,Paty do Alferes,2017,26991,SIDRA 6579 v9324 - Populacao residente estimada,estimativa_oficial_sidra
3303856,330385,Paty do Alferes,2018,27678,SIDRA 6579 v9324 - Populacao residente estimada,estimativa_oficial_sidra
3303856,330385,Paty do Alferes,2019,27769,SIDRA 6579 v9324 - Populacao residente estimada,estimativa_oficial_sidra
3303856,330385,Paty do Alferes,2020,27858,SIDRA 6579 v9324 - Populacao residente estimada,estimativa_oficial_sidra
3303856,330385,Paty do Alferes,2021,27942,SIDRA 6579 v9324 - Populacao residente estimada,estimativa_oficial_sidra
3303856,330385,Paty do Alferes,2022,29619,"SIDRA 4714 v93 - Censo Demografico 2022, Populacao residente",censo_2022_oficial_sidra
3303856,330385,Paty do Alferes,2024,31345,SIDRA 6579 v9324 - Populacao residente estimada,estimativa_oficial_sidra
3303856,330385,Paty do Alferes,2025,31370,SIDRA 6579 v9324 - Populacao residente estimada,estimativa_oficial_sidra
3303906,330390,Petrópolis,2017,298235,SIDRA 6579 v9324 - Populacao residente estimada,estimativa_oficial_sidra
3303906,330390,Petrópolis,2018,305687,SIDRA 6579 v9324 - Populacao residente estimada,estimativa_oficial_sidra
3303906,330390,Petrópolis,2019,306191,SIDRA 6579 v9324 - Populacao residente estimada,estimativa_oficial_sidra
3303906,330390,Petrópolis,2020,306678,SIDRA 6579 v9324 - Populacao residente estimada,estimativa_oficial_sidra
3303906,330390,Petrópolis,2021,307144,SIDRA 6579 v9324 - Populacao residente estimada,estimativa_oficial_sidra
3303906,330390,Petrópolis,2022,278881,"SIDRA 4714 v93 - Censo Demografico 2022, Populacao residente",censo_2022_oficial_sidra
3303906,330390,Petrópolis,2024,294983,SIDRA 6579 v9324 - Populacao residente estimada,estimativa_oficial_sidra
3303906,330390,Petrópolis,2025,294926,SIDRA 6579 v9324 - Populacao residente estimada,estimativa_oficial_sidra
3303955,330395,Pinheiral,2017,24282,SIDRA 6579 v9324 - Populacao residente estimada,estimativa_oficial_sidra
3303955,330395,Pinheiral,2018,24941,SIDRA 6579 v9324 - Populacao residente estimada,estimativa_oficial_sidra
3303955,330395,Pinheiral,2019,25156,SIDRA 6579 v9324 - Populacao residente estimada,estimativa_oficial_sidra
3303955,330395,Pinheiral,2020,25364,SIDRA 6579 v9324 - Populacao residente estimada,estimativa_oficial_sidra
3303955,330395,Pinheiral,2021,25563,SIDRA 6579 v9324 - Populacao residente estimada,estimativa_oficial_sidra
3303955,330395,Pinheiral,2022,24298,"SIDRA 4714 v93 - Censo Demografico 2022, Populacao residente",censo_2022_oficial_sidra
3303955,330395,Pinheiral,2024,25085,SIDRA 6579 v9324 - Populacao residente estimada,estimativa_oficial_sidra
3303955,330395,Pinheiral,2025,25096,SIDRA 6579 v9324 - Populacao residente estimada,estimativa_oficial_sidra
3304003,330400,Piraí,2017,28222,SIDRA 6579 v9324 - Populacao residente estimada,estimativa_oficial_sidra
3304003,330400,Piraí,2018,28999,SIDRA 6579 v9324 - Populacao residente estimada,estimativa_oficial_sidra
3304003,330400,Piraí,2019,29277,SIDRA 6579 v9324 - Populacao residente estimada,estimativa_oficial_sidra
3304003,330400,Piraí,2020,29545,SIDRA 6579 v9324 - Populacao residente estimada,estimativa_oficial_sidra
3304003,330400,Piraí,2021,29802,SIDRA 6579 v9324 - Populacao residente estimada,estimativa_oficial_sidra
3304003,330400,Piraí,2022,27474,"SIDRA 4714 v93 - Censo Demografico 2022, Populacao residente",censo_2022_oficial_sidra
3304003,330400,Piraí,2024,29054,SIDRA 6579 v9324 - Populacao residente estimada,estimativa_oficial_sidra
3304003,330400,Piraí,2025,29066,SIDRA 6579 v9324 - Populacao residente estimada,estimativa_oficial_sidra
3304102,330410,Porciúncula,2017,18248,SIDRA 6579 v9324 - Populacao residente estimada,estimativa_oficial_sidra
3304102,330410,Porciúncula,2018,18730,SIDRA 6579 v9324 - Populacao residente estimada,estimativa_oficial_sidra
3304102,330410,Porciúncula,2019,18847,SIDRA 6579 v9324 - Populacao residente estimada,estimativa_oficial_sidra
3304102,330410,Porciúncula,2020,18960,SIDRA 6579 v9324 - Populacao residente estimada,estimativa_oficial_sidra
3304102,330410,Porciúncula,2021,19068,SIDRA 6579 v9324 - Populacao residente estimada,estimativa_oficial_sidra
3304102,330410,Porciúncula,2022,17288,"SIDRA 4714 v93 - Censo Demografico 2022, Populacao residente",censo_2022_oficial_sidra
3304102,330410,Porciúncula,2024,17832,SIDRA 6579 v9324 - Populacao residente estimada,estimativa_oficial_sidra
3304102,330410,Porciúncula,2025,17832,SIDRA 6579 v9324 - Populacao residente estimada,estimativa_oficial_sidra
3304110,330411,Porto Real,2017,18829,SIDRA 6579 v9324 - Populacao residente estimada,estimativa_oficial_sidra
3304110,330411,Porto Real,2018,19381,SIDRA 6579 v9324 - Populacao residente estimada,estimativa_oficial_sidra
3304110,330411,Porto Real,2019,19683,SIDRA 6579 v9324 - Populacao residente estimada,estimativa_oficial_sidra
3304110,330411,Porto Real,2020,19974,SIDRA 6579 v9324 - Populacao residente estimada,estimativa_oficial_sidra
3304110,330411,Porto Real,2021,20254,SIDRA 6579 v9324 - Populacao residente estimada,estimativa_oficial_sidra
3304110,330411,Porto Real,2022,20373,"SIDRA 4714 v93 - Censo Demografico 2022, Populacao residente",censo_2022_oficial_sidra
3304110,330411,Porto Real,2024,21064,SIDRA 6579 v9324 - Populacao residente estimada,estimativa_oficial_sidra
3304110,330411,Porto Real,2025,21089,SIDRA 6579 v9324 - Populacao residente estimada,estimativa_oficial_sidra
3304128,330412,Quatis,2017,13785,SIDRA 6579 v9324 - Populacao residente estimada,estimativa_oficial_sidra
3304128,330412,Quatis,2018,14165,SIDRA 6579 v9324 - Populacao residente estimada,estimativa_oficial_sidra
3304128,330412,Quatis,2019,14302,SIDRA 6579 v9324 - Populacao residente estimada,estimativa_oficial_sidra
3304128,330412,Quatis,2020,14435,SIDRA 6579 v9324 - Populacao residente estimada,estimativa_oficial_sidra
3304128,330412,Quatis,2021,14562,SIDRA 6579 v9324 - Populacao residente estimada,estimativa_oficial_sidra
3304128,330412,Quatis,2022,13682,"SIDRA 4714 v93 - Censo Demografico 2022, Populacao residente",censo_2022_oficial_sidra
3304128,330412,Quatis,2024,14158,SIDRA 6579 v9324 - Populacao residente estimada,estimativa_oficial_sidra
3304128,330412,Quatis,2025,14165,SIDRA 6579 v9324 - Populacao residente estimada,estimativa_oficial_sidra
3304144,330414,Queimados,2017,145386,SIDRA 6579 v9324 - Populacao residente estimada,estimativa_oficial_sidra
3304144,330414,Queimados,2018,149265,SIDRA 6579 v9324 - Populacao residente estimada,estimativa_oficial_sidra
3304144,330414,Queimados,2019,150319,SIDRA 6579 v9324 - Populacao residente estimada,estimativa_oficial_sidra
3304144,330414,Queimados,2020,151335,SIDRA 6579 v9324 - Populacao residente estimada,estimativa_oficial_sidra
3304144,330414,Queimados,2021,152311,SIDRA 6579 v9324 - Populacao residente estimada,estimativa_oficial_sidra
3304144,330414,Queimados,2022,140523,"SIDRA 4714 v93 - Censo Demografico 2022, Populacao residente",censo_2022_oficial_sidra
3304144,330414,Queimados,2024,149093,SIDRA 6579 v9324 - Populacao residente estimada,estimativa_oficial_sidra
3304144,330414,Queimados,2025,149135,SIDRA 6579 v9324 - Populacao residente estimada,estimativa_oficial_sidra
3304151,330415,Quissamã,2017,23535,SIDRA 6579 v9324 - Populacao residente estimada,estimativa_oficial_sidra
3304151,330415,Quissamã,2018,24246,SIDRA 6579 v9324 - Populacao residente estimada,estimativa_oficial_sidra
3304151,330415,Quissamã,2019,24700,SIDRA 6579 v9324 - Populacao residente estimada,estimativa_oficial_sidra
3304151,330415,Quissamã,2020,25126,SIDRA 6579 v9324 - Populacao residente estimada,estimativa_oficial_sidra
3304151,330415,Quissamã,2021,25535,SIDRA 6579 v9324 - Populacao residente estimada,estimativa_oficial_sidra
3304151,330415,Quissamã,2022,22393,"SIDRA 4714 v93 - Censo Demografico 2022, Populacao residente",censo_2022_oficial_sidra
3304151,330415,Quissamã,2024,23126,SIDRA 6579 v9324 - Populacao residente estimada,estimativa_oficial_sidra
3304151,330415,Quissamã,2025,23142,SIDRA 6579 v9324 - Populacao residente estimada,estimativa_oficial_sidra
3304201,330420,Resende,2017,126923,SIDRA 6579 v9324 - Populacao residente estimada,estimativa_oficial_sidra
3304201,330420,Resende,2018,130334,SIDRA 6579 v9324 - Populacao residente estimada,estimativa_oficial_sidra
3304201,330420,Resende,2019,131341,SIDRA 6579 v9324 - Populacao residente estimada,estimativa_oficial_sidra
3304201,330420,Resende,2020,132312,SIDRA 6579 v9324 - Populacao residente estimada,estimativa_oficial_sidra
3304201,330420,Resende,2021,133244,SIDRA 6579 v9324 - Populacao residente estimada,estimativa_oficial_sidra
3304201,330420,Resende,2022,129612,"SIDRA 4714 v93 - Censo Demografico 2022, Populacao residente",censo_2022_oficial_sidra
3304201,330420,Resende,2024,137612,SIDRA 6579 v9324 - Populacao residente estimada,estimativa_oficial_sidra
3304201,330420,Resende,2025,137697,SIDRA 6579 v9324 - Populacao residente estimada,estimativa_oficial_sidra
3304300,330430,Rio Bonito,2017,58272,SIDRA 6579 v9324 - Populacao residente estimada,estimativa_oficial_sidra
3304300,330430,Rio Bonito,2018,59814,SIDRA 6579 v9324 - Populacao residente estimada,estimativa_oficial_sidra
3304300,330430,Rio Bonito,2019,60201,SIDRA 6579 v9324 - Populacao residente estimada,estimativa_oficial_sidra
3304300,330430,Rio Bonito,2020,60573,SIDRA 6579 v9324 - Populacao residente estimada,estimativa_oficial_sidra
3304300,330430,Rio Bonito,2021,60930,SIDRA 6579 v9324 - Populacao residente estimada,estimativa_oficial_sidra
3304300,330430,Rio Bonito,2022,56276,"SIDRA 4714 v93 - Censo Demografico 2022, Populacao residente",censo_2022_oficial_sidra
3304300,330430,Rio Bonito,2024,59113,SIDRA 6579 v9324 - Populacao residente estimada,estimativa_oficial_sidra
3304300,330430,Rio Bonito,2025,59126,SIDRA 6579 v9324 - Populacao residente estimada,estimativa_oficial_sidra
3304409,330440,Rio Claro,2017,17988,SIDRA 6579 v9324 - Populacao residente estimada,estimativa_oficial_sidra
3304409,330440,Rio Claro,2018,18451,SIDRA 6579 v9324 - Populacao residente estimada,estimativa_oficial_sidra
3304409,330440,Rio Claro,2019,18529,SIDRA 6579 v9324 - Populacao residente estimada,estimativa_oficial_sidra
3304409,330440,Rio Claro,2020,18605,SIDRA 6579 v9324 - Populacao residente estimada,estimativa_oficial_sidra
3304409,330440,Rio Claro,2021,18677,SIDRA 6579 v9324 - Populacao residente estimada,estimativa_oficial_sidra
3304409,330440,Rio Claro,2022,17401,"SIDRA 4714 v93 - Censo Demografico 2022, Populacao residente",censo_2022_oficial_sidra
3304409,330440,Rio Claro,2024,17950,SIDRA 6579 v9324 - Populacao residente estimada,estimativa_oficial_sidra
3304409,330440,Rio Claro,2025,17951,SIDRA 6579 v9324 - Populacao residente estimada,estimativa_oficial_sidra
3304508,330450,Rio das Flores,2017,8984,SIDRA 6579 v9324 - Populacao residente estimada,estimativa_oficial_sidra
3304508,330450,Rio das Flores,2018,9222,SIDRA 6579 v9324 - Populacao residente estimada,estimativa_oficial_sidra
3304508,330450,Rio das Flores,2019,9284,SIDRA 6579 v9324 - Populacao residente estimada,estimativa_oficial_sidra
3304508,330450,Rio das Flores,2020,9344,SIDRA 6579 v9324 - Populacao residente estimada,estimativa_oficial_sidra
3304508,330450,Rio das Flores,2021,9401,SIDRA 6579 v9324 - Populacao residente estimada,estimativa_oficial_sidra
3304508,330450,Rio das Flores,2022,8954,"SIDRA 4714 v93 - Censo Demografico 2022, Populacao residente",censo_2022_oficial_sidra
3304508,330450,Rio das Flores,2024,9264,SIDRA 6579 v9324 - Populacao residente estimada,estimativa_oficial_sidra
3304508,330450,Rio das Flores,2025,9267,SIDRA 6579 v9324 - Populacao residente estimada,estimativa_oficial_sidra
3304524,330452,Rio das Ostras,2017,141117,SIDRA 6579 v9324 - Populacao residente estimada,estimativa_oficial_sidra
3304524,330452,Rio das Ostras,2018,145989,SIDRA 6579 v9324 - Populacao residente estimada,estimativa_oficial_sidra
3304524,330452,Rio das Ostras,2019,150674,SIDRA 6579 v9324 - Populacao residente estimada,estimativa_oficial_sidra
3304524,330452,Rio das Ostras,2020,155193,SIDRA 6579 v9324 - Populacao residente estimada,estimativa_oficial_sidra
3304524,330452,Rio das Ostras,2021,159529,SIDRA 6579 v9324 - Populacao residente estimada,estimativa_oficial_sidra
3304524,330452,Rio das Ostras,2022,156491,"SIDRA 4714 v93 - Censo Demografico 2022, Populacao residente",censo_2022_oficial_sidra
3304524,330452,Rio das Ostras,2024,168099,SIDRA 6579 v9324 - Populacao residente estimada,estimativa_oficial_sidra
3304524,330452,Rio das Ostras,2025,168455,SIDRA 6579 v9324 - Populacao residente estimada,estimativa_oficial_sidra
3304557,330455,Rio de Janeiro,2017,6520266,SIDRA 6579 v9324 - Populacao residente estimada,estimativa_oficial_sidra
3304557,330455,Rio de Janeiro,2018,6688927,SIDRA 6579 v9324 - Populacao residente estimada,estimativa_oficial_sidra
3304557,330455,Rio de Janeiro,2019,6718903,SIDRA 6579 v9324 - Populacao residente estimada,estimativa_oficial_sidra
3304557,330455,Rio de Janeiro,2020,6747815,SIDRA 6579 v9324 - Populacao residente estimada,estimativa_oficial_sidra
3304557,330455,Rio de Janeiro,2021,6775561,SIDRA 6579 v9324 - Populacao residente estimada,estimativa_oficial_sidra
3304557,330455,Rio de Janeiro,2022,6211223,"SIDRA 4714 v93 - Censo Demografico 2022, Populacao residente",censo_2022_oficial_sidra
3304557,330455,Rio de Janeiro,2024,6729894,SIDRA 6579 v9324 - Populacao residente estimada,estimativa_oficial_sidra
3304557,330455,Rio de Janeiro,2025,6730729,SIDRA 6579 v9324 - Populacao residente estimada,estimativa_oficial_sidra
3304607,330460,Santa Maria Madalena,2017,10172,SIDRA 6579 v9324 - Populacao residente estimada,estimativa_oficial_sidra
3304607,330460,Santa Maria Madalena,2018,10417,SIDRA 6579 v9324 - Populacao residente estimada,estimativa_oficial_sidra
3304607,330460,Santa Maria Madalena,2019,10404,SIDRA 6579 v9324 - Populacao residente estimada,estimativa_oficial_sidra
3304607,330460,Santa Maria Madalena,2020,10392,SIDRA 6579 v9324 - Populacao residente estimada,estimativa_oficial_sidra
3304607,330460,Santa Maria Madalena,2021,10380,SIDRA 6579 v9324 - Populacao residente estimada,estimativa_oficial_sidra
3304607,330460,Santa Maria Madalena,2022,10232,"SIDRA 4714 v93 - Censo Demografico 2022, Populacao residente",censo_2022_oficial_sidra
3304607,330460,Santa Maria Madalena,2024,10579,SIDRA 6579 v9324 - Populacao residente estimada,estimativa_oficial_sidra
3304607,330460,Santa Maria Madalena,2025,10580,SIDRA 6579 v9324 - Populacao residente estimada,estimativa_oficial_sidra
3304706,330470,Santo Antônio de Pádua,2017,41312,SIDRA 6579 v9324 - Populacao residente estimada,estimativa_oficial_sidra
3304706,330470,Santo Antônio de Pádua,2018,42359,SIDRA 6579 v9324 - Populacao residente estimada,estimativa_oficial_sidra
3304706,330470,Santo Antônio de Pádua,2019,42479,SIDRA 6579 v9324 - Populacao residente estimada,estimativa_oficial_sidra
3304706,330470,Santo Antônio de Pádua,2020,42594,SIDRA 6579 v9324 - Populacao residente estimada,estimativa_oficial_sidra
3304706,330470,Santo Antônio de Pádua,2021,42705,SIDRA 6579 v9324 - Populacao residente estimada,estimativa_oficial_sidra
3304706,330470,Santo Antônio de Pádua,2022,41325,"SIDRA 4714 v93 - Censo Demografico 2022, Populacao residente",censo_2022_oficial_sidra
3304706,330470,Santo Antônio de Pádua,2024,43686,SIDRA 6579 v9324 - Populacao residente estimada,estimativa_oficial_sidra
3304706,330470,Santo Antônio de Pádua,2025,43697,SIDRA 6579 v9324 - Populacao residente estimada,estimativa_oficial_sidra
3304755,330475,São Francisco de Itabapoana,2017,41191,SIDRA 6579 v9324 - Populacao residente estimada,estimativa_oficial_sidra
3304755,330475,São Francisco de Itabapoana,2018,42201,SIDRA 6579 v9324 - Populacao residente estimada,estimativa_oficial_sidra
3304755,330475,São Francisco de Itabapoana,2019,42205,SIDRA 6579 v9324 - Populacao residente estimada,estimativa_oficial_sidra
3304755,330475,São Francisco de Itabapoana,2020,42210,SIDRA 6579 v9324 - Populacao residente estimada,estimativa_oficial_sidra
3304755,330475,São Francisco de Itabapoana,2021,42214,SIDRA 6579 v9324 - Populacao residente estimada,estimativa_oficial_sidra
3304755,330475,São Francisco de Itabapoana,2022,45059,"SIDRA 4714 v93 - Censo Demografico 2022, Populacao residente",censo_2022_oficial_sidra
3304755,330475,São Francisco de Itabapoana,2024,47368,SIDRA 6579 v9324 - Populacao residente estimada,estimativa_oficial_sidra
3304755,330475,São Francisco de Itabapoana,2025,47397,SIDRA 6579 v9324 - Populacao residente estimada,estimativa_oficial_sidra
3304805,330480,São Fidélis,2017,37689,SIDRA 6579 v9324 - Populacao residente estimada,estimativa_oficial_sidra
3304805,330480,São Fidélis,2018,38626,SIDRA 6579 v9324 - Populacao residente estimada,estimativa_oficial_sidra
3304805,330480,São Fidélis,2019,38669,SIDRA 6579 v9324 - Populacao residente estimada,estimativa_oficial_sidra
3304805,330480,São Fidélis,2020,38710,SIDRA 6579 v9324 - Populacao residente estimada,estimativa_oficial_sidra
3304805,330480,São Fidélis,2021,38749,SIDRA 6579 v9324 - Populacao residente estimada,estimativa_oficial_sidra
3304805,330480,São Fidélis,2022,38961,"SIDRA 4714 v93 - Censo Demografico 2022, Populacao residente",censo_2022_oficial_sidra
3304805,330480,São Fidélis,2024,41197,SIDRA 6579 v9324 - Populacao residente estimada,estimativa_oficial_sidra
3304805,330480,São Fidélis,2025,41212,SIDRA 6579 v9324 - Populacao residente estimada,estimativa_oficial_sidra
3304904,330490,São Gonçalo,2017,1049826,SIDRA 6579 v9324 - Populacao residente estimada,estimativa_oficial_sidra
3304904,330490,São Gonçalo,2018,1077687,SIDRA 6579 v9324 - Populacao residente estimada,estimativa_oficial_sidra
3304904,330490,São Gonçalo,2019,1084839,SIDRA 6579 v9324 - Populacao residente estimada,estimativa_oficial_sidra
3304904,330490,São Gonçalo,2020,1091737,SIDRA 6579 v9324 - Populacao residente estimada,estimativa_oficial_sidra
3304904,330490,São Gonçalo,2021,1098357,SIDRA 6579 v9324 - Populacao residente estimada,estimativa_oficial_sidra
3304904,330490,São Gonçalo,2022,896744,"SIDRA 4714 v93 - Censo Demografico 2022, Populacao residente",censo_2022_oficial_sidra
3304904,330490,São Gonçalo,2024,960652,SIDRA 6579 v9324 - Populacao residente estimada,estimativa_oficial_sidra
3304904,330490,São Gonçalo,2025,960196,SIDRA 6579 v9324 - Populacao residente estimada,estimativa_oficial_sidra
3305000,330500,São João da Barra,2017,35174,SIDRA 6579 v9324 - Populacao residente estimada,estimativa_oficial_sidra
3305000,330500,São João da Barra,2018,36138,SIDRA 6579 v9324 - Populacao residente estimada,estimativa_oficial_sidra
3305000,330500,São João da Barra,2019,36102,SIDRA 6579 v9324 - Populacao residente estimada,estimativa_oficial_sidra
3305000,330500,São João da Barra,2020,36423,SIDRA 6579 v9324 - Populacao residente estimada,estimativa_oficial_sidra
3305000,330500,São João da Barra,2021,36731,SIDRA 6579 v9324 - Populacao residente estimada,estimativa_oficial_sidra
3305000,330500,São João da Barra,2022,36573,"SIDRA 4714 v93 - Censo Demografico 2022, Populacao residente",censo_2022_oficial_sidra
3305000,330500,São João da Barra,2024,38708,SIDRA 6579 v9324 - Populacao residente estimada,estimativa_oficial_sidra
3305000,330500,São João da Barra,2025,38740,SIDRA 6579 v9324 - Populacao residente estimada,estimativa_oficial_sidra
3305109,330510,São João de Meriti,2017,460461,SIDRA 6579 v9324 - Populacao residente estimada,estimativa_oficial_sidra
3305109,330510,São João de Meriti,2018,471888,SIDRA 6579 v9324 - Populacao residente estimada,estimativa_oficial_sidra
3305109,330510,São João de Meriti,2019,472406,SIDRA 6579 v9324 - Populacao residente estimada,estimativa_oficial_sidra
3305109,330510,São João de Meriti,2020,472906,SIDRA 6579 v9324 - Populacao residente estimada,estimativa_oficial_sidra
3305109,330510,São João de Meriti,2021,473385,SIDRA 6579 v9324 - Populacao residente estimada,estimativa_oficial_sidra
3305109,330510,São João de Meriti,2022,440962,"SIDRA 4714 v93 - Censo Demografico 2022, Populacao residente",censo_2022_oficial_sidra
3305109,330510,São João de Meriti,2024,466536,SIDRA 6579 v9324 - Populacao residente estimada,estimativa_oficial_sidra
3305109,330510,São João de Meriti,2025,466503,SIDRA 6579 v9324 - Populacao residente estimada,estimativa_oficial_sidra
3305133,330513,São José de Ubá,2017,6953,SIDRA 6579 v9324 - Populacao residente estimada,estimativa_oficial_sidra
3305133,330513,São José de Ubá,2018,7134,SIDRA 6579 v9324 - Populacao residente estimada,estimativa_oficial_sidra
3305133,330513,São José de Ubá,2019,7171,SIDRA 6579 v9324 - Populacao residente estimada,estimativa_oficial_sidra
3305133,330513,São José de Ubá,2020,7206,SIDRA 6579 v9324 - Populacao residente estimada,estimativa_oficial_sidra
3305133,330513,São José de Ubá,2021,7240,SIDRA 6579 v9324 - Populacao residente estimada,estimativa_oficial_sidra
3305133,330513,São José de Ubá,2022,7070,"SIDRA 4714 v93 - Censo Demografico 2022, Populacao residente",censo_2022_oficial_sidra
3305133,330513,São José de Ubá,2024,7315,SIDRA 6579 v9324 - Populacao residente estimada,estimativa_oficial_sidra
3305133,330513,São José de Ubá,2025,7318,SIDRA 6579 v9324 - Populacao residente estimada,estimativa_oficial_sidra
3305158,330515,São José do Vale do Rio Preto,2017,21114,SIDRA 6579 v9324 - Populacao residente estimada,estimativa_oficial_sidra
3305158,330515,São José do Vale do Rio Preto,2018,21670,SIDRA 6579 v9324 - Populacao residente estimada,estimativa_oficial_sidra
3305158,330515,São José do Vale do Rio Preto,2019,21795,SIDRA 6579 v9324 - Populacao residente estimada,estimativa_oficial_sidra
3305158,330515,São José do Vale do Rio Preto,2020,21916,SIDRA 6579 v9324 - Populacao residente estimada,estimativa_oficial_sidra
3305158,330515,São José do Vale do Rio Preto,2021,22032,SIDRA 6579 v9324 - Populacao residente estimada,estimativa_oficial_sidra
3305158,330515,São José do Vale do Rio Preto,2022,22080,"SIDRA 4714 v93 - Censo Demografico 2022, Populacao residente",censo_2022_oficial_sidra
3305158,330515,São José do Vale do Rio Preto,2024,22799,SIDRA 6579 v9324 - Populacao residente estimada,estimativa_oficial_sidra
3305158,330515,São José do Vale do Rio Preto,2025,22813,SIDRA 6579 v9324 - Populacao residente estimada,estimativa_oficial_sidra
3305208,330520,São Pedro da Aldeia,2017,99906,SIDRA 6579 v9324 - Populacao residente estimada,estimativa_oficial_sidra
3305208,330520,São Pedro da Aldeia,2018,102846,SIDRA 6579 v9324 - Populacao residente estimada,estimativa_oficial_sidra
3305208,330520,São Pedro da Aldeia,2019,104476,SIDRA 6579 v9324 - Populacao residente estimada,estimativa_oficial_sidra
3305208,330520,São Pedro da Aldeia,2020,106049,SIDRA 6579 v9324 - Populacao residente estimada,estimativa_oficial_sidra
3305208,330520,São Pedro da Aldeia,2021,107556,SIDRA 6579 v9324 - Populacao residente estimada,estimativa_oficial_sidra
3305208,330520,São Pedro da Aldeia,2022,104029,"SIDRA 4714 v93 - Censo Demografico 2022, Populacao residente",censo_2022_oficial_sidra
3305208,330520,São Pedro da Aldeia,2024,110556,SIDRA 6579 v9324 - Populacao residente estimada,estimativa_oficial_sidra
3305208,330520,São Pedro da Aldeia,2025,110677,SIDRA 6579 v9324 - Populacao residente estimada,estimativa_oficial_sidra
3305307,330530,São Sebastião do Alto,2017,9094,SIDRA 6579 v9324 - Populacao residente estimada,estimativa_oficial_sidra
3305307,330530,São Sebastião do Alto,2018,9326,SIDRA 6579 v9324 - Populacao residente estimada,estimativa_oficial_sidra
3305307,330530,São Sebastião do Alto,2019,9357,SIDRA 6579 v9324 - Populacao residente estimada,estimativa_oficial_sidra
3305307,330530,São Sebastião do Alto,2020,9387,SIDRA 6579 v9324 - Populacao residente estimada,estimativa_oficial_sidra
3305307,330530,São Sebastião do Alto,2021,9416,SIDRA 6579 v9324 - Populacao residente estimada,estimativa_oficial_sidra
3305307,330530,São Sebastião do Alto,2022,7750,"SIDRA 4714 v93 - Censo Demografico 2022, Populacao residente",censo_2022_oficial_sidra
3305307,330530,São Sebastião do Alto,2024,7999,SIDRA 6579 v9324 - Populacao residente estimada,estimativa_oficial_sidra
3305307,330530,São Sebastião do Alto,2025,7993,SIDRA 6579 v9324 - Populacao residente estimada,estimativa_oficial_sidra
3305406,330540,Sapucaia,2017,17765,SIDRA 6579 v9324 - Populacao residente estimada,estimativa_oficial_sidra
3305406,330540,Sapucaia,2018,18205,SIDRA 6579 v9324 - Populacao residente estimada,estimativa_oficial_sidra
3305406,330540,Sapucaia,2019,18228,SIDRA 6579 v9324 - Populacao residente estimada,estimativa_oficial_sidra
3305406,330540,Sapucaia,2020,18249,SIDRA 6579 v9324 - Populacao residente estimada,estimativa_oficial_sidra
3305406,330540,Sapucaia,2021,18270,SIDRA 6579 v9324 - Populacao residente estimada,estimativa_oficial_sidra
3305406,330540,Sapucaia,2022,17729,"SIDRA 4714 v93 - Censo Demografico 2022, Populacao residente",censo_2022_oficial_sidra
3305406,330540,Sapucaia,2024,18289,SIDRA 6579 v9324 - Populacao residente estimada,estimativa_oficial_sidra
3305406,330540,Sapucaia,2025,18291,SIDRA 6579 v9324 - Populacao residente estimada,estimativa_oficial_sidra
3305505,330550,Saquarema,2017,85175,SIDRA 6579 v9324 - Populacao residente estimada,estimativa_oficial_sidra
3305505,330550,Saquarema,2018,87704,SIDRA 6579 v9324 - Populacao residente estimada,estimativa_oficial_sidra
3305505,330550,Saquarema,2019,89170,SIDRA 6579 v9324 - Populacao residente estimada,estimativa_oficial_sidra
3305505,330550,Saquarema,2020,90583,SIDRA 6579 v9324 - Populacao residente estimada,estimativa_oficial_sidra
3305505,330550,Saquarema,2021,91938,SIDRA 6579 v9324 - Populacao residente estimada,estimativa_oficial_sidra
3305505,330550,Saquarema,2022,89559,"SIDRA 4714 v93 - Censo Demografico 2022, Populacao residente",censo_2022_oficial_sidra
3305505,330550,Saquarema,2024,95201,SIDRA 6579 v9324 - Populacao residente estimada,estimativa_oficial_sidra
3305505,330550,Saquarema,2025,95315,SIDRA 6579 v9324 - Populacao residente estimada,estimativa_oficial_sidra
3305554,330555,Seropédica,2017,84416,SIDRA 6579 v9324 - Populacao residente estimada,estimativa_oficial_sidra
3305554,330555,Seropédica,2018,86743,SIDRA 6579 v9324 - Populacao residente estimada,estimativa_oficial_sidra
3305554,330555,Seropédica,2019,82312,SIDRA 6579 v9324 - Populacao residente estimada,estimativa_oficial_sidra
3305554,330555,Seropédica,2020,83092,SIDRA 6579 v9324 - Populacao residente estimada,estimativa_oficial_sidra
3305554,330555,Seropédica,2021,83841,SIDRA 6579 v9324 - Populacao residente estimada,estimativa_oficial_sidra
3305554,330555,Seropédica,2022,80596,"SIDRA 4714 v93 - Censo Demografico 2022, Populacao residente",censo_2022_oficial_sidra
3305554,330555,Seropédica,2024,84737,SIDRA 6579 v9324 - Populacao residente estimada,estimativa_oficial_sidra
3305554,330555,Seropédica,2025,84794,SIDRA 6579 v9324 - Populacao residente estimada,estimativa_oficial_sidra
3305604,330560,Silva Jardim,2017,21253,SIDRA 6579 v9324 - Populacao residente estimada,estimativa_oficial_sidra
3305604,330560,Silva Jardim,2018,21773,SIDRA 6579 v9324 - Populacao residente estimada,estimativa_oficial_sidra
3305604,330560,Silva Jardim,2019,21774,SIDRA 6579 v9324 - Populacao residente estimada,estimativa_oficial_sidra
3305604,330560,Silva Jardim,2020,21774,SIDRA 6579 v9324 - Populacao residente estimada,estimativa_oficial_sidra
3305604,330560,Silva Jardim,2021,21775,SIDRA 6579 v9324 - Populacao residente estimada,estimativa_oficial_sidra
3305604,330560,Silva Jardim,2022,21352,"SIDRA 4714 v93 - Censo Demografico 2022, Populacao residente",censo_2022_oficial_sidra
3305604,330560,Silva Jardim,2024,22026,SIDRA 6579 v9324 - Populacao residente estimada,estimativa_oficial_sidra
3305604,330560,Silva Jardim,2025,22028,SIDRA 6579 v9324 - Populacao residente estimada,estimativa_oficial_sidra
3305703,330570,Sumidouro,2017,15191,SIDRA 6579 v9324 - Populacao residente estimada,estimativa_oficial_sidra
3305703,330570,Sumidouro,2018,15577,SIDRA 6579 v9324 - Populacao residente estimada,estimativa_oficial_sidra
3305703,330570,Sumidouro,2019,15623,SIDRA 6579 v9324 - Populacao residente estimada,estimativa_oficial_sidra
3305703,330570,Sumidouro,2020,15667,SIDRA 6579 v9324 - Populacao residente estimada,estimativa_oficial_sidra
3305703,330570,Sumidouro,2021,15709,SIDRA 6579 v9324 - Populacao residente estimada,estimativa_oficial_sidra
3305703,330570,Sumidouro,2022,15206,"SIDRA 4714 v93 - Censo Demografico 2022, Populacao residente",censo_2022_oficial_sidra
3305703,330570,Sumidouro,2024,15690,SIDRA 6579 v9324 - Populacao residente estimada,estimativa_oficial_sidra
3305703,330570,Sumidouro,2025,15693,SIDRA 6579 v9324 - Populacao residente estimada,estimativa_oficial_sidra
3305752,330575,Tanguá,2017,32970,SIDRA 6579 v9324 - Populacao residente estimada,estimativa_oficial_sidra
3305752,330575,Tanguá,2018,33870,SIDRA 6579 v9324 - Populacao residente estimada,estimativa_oficial_sidra
3305752,330575,Tanguá,2019,34309,SIDRA 6579 v9324 - Populacao residente estimada,estimativa_oficial_sidra
3305752,330575,Tanguá,2020,34610,SIDRA 6579 v9324 - Populacao residente estimada,estimativa_oficial_sidra
3305752,330575,Tanguá,2021,34898,SIDRA 6579 v9324 - Populacao residente estimada,estimativa_oficial_sidra
3305752,330575,Tanguá,2022,31086,"SIDRA 4714 v93 - Censo Demografico 2022, Populacao residente",censo_2022_oficial_sidra
3305752,330575,Tanguá,2024,32858,SIDRA 6579 v9324 - Populacao residente estimada,estimativa_oficial_sidra
3305752,330575,Tanguá,2025,32865,SIDRA 6579 v9324 - Populacao residente estimada,estimativa_oficial_sidra
3305802,330580,Teresópolis,2017,176060,SIDRA 6579 v9324 - Populacao residente estimada,estimativa_oficial_sidra
3305802,330580,Teresópolis,2018,180886,SIDRA 6579 v9324 - Populacao residente estimada,estimativa_oficial_sidra
3305802,330580,Teresópolis,2019,182594,SIDRA 6579 v9324 - Populacao residente estimada,estimativa_oficial_sidra
3305802,330580,Teresópolis,2020,184240,SIDRA 6579 v9324 - Populacao residente estimada,estimativa_oficial_sidra
3305802,330580,Teresópolis,2021,185820,SIDRA 6579 v9324 - Populacao residente estimada,estimativa_oficial_sidra
3305802,330580,Teresópolis,2022,165123,"SIDRA 4714 v93 - Censo Demografico 2022, Populacao residente",censo_2022_oficial_sidra
3305802,330580,Teresópolis,2024,176692,SIDRA 6579 v9324 - Populacao residente estimada,estimativa_oficial_sidra
3305802,330580,Teresópolis,2025,176735,SIDRA 6579 v9324 - Populacao residente estimada,estimativa_oficial_sidra
3305901,330590,Trajano de Moraes,2017,10352,SIDRA 6579 v9324 - Populacao residente estimada,estimativa_oficial_sidra
3305901,330590,Trajano de Moraes,2018,10611,SIDRA 6579 v9324 - Populacao residente estimada,estimativa_oficial_sidra
3305901,330590,Trajano de Moraes,2019,10626,SIDRA 6579 v9324 - Populacao residente estimada,estimativa_oficial_sidra
3305901,330590,Trajano de Moraes,2020,10640,SIDRA 6579 v9324 - Populacao residente estimada,estimativa_oficial_sidra
3305901,330590,Trajano de Moraes,2021,10653,SIDRA 6579 v9324 - Populacao residente estimada,estimativa_oficial_sidra
3305901,330590,Trajano de Moraes,2022,10302,"SIDRA 4714 v93 - Censo Demografico 2022, Populacao residente",censo_2022_oficial_sidra
3305901,330590,Trajano de Moraes,2024,10652,SIDRA 6579 v9324 - Populacao residente estimada,estimativa_oficial_sidra
3305901,330590,Trajano de Moraes,2025,10654,SIDRA 6579 v9324 - Populacao residente estimada,estimativa_oficial_sidra
3306008,330600,Três Rios,2017,79402,SIDRA 6579 v9324 - Populacao residente estimada,estimativa_oficial_sidra
3306008,330600,Três Rios,2018,81453,SIDRA 6579 v9324 - Populacao residente estimada,estimativa_oficial_sidra
3306008,330600,Três Rios,2019,81804,SIDRA 6579 v9324 - Populacao residente estimada,estimativa_oficial_sidra
3306008,330600,Três Rios,2020,82142,SIDRA 6579 v9324 - Populacao residente estimada,estimativa_oficial_sidra
3306008,330600,Três Rios,2021,82468,SIDRA 6579 v9324 - Populacao residente estimada,estimativa_oficial_sidra
3306008,330600,Três Rios,2022,78346,"SIDRA 4714 v93 - Censo Demografico 2022, Populacao residente",censo_2022_oficial_sidra
3306008,330600,Três Rios,2024,82300,SIDRA 6579 v9324 - Populacao residente estimada,estimativa_oficial_sidra
3306008,330600,Três Rios,2025,82319,SIDRA 6579 v9324 - Populacao residente estimada,estimativa_oficial_sidra
3306107,330610,Valença,2017,74237,SIDRA 6579 v9324 - Populacao residente estimada,estimativa_oficial_sidra
3306107,330610,Valença,2018,76163,SIDRA 6579 v9324 - Populacao residente estimada,estimativa_oficial_sidra
3306107,330610,Valença,2019,76523,SIDRA 6579 v9324 - Populacao residente estimada,estimativa_oficial_sidra
3306107,330610,Valença,2020,76869,SIDRA 6579 v9324 - Populacao residente estimada,estimativa_oficial_sidra
3306107,330610,Valença,2021,77202,SIDRA 6579 v9324 - Populacao residente estimada,estimativa_oficial_sidra
3306107,330610,Valença,2022,68088,"SIDRA 4714 v93 - Censo Demografico 2022, Populacao residente",censo_2022_oficial_sidra
3306107,330610,Valença,2024,71462,SIDRA 6579 v9324 - Populacao residente estimada,estimativa_oficial_sidra
3306107,330610,Valença,2025,71449,SIDRA 6579 v9324 - Populacao residente estimada,estimativa_oficial_sidra
3306156,330615,Varre-Sai,2017,10597,SIDRA 6579 v9324 - Populacao residente estimada,estimativa_oficial_sidra
3306156,330615,Varre-Sai,2018,10890,SIDRA 6579 v9324 - Populacao residente estimada,estimativa_oficial_sidra
3306156,330615,Varre-Sai,2019,11000,SIDRA 6579 v9324 - Populacao residente estimada,estimativa_oficial_sidra
3306156,330615,Varre-Sai,2020,11106,SIDRA 6579 v9324 - Populacao residente estimada,estimativa_oficial_sidra
3306156,330615,Varre-Sai,2021,11208,SIDRA 6579 v9324 - Populacao residente estimada,estimativa_oficial_sidra
3306156,330615,Varre-Sai,2022,10207,"SIDRA 4714 v93 - Censo Demografico 2022, Populacao residente",censo_2022_oficial_sidra
3306156,330615,Varre-Sai,2024,10559,SIDRA 6579 v9324 - Populacao residente estimada,estimativa_oficial_sidra
3306156,330615,Varre-Sai,2025,10563,SIDRA 6579 v9324 - Populacao residente estimada,estimativa_oficial_sidra
3306206,330620,Vassouras,2017,35768,SIDRA 6579 v9324 - Populacao residente estimada,estimativa_oficial_sidra
3306206,330620,Vassouras,2018,36702,SIDRA 6579 v9324 - Populacao residente estimada,estimativa_oficial_sidra
3306206,330620,Vassouras,2019,36896,SIDRA 6579 v9324 - Populacao residente estimada,estimativa_oficial_sidra
3306206,330620,Vassouras,2020,37083,SIDRA 6579 v9324 - Populacao residente estimada,estimativa_oficial_sidra
3306206,330620,Vassouras,2021,37262,SIDRA 6579 v9324 - Populacao residente estimada,estimativa_oficial_sidra
3306206,330620,Vassouras,2022,33976,"SIDRA 4714 v93 - Censo Demografico 2022, Populacao residente",censo_2022_oficial_sidra
3306206,330620,Vassouras,2024,35904,SIDRA 6579 v9324 - Populacao residente estimada,estimativa_oficial_sidra
3306206,330620,Vassouras,2025,35907,SIDRA 6579 v9324 - Populacao residente estimada,estimativa_oficial_sidra
3306305,330630,Volta Redonda,2017,265201,SIDRA 6579 v9324 - Populacao residente estimada,estimativa_oficial_sidra
3306305,330630,Volta Redonda,2018,271998,SIDRA 6579 v9324 - Populacao residente estimada,estimativa_oficial_sidra
3306305,330630,Volta Redonda,2019,273012,SIDRA 6579 v9324 - Populacao residente estimada,estimativa_oficial_sidra
3306305,330630,Volta Redonda,2020,273988,SIDRA 6579 v9324 - Populacao residente estimada,estimativa_oficial_sidra
3306305,330630,Volta Redonda,2021,274925,SIDRA 6579 v9324 - Populacao residente estimada,estimativa_oficial_sidra
3306305,330630,Volta Redonda,2022,261563,"SIDRA 4714 v93 - Censo Demografico 2022, Populacao residente",censo_2022_oficial_sidra
3306305,330630,Volta Redonda,2024,279898,SIDRA 6579 v9324 - Populacao residente estimada,estimativa_oficial_sidra
3306305,330630,Volta Redonda,2025,279971,SIDRA 6579 v9324 - Populacao residente estimada,estimativa_oficial_sidra
