Macroregiao;Ano;Mes;PM25;N_Municipios
Baixada Litorânea;2010;1;7.7918;9
Baixada Litorânea;2010;2;8.2949;9
Baixada Litorânea;2010;3;8.5993;9
Baixada Litorânea;2010;4;8.5009;9
Baixada Litorânea;2010;5;8.3558;9
Baixada Litorânea;2010;6;9.3661;9
Baixada Litorânea;2010;7;10.1471;9
Baixada Litorânea;2010;8;18.9609;9
Baixada Litorânea;2010;9;31.4889;9
Baixada Litorânea;2010;10;15.6501;9
Baixada Litorânea;2010;11;9.9191;9
Baixada Litorânea;2010;12;9.0441;9
Baixada Litorânea;2011;1;6.0666;9
Baixada Litorânea;2011;2;6.4583;9
Baixada Litorânea;2011;3;6.6953;9
Baixada Litorânea;2011;4;6.6187;9
Baixada Litorânea;2011;5;6.5057;9
Baixada Litorânea;2011;6;7.2923;9
Baixada Litorânea;2011;7;7.9003;9
Baixada Litorânea;2011;8;14.7627;9
Baixada Litorânea;2011;9;24.5168;9
Baixada Litorânea;2011;10;12.1849;9
Baixada Litorânea;2011;11;7.7229;9
Baixada Litorânea;2011;12;7.0416;9
Baixada Litorânea;2012;1;6.2837;9
Baixada Litorânea;2012;2;6.6894;9
Baixada Litorânea;2012;3;6.9349;9
Baixada Litorânea;2012;4;6.8555;9
Baixada Litorânea;2012;5;6.7385;9
Baixada Litorânea;2012;6;7.5533;9
Baixada Litorânea;2012;7;8.183;9
Baixada Litorânea;2012;8;15.2909;9
Baixada Litorânea;2012;9;25.3941;9
Baixada Litorânea;2012;10;12.6209;9
Baixada Litorânea;2012;11;7.9992;9
Baixada Litorânea;2012;12;7.2936;9
Baixada Litorânea;2013;1;5.5772;9
Baixada Litorânea;2013;2;5.9373;9
Baixada Litorânea;2013;3;6.1552;9
Baixada Litorânea;2013;4;6.0847;9
Baixada Litorânea;2013;5;5.9809;9
Baixada Litorânea;2013;6;6.704;9
Baixada Litorânea;2013;7;7.263;9
Baixada Litorânea;2013;8;13.5717;9
Baixada Litorânea;2013;9;22.5389;9
Baixada Litorânea;2013;10;11.2019;9
Baixada Litorânea;2013;11;7.0998;9
Baixada Litorânea;2013;12;6.4736;9
Baixada Litorânea;2014;1;6.2973;9
Baixada Litorânea;2014;2;6.7039;9
Baixada Litorânea;2014;3;6.9499;9
Baixada Litorânea;2014;4;6.8704;9
Baixada Litorânea;2014;5;6.7531;9
Baixada Litorânea;2014;6;7.5697;9
Baixada Litorânea;2014;7;8.2008;9
Baixada Litorânea;2014;8;15.3241;9
Baixada Litorânea;2014;9;25.4492;9
Baixada Litorânea;2014;10;12.6483;9
Baixada Litorânea;2014;11;8.0166;9
Baixada Litorânea;2014;12;7.3094;9
Baixada Litorânea;2015;1;6.7868;9
Baixada Litorânea;2015;2;7.2251;9
Baixada Litorânea;2015;3;7.4902;9
Baixada Litorânea;2015;4;7.4045;9
Baixada Litorânea;2015;5;7.2781;9
Baixada Litorânea;2015;6;8.1581;9
Baixada Litorânea;2015;7;8.8383;9
Baixada Litorânea;2015;8;16.5154;9
Baixada Litorânea;2015;9;27.4275;9
Baixada Litorânea;2015;10;13.6315;9
Baixada Litorânea;2015;11;8.6398;9
Baixada Litorânea;2015;12;7.8776;9
Baixada Litorânea;2016;1;6.6326;9
Baixada Litorânea;2016;2;7.0609;9
Baixada Litorânea;2016;3;7.32;9
Baixada Litorânea;2016;4;7.2362;9
Baixada Litorânea;2016;5;7.1127;9
Baixada Litorânea;2016;6;7.9727;9
Baixada Litorânea;2016;7;8.6375;9
Baixada Litorânea;2016;8;16.1401;9
Baixada Litorânea;2016;9;26.8044;9
Baixada Litorânea;2016;10;13.3218;9
Baixada Litorânea;2016;11;8.4435;9
Baixada Litorânea;2016;12;7.6987;9
Baixada Litorânea;2017;1;6.4447;9
Baixada Litorânea;2017;2;6.8609;9
Baixada Litorânea;2017;3;7.1126;9
Baixada Litorânea;2017;4;7.0312;9
Baixada Litorânea;2017;5;6.9112;9
Baixada Litorânea;2017;6;7.7468;9
Baixada Litorânea;2017;7;8.3928;9
Baixada Litorânea;2017;8;15.6829;9
Baixada Litorânea;2017;9;26.045;9
Baixada Litorânea;2017;10;12.9444;9
Baixada Litorânea;2017;11;8.2043;9
Baixada Litorânea;2017;12;7.4805;9
Baixada Litorânea;2018;1;6.131;9
Baixada Litorânea;2018;2;6.5269;9
Baixada Litorânea;2018;3;6.7664;9
Baixada Litorânea;2018;4;6.6889;9
Baixada Litorânea;2018;5;6.5748;9
Baixada Litorânea;2018;6;7.3697;9
Baixada Litorânea;2018;7;7.9842;9
Baixada Litorânea;2018;8;14.9194;9
Baixada Litorânea;2018;9;24.7771;9
Baixada Litorânea;2018;10;12.3143;9
Baixada Litorânea;2018;11;7.8049;9
Baixada Litorânea;2018;12;7.1164;9
Baixada Litorânea;2019;1;6.6983;9
Baixada Litorânea;2019;2;7.1308;9
Baixada Litorânea;2019;3;7.3925;9
Baixada Litorânea;2019;4;7.3079;9
Baixada Litorânea;2019;5;7.1832;9
Baixada Litorânea;2019;6;8.0517;9
Baixada Litorânea;2019;7;8.7231;9
Baixada Litorânea;2019;8;16.3;9
Baixada Litorânea;2019;9;27.0698;9
Baixada Litorânea;2019;10;13.4538;9
Baixada Litorânea;2019;11;8.5271;9
Baixada Litorânea;2019;12;7.7749;9
Baixada Litorânea;2020;1;6.8394;9
Baixada Litorânea;2020;2;7.281;9
Baixada Litorânea;2020;3;7.5481;9
Baixada Litorânea;2020;4;7.4618;9
Baixada Litorânea;2020;5;7.3344;9
Baixada Litorânea;2020;6;8.2212;9
Baixada Litorânea;2020;7;8.9067;9
Baixada Litorânea;2020;8;16.6432;9
Baixada Litorânea;2020;9;27.6398;9
Baixada Litorânea;2020;10;13.737;9
Baixada Litorânea;2020;11;8.7066;9
Baixada Litorânea;2020;12;7.9386;9
Baixada Litorânea;2021;1;7.056;9
Baixada Litorânea;2021;2;7.5117;9
Baixada Litorânea;2021;3;7.7872;9
Baixada Litorânea;2021;4;7.6982;9
Baixada Litorânea;2021;5;7.5668;9
Baixada Litorânea;2021;6;8.4816;9
Baixada Litorânea;2021;7;9.1889;9
Baixada Litorânea;2021;8;17.1704;9
Baixada Litorânea;2021;9;28.5154;9
Baixada Litorânea;2021;10;14.1722;9
Baixada Litorânea;2021;11;8.9825;9
Baixada Litorânea;2021;12;8.1901;9
Baixada Litorânea;2022;1;7.1795;9
Baixada Litorânea;2022;2;7.643;9
Baixada Litorânea;2022;3;7.9235;9
Baixada Litorânea;2022;4;7.8328;9
Baixada Litorânea;2022;5;7.6992;9
Baixada Litorânea;2022;6;8.63;9
Baixada Litorânea;2022;7;9.3496;9
Baixada Litorânea;2022;8;17.4708;9
Baixada Litorânea;2022;9;29.0142;9
Baixada Litorânea;2022;10;14.4201;9
Baixada Litorânea;2022;11;9.1396;9
Baixada Litorânea;2022;12;8.3334;9
Baixada Litorânea;2023;1;6.448;9
Baixada Litorânea;2023;2;6.8644;9
Baixada Litorânea;2023;3;7.1163;9
Baixada Litorânea;2023;4;7.0348;9
Baixada Litorânea;2023;5;6.9148;9
Baixada Litorânea;2023;6;7.7508;9
Baixada Litorânea;2023;7;8.3971;9
Baixada Litorânea;2023;8;15.6909;9
Baixada Litorânea;2023;9;26.0583;9
Baixada Litorânea;2023;10;12.951;9
Baixada Litorânea;2023;11;8.2084;9
Baixada Litorânea;2023;12;7.4843;9
Baixada Litorânea;2024;1;8.5843;9
Baixada Litorânea;2024;2;9.1386;9
Baixada Litorânea;2024;3;9.474;9
Baixada Litorânea;2024;4;9.3655;9
Baixada Litorânea;2024;5;9.2057;9
Baixada Litorânea;2024;6;10.3188;9
Baixada Litorânea;2024;7;11.1791;9
Baixada Litorânea;2024;8;20.8894;9
Baixada Litorânea;2024;9;34.6917;9
Baixada Litorânea;2024;10;17.2419;9
Baixada Litorânea;2024;11;10.928;9
Baixada Litorânea;2024;12;9.964;9
Baixada Litorânea;2025;1;8.086;9
Baixada Litorânea;2025;2;8.6081;9
Baixada Litorânea;2025;3;8.924;9
Baixada Litorânea;2025;4;8.8219;9
Baixada Litorânea;2025;5;8.6713;9
Baixada Litorânea;2025;6;9.7198;9
Baixada Litorânea;2025;7;10.5302;9
Baixada Litorânea;2025;8;19.6769;9
Baixada Litorânea;2025;9;32.6779;9
Baixada Litorânea;2025;10;16.241;9
Baixada Litorânea;2025;11;10.2936;9
Baixada Litorânea;2025;12;9.3856;9
Baía da Ilha Grande;2010;1;14.8907;3
Baía da Ilha Grande;2010;2;15.8522;3
Baía da Ilha Grande;2010;3;16.4339;3
Baía da Ilha Grande;2010;4;16.2458;3
Baía da Ilha Grande;2010;5;15.9686;3
Baía da Ilha Grande;2010;6;17.8993;3
Baía da Ilha Grande;2010;7;19.3917;3
Baía da Ilha Grande;2010;8;36.2356;3
Baía da Ilha Grande;2010;9;60.1776;3
Baía da Ilha Grande;2010;10;29.9084;3
Baía da Ilha Grande;2010;11;18.9561;3
Baía da Ilha Grande;2010;12;17.284;3
Baía da Ilha Grande;2011;1;11.5937;3
Baía da Ilha Grande;2011;2;12.3423;3
Baía da Ilha Grande;2011;3;12.7952;3
Baía da Ilha Grande;2011;4;12.6488;3
Baía da Ilha Grande;2011;5;12.4329;3
Baía da Ilha Grande;2011;6;13.9361;3
Baía da Ilha Grande;2011;7;15.0981;3
Baía da Ilha Grande;2011;8;28.2125;3
Baía da Ilha Grande;2011;9;46.8534;3
Baía da Ilha Grande;2011;10;23.2862;3
Baía da Ilha Grande;2011;11;14.759;3
Baía da Ilha Grande;2011;12;13.457;3
Baía da Ilha Grande;2012;1;12.0086;3
Baía da Ilha Grande;2012;2;12.784;3
Baía da Ilha Grande;2012;3;13.253;3
Baía da Ilha Grande;2012;4;13.1014;3
Baía da Ilha Grande;2012;5;12.8778;3
Baía da Ilha Grande;2012;6;14.4348;3
Baía da Ilha Grande;2012;7;15.6384;3
Baía da Ilha Grande;2012;8;29.2221;3
Baía da Ilha Grande;2012;9;48.53;3
Baía da Ilha Grande;2012;10;24.1195;3
Baía da Ilha Grande;2012;11;15.2871;3
Baía da Ilha Grande;2012;12;13.9386;3
Baía da Ilha Grande;2013;1;10.6584;3
Baía da Ilha Grande;2013;2;11.3466;3
Baía da Ilha Grande;2013;3;11.763;3
Baía da Ilha Grande;2013;4;11.6283;3
Baía da Ilha Grande;2013;5;11.4299;3
Baía da Ilha Grande;2013;6;12.8119;3
Baía da Ilha Grande;2013;7;13.8801;3
Baía da Ilha Grande;2013;8;25.9365;3
Baía da Ilha Grande;2013;9;43.0735;3
Baía da Ilha Grande;2013;10;21.4076;3
Baía da Ilha Grande;2013;11;13.5683;3
Baía da Ilha Grande;2013;12;12.3714;3
Baía da Ilha Grande;2014;1;12.0346;3
Baía da Ilha Grande;2014;2;12.8117;3
Baía da Ilha Grande;2014;3;13.2818;3
Baía da Ilha Grande;2014;4;13.1298;3
Baía da Ilha Grande;2014;5;12.9058;3
Baía da Ilha Grande;2014;6;14.4661;3
Baía da Ilha Grande;2014;7;15.6723;3
Baía da Ilha Grande;2014;8;29.2855;3
Baía da Ilha Grande;2014;9;48.6352;3
Baía da Ilha Grande;2014;10;24.1718;3
Baía da Ilha Grande;2014;11;15.3202;3
Baía da Ilha Grande;2014;12;13.9688;3
Baía da Ilha Grande;2015;1;12.9701;3
Baía da Ilha Grande;2015;2;13.8076;3
Baía da Ilha Grande;2015;3;14.3143;3
Baía da Ilha Grande;2015;4;14.1505;3
Baía da Ilha Grande;2015;5;13.909;3
Baía da Ilha Grande;2015;6;15.5907;3
Baía da Ilha Grande;2015;7;16.8906;3
Baía da Ilha Grande;2015;8;31.562;3
Baía da Ilha Grande;2015;9;52.4159;3
Baía da Ilha Grande;2015;10;26.0508;3
Baía da Ilha Grande;2015;11;16.5112;3
Baía da Ilha Grande;2015;12;15.0547;3
Baía da Ilha Grande;2016;1;12.6755;3
Baía da Ilha Grande;2016;2;13.4939;3
Baía da Ilha Grande;2016;3;13.9891;3
Baía da Ilha Grande;2016;4;13.829;3
Baía da Ilha Grande;2016;5;13.593;3
Baía da Ilha Grande;2016;6;15.2365;3
Baía da Ilha Grande;2016;7;16.5069;3
Baía da Ilha Grande;2016;8;30.8449;3
Baía da Ilha Grande;2016;9;51.225;3
Baía da Ilha Grande;2016;10;25.4589;3
Baía da Ilha Grande;2016;11;16.1361;3
Baía da Ilha Grande;2016;12;14.7127;3
Baía da Ilha Grande;2017;1;12.3163;3
Baía da Ilha Grande;2017;2;13.1116;3
Baía da Ilha Grande;2017;3;13.5927;3
Baía da Ilha Grande;2017;4;13.4372;3
Baía da Ilha Grande;2017;5;13.2079;3
Baía da Ilha Grande;2017;6;14.8048;3
Baía da Ilha Grande;2017;7;16.0392;3
Baía da Ilha Grande;2017;8;29.971;3
Baía da Ilha Grande;2017;9;49.7737;3
Baía da Ilha Grande;2017;10;24.7376;3
Baía da Ilha Grande;2017;11;15.6789;3
Baía da Ilha Grande;2017;12;14.2958;3
Baía da Ilha Grande;2018;1;11.7168;3
Baía da Ilha Grande;2018;2;12.4733;3
Baía da Ilha Grande;2018;3;12.931;3
Baía da Ilha Grande;2018;4;12.783;3
Baía da Ilha Grande;2018;5;12.5649;3
Baía da Ilha Grande;2018;6;14.0841;3
Baía da Ilha Grande;2018;7;15.2584;3
Baía da Ilha Grande;2018;8;28.512;3
Baía da Ilha Grande;2018;9;47.3507;3
Baía da Ilha Grande;2018;10;23.5334;3
Baía da Ilha Grande;2018;11;14.9156;3
Baía da Ilha Grande;2018;12;13.5999;3
Baía da Ilha Grande;2019;1;12.8009;3
Baía da Ilha Grande;2019;2;13.6276;3
Baía da Ilha Grande;2019;3;14.1276;3
Baía da Ilha Grande;2019;4;13.9659;3
Baía da Ilha Grande;2019;5;13.7276;3
Baía da Ilha Grande;2019;6;15.3873;3
Baía da Ilha Grande;2019;7;16.6703;3
Baía da Ilha Grande;2019;8;31.1504;3
Baía da Ilha Grande;2019;9;51.7323;3
Baía da Ilha Grande;2019;10;25.7111;3
Baía da Ilha Grande;2019;11;16.2958;3
Baía da Ilha Grande;2019;12;14.8583;3
Baía da Ilha Grande;2020;1;13.0705;3
Baía da Ilha Grande;2020;2;13.9145;3
Baía da Ilha Grande;2020;3;14.425;3
Baía da Ilha Grande;2020;4;14.2599;3
Baía da Ilha Grande;2020;5;14.0166;3
Baía da Ilha Grande;2020;6;15.7113;3
Baía da Ilha Grande;2020;7;17.0213;3
Baía da Ilha Grande;2020;8;31.8063;3
Baía da Ilha Grande;2020;9;52.8216;3
Baía da Ilha Grande;2020;10;26.2524;3
Baía da Ilha Grande;2020;11;16.6389;3
Baía da Ilha Grande;2020;12;15.1712;3
Baía da Ilha Grande;2021;1;13.4846;3
Baía da Ilha Grande;2021;2;14.3553;3
Baía da Ilha Grande;2021;3;14.882;3
Baía da Ilha Grande;2021;4;14.7117;3
Baía da Ilha Grande;2021;5;14.4607;3
Baía da Ilha Grande;2021;6;16.209;3
Baía da Ilha Grande;2021;7;17.5606;3
Baía da Ilha Grande;2021;8;32.8138;3
Baía da Ilha Grande;2021;9;54.4949;3
Baía da Ilha Grande;2021;10;27.0841;3
Baía da Ilha Grande;2021;11;17.166;3
Baía da Ilha Grande;2021;12;15.6518;3
Baía da Ilha Grande;2022;1;13.7204;3
Baía da Ilha Grande;2022;2;14.6064;3
Baía da Ilha Grande;2022;3;15.1423;3
Baía da Ilha Grande;2022;4;14.9691;3
Baía da Ilha Grande;2022;5;14.7136;3
Baía da Ilha Grande;2022;6;16.4926;3
Baía da Ilha Grande;2022;7;17.8677;3
Baía da Ilha Grande;2022;8;33.3878;3
Baía da Ilha Grande;2022;9;55.4482;3
Baía da Ilha Grande;2022;10;27.5579;3
Baía da Ilha Grande;2022;11;17.4663;3
Baía da Ilha Grande;2022;12;15.9256;3
Baía da Ilha Grande;2023;1;12.3226;3
Baía da Ilha Grande;2023;2;13.1183;3
Baía da Ilha Grande;2023;3;13.5997;3
Baía da Ilha Grande;2023;4;13.444;3
Baía da Ilha Grande;2023;5;13.2146;3
Baía da Ilha Grande;2023;6;14.8123;3
Baía da Ilha Grande;2023;7;16.0474;3
Baía da Ilha Grande;2023;8;29.9863;3
Baía da Ilha Grande;2023;9;49.7992;3
Baía da Ilha Grande;2023;10;24.7503;3
Baía da Ilha Grande;2023;11;15.6869;3
Baía da Ilha Grande;2023;12;14.3031;3
Baía da Ilha Grande;2024;1;16.4053;3
Baía da Ilha Grande;2024;2;17.4646;3
Baía da Ilha Grande;2024;3;18.1054;3
Baía da Ilha Grande;2024;4;17.8982;3
Baía da Ilha Grande;2024;5;17.5928;3
Baía da Ilha Grande;2024;6;19.7199;3
Baía da Ilha Grande;2024;7;21.3641;3
Baía da Ilha Grande;2024;8;39.9212;3
Baía da Ilha Grande;2024;9;66.2983;3
Baía da Ilha Grande;2024;10;32.9504;3
Baía da Ilha Grande;2024;11;20.8842;3
Baía da Ilha Grande;2024;12;19.0419;3
Baía da Ilha Grande;2025;1;15.453;3
Baía da Ilha Grande;2025;2;16.4508;3
Baía da Ilha Grande;2025;3;17.0544;3
Baía da Ilha Grande;2025;4;16.8592;3
Baía da Ilha Grande;2025;5;16.5716;3
Baía da Ilha Grande;2025;6;18.5751;3
Baía da Ilha Grande;2025;7;20.124;3
Baía da Ilha Grande;2025;8;37.6038;3
Baía da Ilha Grande;2025;9;62.4498;3
Baía da Ilha Grande;2025;10;31.0377;3
Baía da Ilha Grande;2025;11;19.6719;3
Baía da Ilha Grande;2025;12;17.9366;3
Centro-Sul;2010;1;14.4681;12
Centro-Sul;2010;2;15.4023;12
Centro-Sul;2010;3;15.9675;12
Centro-Sul;2010;4;15.7847;12
Centro-Sul;2010;5;15.5154;12
Centro-Sul;2010;6;17.3913;12
Centro-Sul;2010;7;18.8413;12
Centro-Sul;2010;8;35.2071;12
Centro-Sul;2010;9;58.4696;12
Centro-Sul;2010;10;29.0595;12
Centro-Sul;2010;11;18.4181;12
Centro-Sul;2010;12;16.7934;12
Centro-Sul;2011;1;11.2646;12
Centro-Sul;2011;2;11.992;12
Centro-Sul;2011;3;12.432;12
Centro-Sul;2011;4;12.2897;12
Centro-Sul;2011;5;12.08;12
Centro-Sul;2011;6;13.5406;12
Centro-Sul;2011;7;14.6696;12
Centro-Sul;2011;8;27.4118;12
Centro-Sul;2011;9;45.5235;12
Centro-Sul;2011;10;22.6253;12
Centro-Sul;2011;11;14.34;12
Centro-Sul;2011;12;13.0751;12
Centro-Sul;2012;1;11.6677;12
Centro-Sul;2012;2;12.4211;12
Centro-Sul;2012;3;12.8769;12
Centro-Sul;2012;4;12.7295;12
Centro-Sul;2012;5;12.5123;12
Centro-Sul;2012;6;14.0251;12
Centro-Sul;2012;7;15.1945;12
Centro-Sul;2012;8;28.3927;12
Centro-Sul;2012;9;47.1525;12
Centro-Sul;2012;10;23.4349;12
Centro-Sul;2012;11;14.8532;12
Centro-Sul;2012;12;13.543;12
Centro-Sul;2013;1;10.3559;12
Centro-Sul;2013;2;11.0246;12
Centro-Sul;2013;3;11.4291;12
Centro-Sul;2013;4;11.2983;12
Centro-Sul;2013;5;11.1055;12
Centro-Sul;2013;6;12.4482;12
Centro-Sul;2013;7;13.4862;12
Centro-Sul;2013;8;25.2004;12
Centro-Sul;2013;9;41.851;12
Centro-Sul;2013;10;20.8;12
Centro-Sul;2013;11;13.1832;12
Centro-Sul;2013;12;12.0203;12
Centro-Sul;2014;1;11.693;12
Centro-Sul;2014;2;12.4481;12
Centro-Sul;2014;3;12.9048;12
Centro-Sul;2014;4;12.7571;12
Centro-Sul;2014;5;12.5394;12
Centro-Sul;2014;6;14.0555;12
Centro-Sul;2014;7;15.2275;12
Centro-Sul;2014;8;28.4542;12
Centro-Sul;2014;9;47.2548;12
Centro-Sul;2014;10;23.4858;12
Centro-Sul;2014;11;14.8854;12
Centro-Sul;2014;12;13.5723;12
Centro-Sul;2015;1;12.602;12
Centro-Sul;2015;2;13.4157;12
Centro-Sul;2015;3;13.908;12
Centro-Sul;2015;4;13.7488;12
Centro-Sul;2015;5;13.5142;12
Centro-Sul;2015;6;15.1481;12
Centro-Sul;2015;7;16.4112;12
Centro-Sul;2015;8;30.6661;12
Centro-Sul;2015;9;50.9282;12
Centro-Sul;2015;10;25.3114;12
Centro-Sul;2015;11;16.0425;12
Centro-Sul;2015;12;14.6274;12
Centro-Sul;2016;1;12.3157;12
Centro-Sul;2016;2;13.1109;12
Centro-Sul;2016;3;13.592;12
Centro-Sul;2016;4;13.4364;12
Centro-Sul;2016;5;13.2072;12
Centro-Sul;2016;6;14.804;12
Centro-Sul;2016;7;16.0383;12
Centro-Sul;2016;8;29.9694;12
Centro-Sul;2016;9;49.7711;12
Centro-Sul;2016;10;24.7364;12
Centro-Sul;2016;11;15.678;12
Centro-Sul;2016;12;14.2951;12
Centro-Sul;2017;1;11.9668;12
Centro-Sul;2017;2;12.7394;12
Centro-Sul;2017;3;13.2069;12
Centro-Sul;2017;4;13.0558;12
Centro-Sul;2017;5;12.833;12
Centro-Sul;2017;6;14.3846;12
Centro-Sul;2017;7;15.584;12
Centro-Sul;2017;8;29.1204;12
Centro-Sul;2017;9;48.361;12
Centro-Sul;2017;10;24.0355;12
Centro-Sul;2017;11;15.2339;12
Centro-Sul;2017;12;13.8901;12
Centro-Sul;2018;1;11.3842;12
Centro-Sul;2018;2;12.1193;12
Centro-Sul;2018;3;12.564;12
Centro-Sul;2018;4;12.4202;12
Centro-Sul;2018;5;12.2083;12
Centro-Sul;2018;6;13.6843;12
Centro-Sul;2018;7;14.8253;12
Centro-Sul;2018;8;27.7028;12
Centro-Sul;2018;9;46.0068;12
Centro-Sul;2018;10;22.8655;12
Centro-Sul;2018;11;14.4923;12
Centro-Sul;2018;12;13.2139;12
Centro-Sul;2019;1;12.4376;12
Centro-Sul;2019;2;13.2407;12
Centro-Sul;2019;3;13.7266;12
Centro-Sul;2019;4;13.5695;12
Centro-Sul;2019;5;13.338;12
Centro-Sul;2019;6;14.9506;12
Centro-Sul;2019;7;16.1972;12
Centro-Sul;2019;8;30.2662;12
Centro-Sul;2019;9;50.264;12
Centro-Sul;2019;10;24.9813;12
Centro-Sul;2019;11;15.8333;12
Centro-Sul;2019;12;14.4366;12
Centro-Sul;2020;1;12.6995;12
Centro-Sul;2020;2;13.5195;12
Centro-Sul;2020;3;14.0156;12
Centro-Sul;2020;4;13.8552;12
Centro-Sul;2020;5;13.6188;12
Centro-Sul;2020;6;15.2654;12
Centro-Sul;2020;7;16.5382;12
Centro-Sul;2020;8;30.9035;12
Centro-Sul;2020;9;51.3223;12
Centro-Sul;2020;10;25.5073;12
Centro-Sul;2020;11;16.1667;12
Centro-Sul;2020;12;14.7406;12
Centro-Sul;2021;1;13.1018;12
Centro-Sul;2021;2;13.9478;12
Centro-Sul;2021;3;14.4596;12
Centro-Sul;2021;4;14.2941;12
Centro-Sul;2021;5;14.0502;12
Centro-Sul;2021;6;15.749;12
Centro-Sul;2021;7;17.0621;12
Centro-Sul;2021;8;31.8825;12
Centro-Sul;2021;9;52.9482;12
Centro-Sul;2021;10;26.3154;12
Centro-Sul;2021;11;16.6788;12
Centro-Sul;2021;12;15.2076;12
Centro-Sul;2022;1;13.331;12
Centro-Sul;2022;2;14.1918;12
Centro-Sul;2022;3;14.7126;12
Centro-Sul;2022;4;14.5442;12
Centro-Sul;2022;5;14.296;12
Centro-Sul;2022;6;16.0245;12
Centro-Sul;2022;7;17.3606;12
Centro-Sul;2022;8;32.4402;12
Centro-Sul;2022;9;53.8744;12
Centro-Sul;2022;10;26.7757;12
Centro-Sul;2022;11;16.9706;12
Centro-Sul;2022;12;15.4736;12
Centro-Sul;2023;1;11.9729;12
Centro-Sul;2023;2;12.746;12
Centro-Sul;2023;3;13.2137;12
Centro-Sul;2023;4;13.0625;12
Centro-Sul;2023;5;12.8396;12
Centro-Sul;2023;6;14.3919;12
Centro-Sul;2023;7;15.5919;12
Centro-Sul;2023;8;29.1352;12
Centro-Sul;2023;9;48.3858;12
Centro-Sul;2023;10;24.0478;12
Centro-Sul;2023;11;15.2417;12
Centro-Sul;2023;12;13.8972;12
Centro-Sul;2024;1;15.9396;12
Centro-Sul;2024;2;16.9689;12
Centro-Sul;2024;3;17.5915;12
Centro-Sul;2024;4;17.3902;12
Centro-Sul;2024;5;17.0934;12
Centro-Sul;2024;6;19.1602;12
Centro-Sul;2024;7;20.7577;12
Centro-Sul;2024;8;38.7881;12
Centro-Sul;2024;9;64.4166;12
Centro-Sul;2024;10;32.0152;12
Centro-Sul;2024;11;20.2914;12
Centro-Sul;2024;12;18.5015;12
Centro-Sul;2025;1;15.0144;12
Centro-Sul;2025;2;15.9838;12
Centro-Sul;2025;3;16.5704;12
Centro-Sul;2025;4;16.3807;12
Centro-Sul;2025;5;16.1012;12
Centro-Sul;2025;6;18.0479;12
Centro-Sul;2025;7;19.5528;12
Centro-Sul;2025;8;36.5365;12
Centro-Sul;2025;9;60.6773;12
Centro-Sul;2025;10;30.1568;12
Centro-Sul;2025;11;19.1135;12
Centro-Sul;2025;12;17.4275;12
Metropolitana I;2010;1;17.3834;12
Metropolitana I;2010;2;18.5058;12
Metropolitana I;2010;3;19.1849;12
Metropolitana I;2010;4;18.9653;12
Metropolitana I;2010;5;18.6417;12
Metropolitana I;2010;6;20.8956;12
Metropolitana I;2010;7;22.6379;12
Metropolitana I;2010;8;42.3014;12
Metropolitana I;2010;9;70.2512;12
Metropolitana I;2010;10;34.915;12
Metropolitana I;2010;11;22.1293;12
Metropolitana I;2010;12;20.1772;12
Metropolitana I;2011;1;13.5344;12
Metropolitana I;2011;2;14.4084;12
Metropolitana I;2011;3;14.937;12
Metropolitana I;2011;4;14.7661;12
Metropolitana I;2011;5;14.5142;12
Metropolitana I;2011;6;16.269;12
Metropolitana I;2011;7;17.6255;12
Metropolitana I;2011;8;32.9352;12
Metropolitana I;2011;9;54.6965;12
Metropolitana I;2011;10;27.1843;12
Metropolitana I;2011;11;17.2296;12
Metropolitana I;2011;12;15.7097;12
Metropolitana I;2012;1;14.0188;12
Metropolitana I;2012;2;14.924;12
Metropolitana I;2012;3;15.4716;12
Metropolitana I;2012;4;15.2945;12
Metropolitana I;2012;5;15.0335;12
Metropolitana I;2012;6;16.8512;12
Metropolitana I;2012;7;18.2562;12
Metropolitana I;2012;8;34.1138;12
Metropolitana I;2012;9;56.6538;12
Metropolitana I;2012;10;28.157;12
Metropolitana I;2012;11;17.8461;12
Metropolitana I;2012;12;16.2719;12
Metropolitana I;2013;1;12.4426;12
Metropolitana I;2013;2;13.246;12
Metropolitana I;2013;3;13.732;12
Metropolitana I;2013;4;13.5749;12
Metropolitana I;2013;5;13.3432;12
Metropolitana I;2013;6;14.9565;12
Metropolitana I;2013;7;16.2036;12
Metropolitana I;2013;8;30.2782;12
Metropolitana I;2013;9;50.284;12
Metropolitana I;2013;10;24.9912;12
Metropolitana I;2013;11;15.8396;12
Metropolitana I;2013;12;14.4423;12
Metropolitana I;2014;1;14.0492;12
Metropolitana I;2014;2;14.9563;12
Metropolitana I;2014;3;15.5051;12
Metropolitana I;2014;4;15.3277;12
Metropolitana I;2014;5;15.0661;12
Metropolitana I;2014;6;16.8877;12
Metropolitana I;2014;7;18.2958;12
Metropolitana I;2014;8;34.1878;12
Metropolitana I;2014;9;56.7767;12
Metropolitana I;2014;10;28.2181;12
Metropolitana I;2014;11;17.8848;12
Metropolitana I;2014;12;16.3072;12
Metropolitana I;2015;1;15.1413;12
Metropolitana I;2015;2;16.119;12
Metropolitana I;2015;3;16.7104;12
Metropolitana I;2015;4;16.5192;12
Metropolitana I;2015;5;16.2373;12
Metropolitana I;2015;6;18.2005;12
Metropolitana I;2015;7;19.7181;12
Metropolitana I;2015;8;36.8454;12
Metropolitana I;2015;9;61.1902;12
Metropolitana I;2015;10;30.4117;12
Metropolitana I;2015;11;19.2751;12
Metropolitana I;2015;12;17.5748;12
Metropolitana I;2016;1;14.7973;12
Metropolitana I;2016;2;15.7528;12
Metropolitana I;2016;3;16.3308;12
Metropolitana I;2016;4;16.1439;12
Metropolitana I;2016;5;15.8684;12
Metropolitana I;2016;6;17.787;12
Metropolitana I;2016;7;19.2701;12
Metropolitana I;2016;8;36.0083;12
Metropolitana I;2016;9;59.8;12
Metropolitana I;2016;10;29.7207;12
Metropolitana I;2016;11;18.8372;12
Metropolitana I;2016;12;17.1755;12
Metropolitana I;2017;1;14.3781;12
Metropolitana I;2017;2;15.3064;12
Metropolitana I;2017;3;15.8681;12
Metropolitana I;2017;4;15.6865;12
Metropolitana I;2017;5;15.4188;12
Metropolitana I;2017;6;17.2831;12
Metropolitana I;2017;7;18.7241;12
Metropolitana I;2017;8;34.9881;12
Metropolitana I;2017;9;58.1058;12
Metropolitana I;2017;10;28.8787;12
Metropolitana I;2017;11;18.3035;12
Metropolitana I;2017;12;16.6889;12
Metropolitana I;2018;1;13.6782;12
Metropolitana I;2018;2;14.5613;12
Metropolitana I;2018;3;15.0956;12
Metropolitana I;2018;4;14.9229;12
Metropolitana I;2018;5;14.6682;12
Metropolitana I;2018;6;16.4417;12
Metropolitana I;2018;7;17.8126;12
Metropolitana I;2018;8;33.2849;12
Metropolitana I;2018;9;55.2771;12
Metropolitana I;2018;10;27.4728;12
Metropolitana I;2018;11;17.4125;12
Metropolitana I;2018;12;15.8765;12
Metropolitana I;2019;1;14.9438;12
Metropolitana I;2019;2;15.9088;12
Metropolitana I;2019;3;16.4925;12
Metropolitana I;2019;4;16.3038;12
Metropolitana I;2019;5;16.0255;12
Metropolitana I;2019;6;17.9631;12
Metropolitana I;2019;7;19.4609;12
Metropolitana I;2019;8;36.3649;12
Metropolitana I;2019;9;60.3922;12
Metropolitana I;2019;10;30.0151;12
Metropolitana I;2019;11;19.0237;12
Metropolitana I;2019;12;17.3456;12
Metropolitana I;2020;1;15.2585;12
Metropolitana I;2020;2;16.2437;12
Metropolitana I;2020;3;16.8397;12
Metropolitana I;2020;4;16.6471;12
Metropolitana I;2020;5;16.363;12
Metropolitana I;2020;6;18.3414;12
Metropolitana I;2020;7;19.8707;12
Metropolitana I;2020;8;37.1305;12
Metropolitana I;2020;9;61.6638;12
Metropolitana I;2020;10;30.647;12
Metropolitana I;2020;11;19.4243;12
Metropolitana I;2020;12;17.7108;12
Metropolitana I;2021;1;15.7418;12
Metropolitana I;2021;2;16.7583;12
Metropolitana I;2021;3;17.3732;12
Metropolitana I;2021;4;17.1744;12
Metropolitana I;2021;5;16.8813;12
Metropolitana I;2021;6;18.9224;12
Metropolitana I;2021;7;20.5001;12
Metropolitana I;2021;8;38.3068;12
Metropolitana I;2021;9;63.6172;12
Metropolitana I;2021;10;31.6179;12
Metropolitana I;2021;11;20.0396;12
Metropolitana I;2021;12;18.2719;12
Metropolitana I;2022;1;16.0172;12
Metropolitana I;2022;2;17.0515;12
Metropolitana I;2022;3;17.6771;12
Metropolitana I;2022;4;17.4748;12
Metropolitana I;2022;5;17.1766;12
Metropolitana I;2022;6;19.2534;12
Metropolitana I;2022;7;20.8588;12
Metropolitana I;2022;8;38.9769;12
Metropolitana I;2022;9;64.73;12
Metropolitana I;2022;10;32.171;12
Metropolitana I;2022;11;20.3902;12
Metropolitana I;2022;12;18.5915;12
Metropolitana I;2023;1;14.3854;12
Metropolitana I;2023;2;15.3143;12
Metropolitana I;2023;3;15.8762;12
Metropolitana I;2023;4;15.6945;12
Metropolitana I;2023;5;15.4267;12
Metropolitana I;2023;6;17.2919;12
Metropolitana I;2023;7;18.7337;12
Metropolitana I;2023;8;35.006;12
Metropolitana I;2023;9;58.1355;12
Metropolitana I;2023;10;28.8935;12
Metropolitana I;2023;11;18.3129;12
Metropolitana I;2023;12;16.6974;12
Metropolitana I;2024;1;19.1515;12
Metropolitana I;2024;2;20.3881;12
Metropolitana I;2024;3;21.1362;12
Metropolitana I;2024;4;20.8943;12
Metropolitana I;2024;5;20.5378;12
Metropolitana I;2024;6;23.0209;12
Metropolitana I;2024;7;24.9404;12
Metropolitana I;2024;8;46.6039;12
Metropolitana I;2024;9;77.3965;12
Metropolitana I;2024;10;38.4662;12
Metropolitana I;2024;11;24.3802;12
Metropolitana I;2024;12;22.2295;12
Metropolitana I;2025;1;18.0398;12
Metropolitana I;2025;2;19.2046;12
Metropolitana I;2025;3;19.9093;12
Metropolitana I;2025;4;19.6815;12
Metropolitana I;2025;5;19.3456;12
Metropolitana I;2025;6;21.6846;12
Metropolitana I;2025;7;23.4927;12
Metropolitana I;2025;8;43.8986;12
Metropolitana I;2025;9;72.9037;12
Metropolitana I;2025;10;36.2333;12
Metropolitana I;2025;11;22.9649;12
Metropolitana I;2025;12;20.9391;12
Metropolitana II;2010;1;12.6664;7
Metropolitana II;2010;2;13.4843;7
Metropolitana II;2010;3;13.9791;7
Metropolitana II;2010;4;13.8191;7
Metropolitana II;2010;5;13.5833;7
Metropolitana II;2010;6;15.2256;7
Metropolitana II;2010;7;16.4951;7
Metropolitana II;2010;8;30.8229;7
Metropolitana II;2010;9;51.1885;7
Metropolitana II;2010;10;25.4408;7
Metropolitana II;2010;11;16.1245;7
Metropolitana II;2010;12;14.7022;7
Metropolitana II;2011;1;9.8619;7
Metropolitana II;2011;2;10.4987;7
Metropolitana II;2011;3;10.8839;7
Metropolitana II;2011;4;10.7594;7
Metropolitana II;2011;5;10.5758;7
Metropolitana II;2011;6;11.8544;7
Metropolitana II;2011;7;12.8428;7
Metropolitana II;2011;8;23.9983;7
Metropolitana II;2011;9;39.8546;7
Metropolitana II;2011;10;19.8078;7
Metropolitana II;2011;11;12.5543;7
Metropolitana II;2011;12;11.4469;7
Metropolitana II;2012;1;10.2148;7
Metropolitana II;2012;2;10.8743;7
Metropolitana II;2012;3;11.2733;7
Metropolitana II;2012;4;11.1444;7
Metropolitana II;2012;5;10.9542;7
Metropolitana II;2012;6;12.2786;7
Metropolitana II;2012;7;13.3024;7
Metropolitana II;2012;8;24.857;7
Metropolitana II;2012;9;41.2808;7
Metropolitana II;2012;10;20.5166;7
Metropolitana II;2012;11;13.0036;7
Metropolitana II;2012;12;11.8565;7
Metropolitana II;2013;1;9.0663;7
Metropolitana II;2013;2;9.6517;7
Metropolitana II;2013;3;10.0059;7
Metropolitana II;2013;4;9.8914;7
Metropolitana II;2013;5;9.7226;7
Metropolitana II;2013;6;10.8981;7
Metropolitana II;2013;7;11.8068;7
Metropolitana II;2013;8;22.0623;7
Metropolitana II;2013;9;36.6394;7
Metropolitana II;2013;10;18.2099;7
Metropolitana II;2013;11;11.5415;7
Metropolitana II;2013;12;10.5234;7
Metropolitana II;2014;1;10.2369;7
Metropolitana II;2014;2;10.898;7
Metropolitana II;2014;3;11.2978;7
Metropolitana II;2014;4;11.1685;7
Metropolitana II;2014;5;10.9779;7
Metropolitana II;2014;6;12.3052;7
Metropolitana II;2014;7;13.3313;7
Metropolitana II;2014;8;24.9109;7
Metropolitana II;2014;9;41.3703;7
Metropolitana II;2014;10;20.5612;7
Metropolitana II;2014;11;13.0318;7
Metropolitana II;2014;12;11.8822;7
Metropolitana II;2015;1;11.0327;7
Metropolitana II;2015;2;11.7451;7
Metropolitana II;2015;3;12.1761;7
Metropolitana II;2015;4;12.0367;7
Metropolitana II;2015;5;11.8313;7
Metropolitana II;2015;6;13.2618;7
Metropolitana II;2015;7;14.3676;7
Metropolitana II;2015;8;26.8474;7
Metropolitana II;2015;9;44.5863;7
Metropolitana II;2015;10;22.1595;7
Metropolitana II;2015;11;14.0448;7
Metropolitana II;2015;12;12.8059;7
Metropolitana II;2016;1;10.782;7
Metropolitana II;2016;2;11.4783;7
Metropolitana II;2016;3;11.8994;7
Metropolitana II;2016;4;11.7633;7
Metropolitana II;2016;5;11.5625;7
Metropolitana II;2016;6;12.9605;7
Metropolitana II;2016;7;14.0412;7
Metropolitana II;2016;8;26.2374;7
Metropolitana II;2016;9;43.5733;7
Metropolitana II;2016;10;21.656;7
Metropolitana II;2016;11;13.7257;7
Metropolitana II;2016;12;12.5149;7
Metropolitana II;2017;1;10.4766;7
Metropolitana II;2017;2;11.1531;7
Metropolitana II;2017;3;11.5623;7
Metropolitana II;2017;4;11.43;7
Metropolitana II;2017;5;11.2349;7
Metropolitana II;2017;6;12.5933;7
Metropolitana II;2017;7;13.6433;7
Metropolitana II;2017;8;25.4941;7
Metropolitana II;2017;9;42.3388;7
Metropolitana II;2017;10;21.0425;7
Metropolitana II;2017;11;13.3368;7
Metropolitana II;2017;12;12.1604;7
Metropolitana II;2018;1;9.9666;7
Metropolitana II;2018;2;10.6101;7
Metropolitana II;2018;3;10.9994;7
Metropolitana II;2018;4;10.8736;7
Metropolitana II;2018;5;10.688;7
Metropolitana II;2018;6;11.9802;7
Metropolitana II;2018;7;12.9792;7
Metropolitana II;2018;8;24.253;7
Metropolitana II;2018;9;40.2777;7
Metropolitana II;2018;10;20.0181;7
Metropolitana II;2018;11;12.6876;7
Metropolitana II;2018;12;11.5684;7
Metropolitana II;2019;1;10.8888;7
Metropolitana II;2019;2;11.5919;7
Metropolitana II;2019;3;12.0173;7
Metropolitana II;2019;4;11.8798;7
Metropolitana II;2019;5;11.677;7
Metropolitana II;2019;6;13.0888;7
Metropolitana II;2019;7;14.1802;7
Metropolitana II;2019;8;26.4973;7
Metropolitana II;2019;9;44.0048;7
Metropolitana II;2019;10;21.8705;7
Metropolitana II;2019;11;13.8616;7
Metropolitana II;2019;12;12.6389;7
Metropolitana II;2020;1;11.1181;7
Metropolitana II;2020;2;11.836;7
Metropolitana II;2020;3;12.2703;7
Metropolitana II;2020;4;12.1299;7
Metropolitana II;2020;5;11.9229;7
Metropolitana II;2020;6;13.3644;7
Metropolitana II;2020;7;14.4788;7
Metropolitana II;2020;8;27.0552;7
Metropolitana II;2020;9;44.9313;7
Metropolitana II;2020;10;22.331;7
Metropolitana II;2020;11;14.1535;7
Metropolitana II;2020;12;12.905;7
Metropolitana II;2021;1;11.4703;7
Metropolitana II;2021;2;12.2109;7
Metropolitana II;2021;3;12.659;7
Metropolitana II;2021;4;12.5142;7
Metropolitana II;2021;5;12.3006;7
Metropolitana II;2021;6;13.7878;7
Metropolitana II;2021;7;14.9374;7
Metropolitana II;2021;8;27.9122;7
Metropolitana II;2021;9;46.3547;7
Metropolitana II;2021;10;23.0384;7
Metropolitana II;2021;11;14.6019;7
Metropolitana II;2021;12;13.3138;7
Metropolitana II;2022;1;11.6709;7
Metropolitana II;2022;2;12.4246;7
Metropolitana II;2022;3;12.8805;7
Metropolitana II;2022;4;12.733;7
Metropolitana II;2022;5;12.5158;7
Metropolitana II;2022;6;14.029;7
Metropolitana II;2022;7;15.1987;7
Metropolitana II;2022;8;28.4005;7
Metropolitana II;2022;9;47.1656;7
Metropolitana II;2022;10;23.4414;7
Metropolitana II;2022;11;14.8573;7
Metropolitana II;2022;12;13.5467;7
Metropolitana II;2023;1;10.482;7
Metropolitana II;2023;2;11.1588;7
Metropolitana II;2023;3;11.5682;7
Metropolitana II;2023;4;11.4358;7
Metropolitana II;2023;5;11.2407;7
Metropolitana II;2023;6;12.5998;7
Metropolitana II;2023;7;13.6503;7
Metropolitana II;2023;8;25.5071;7
Metropolitana II;2023;9;42.3605;7
Metropolitana II;2023;10;21.0532;7
Metropolitana II;2023;11;13.3437;7
Metropolitana II;2023;12;12.1666;7
Metropolitana II;2024;1;13.9547;7
Metropolitana II;2024;2;14.8558;7
Metropolitana II;2024;3;15.4009;7
Metropolitana II;2024;4;15.2247;7
Metropolitana II;2024;5;14.9648;7
Metropolitana II;2024;6;16.7742;7
Metropolitana II;2024;7;18.1728;7
Metropolitana II;2024;8;33.958;7
Metropolitana II;2024;9;56.395;7
Metropolitana II;2024;10;28.0284;7
Metropolitana II;2024;11;17.7646;7
Metropolitana II;2024;12;16.1976;7
Metropolitana II;2025;1;13.1447;7
Metropolitana II;2025;2;13.9934;7
Metropolitana II;2025;3;14.5069;7
Metropolitana II;2025;4;14.3409;7
Metropolitana II;2025;5;14.0962;7
Metropolitana II;2025;6;15.8005;7
Metropolitana II;2025;7;17.1179;7
Metropolitana II;2025;8;31.9868;7
Metropolitana II;2025;9;53.1214;7
Metropolitana II;2025;10;26.4014;7
Metropolitana II;2025;11;16.7334;7
Metropolitana II;2025;12;15.2573;7
Médio Paraíba;2010;1;15.3025;11
Médio Paraíba;2010;2;16.2905;11
Médio Paraíba;2010;3;16.8883;11
Médio Paraíba;2010;4;16.695;11
Médio Paraíba;2010;5;16.4101;11
Médio Paraíba;2010;6;18.3942;11
Médio Paraíba;2010;7;19.9279;11
Médio Paraíba;2010;8;37.2376;11
Médio Paraíba;2010;9;61.8415;11
Médio Paraíba;2010;10;30.7354;11
Médio Paraíba;2010;11;19.4803;11
Médio Paraíba;2010;12;17.7619;11
Médio Paraíba;2011;1;11.9143;11
Médio Paraíba;2011;2;12.6836;11
Médio Paraíba;2011;3;13.149;11
Médio Paraíba;2011;4;12.9985;11
Médio Paraíba;2011;5;12.7767;11
Médio Paraíba;2011;6;14.3215;11
Médio Paraíba;2011;7;15.5156;11
Médio Paraíba;2011;8;28.9926;11
Médio Paraíba;2011;9;48.1489;11
Médio Paraíba;2011;10;23.9301;11
Médio Paraíba;2011;11;15.1671;11
Médio Paraíba;2011;12;13.8291;11
Médio Paraíba;2012;1;12.3406;11
Médio Paraíba;2012;2;13.1374;11
Médio Paraíba;2012;3;13.6195;11
Médio Paraíba;2012;4;13.4636;11
Médio Paraíba;2012;5;13.2339;11
Médio Paraíba;2012;6;14.8339;11
Médio Paraíba;2012;7;16.0708;11
Médio Paraíba;2012;8;30.0301;11
Médio Paraíba;2012;9;49.8718;11
Médio Paraíba;2012;10;24.7864;11
Médio Paraíba;2012;11;15.7098;11
Médio Paraíba;2012;12;14.324;11
Médio Paraíba;2013;1;10.9531;11
Médio Paraíba;2013;2;11.6603;11
Médio Paraíba;2013;3;12.0882;11
Médio Paraíba;2013;4;11.9499;11
Médio Paraíba;2013;5;11.7459;11
Médio Paraíba;2013;6;13.1661;11
Médio Paraíba;2013;7;14.2639;11
Médio Paraíba;2013;8;26.6537;11
Médio Paraíba;2013;9;44.2645;11
Médio Paraíba;2013;10;21.9996;11
Médio Paraíba;2013;11;13.9435;11
Médio Paraíba;2013;12;12.7135;11
Médio Paraíba;2014;1;12.3674;11
Médio Paraíba;2014;2;13.166;11
Médio Paraíba;2014;3;13.649;11
Médio Paraíba;2014;4;13.4928;11
Médio Paraíba;2014;5;13.2626;11
Médio Paraíba;2014;6;14.8661;11
Médio Paraíba;2014;7;16.1057;11
Médio Paraíba;2014;8;30.0952;11
Médio Paraíba;2014;9;49.98;11
Médio Paraíba;2014;10;24.8402;11
Médio Paraíba;2014;11;15.7439;11
Médio Paraíba;2014;12;14.3551;11
Médio Paraíba;2015;1;13.3288;11
Médio Paraíba;2015;2;14.1894;11
Médio Paraíba;2015;3;14.71;11
Médio Paraíba;2015;4;14.5417;11
Médio Paraíba;2015;5;14.2936;11
Médio Paraíba;2015;6;16.0217;11
Médio Paraíba;2015;7;17.3577;11
Médio Paraíba;2015;8;32.4347;11
Médio Paraíba;2015;9;53.8652;11
Médio Paraíba;2015;10;26.7711;11
Médio Paraíba;2015;11;16.9677;11
Médio Paraíba;2015;12;15.4709;11
Médio Paraíba;2016;1;13.0259;11
Médio Paraíba;2016;2;13.867;11
Médio Paraíba;2016;3;14.3758;11
Médio Paraíba;2016;4;14.2113;11
Médio Paraíba;2016;5;13.9688;11
Médio Paraíba;2016;6;15.6577;11
Médio Paraíba;2016;7;16.9633;11
Médio Paraíba;2016;8;31.6978;11
Médio Paraíba;2016;9;52.6414;11
Médio Paraíba;2016;10;26.1629;11
Médio Paraíba;2016;11;16.5822;11
Médio Paraíba;2016;12;15.1194;11
Médio Paraíba;2017;1;12.6569;11
Médio Paraíba;2017;2;13.4742;11
Médio Paraíba;2017;3;13.9686;11
Médio Paraíba;2017;4;13.8087;11
Médio Paraíba;2017;5;13.5731;11
Médio Paraíba;2017;6;15.2141;11
Médio Paraíba;2017;7;16.4827;11
Médio Paraíba;2017;8;30.7997;11
Médio Paraíba;2017;9;51.15;11
Médio Paraíba;2017;10;25.4217;11
Médio Paraíba;2017;11;16.1124;11
Médio Paraíba;2017;12;14.6911;11
Médio Paraíba;2018;1;12.0407;11
Médio Paraíba;2018;2;12.8182;11
Médio Paraíba;2018;3;13.2886;11
Médio Paraíba;2018;4;13.1365;11
Médio Paraíba;2018;5;12.9123;11
Médio Paraíba;2018;6;14.4735;11
Médio Paraíba;2018;7;15.6803;11
Médio Paraíba;2018;8;29.3004;11
Médio Paraíba;2018;9;48.66;11
Médio Paraíba;2018;10;24.1841;11
Médio Paraíba;2018;11;15.328;11
Médio Paraíba;2018;12;13.9759;11
Médio Paraíba;2019;1;13.1549;11
Médio Paraíba;2019;2;14.0044;11
Médio Paraíba;2019;3;14.5182;11
Médio Paraíba;2019;4;14.3521;11
Médio Paraíba;2019;5;14.1072;11
Médio Paraíba;2019;6;15.8128;11
Médio Paraíba;2019;7;17.1313;11
Médio Paraíba;2019;8;32.0117;11
Médio Paraíba;2019;9;53.1627;11
Médio Paraíba;2019;10;26.422;11
Médio Paraíba;2019;11;16.7464;11
Médio Paraíba;2019;12;15.2692;11
Médio Paraíba;2020;1;13.4319;11
Médio Paraíba;2020;2;14.2992;11
Médio Paraíba;2020;3;14.8239;11
Médio Paraíba;2020;4;14.6543;11
Médio Paraíba;2020;5;14.4042;11
Médio Paraíba;2020;6;16.1457;11
Médio Paraíba;2020;7;17.492;11
Médio Paraíba;2020;8;32.6857;11
Médio Paraíba;2020;9;54.2821;11
Médio Paraíba;2020;10;26.9783;11
Médio Paraíba;2020;11;17.099;11
Médio Paraíba;2020;12;15.5907;11
Médio Paraíba;2021;1;13.8574;11
Médio Paraíba;2021;2;14.7522;11
Médio Paraíba;2021;3;15.2935;11
Médio Paraíba;2021;4;15.1185;11
Médio Paraíba;2021;5;14.8605;11
Médio Paraíba;2021;6;16.6572;11
Médio Paraíba;2021;7;18.0461;11
Médio Paraíba;2021;8;33.7212;11
Médio Paraíba;2021;9;56.0017;11
Médio Paraíba;2021;10;27.833;11
Médio Paraíba;2021;11;17.6407;11
Médio Paraíba;2021;12;16.0846;11
Médio Paraíba;2022;1;14.0998;11
Médio Paraíba;2022;2;15.0102;11
Médio Paraíba;2022;3;15.5611;11
Médio Paraíba;2022;4;15.3829;11
Médio Paraíba;2022;5;15.1204;11
Médio Paraíba;2022;6;16.9486;11
Médio Paraíba;2022;7;18.3618;11
Médio Paraíba;2022;8;34.311;11
Médio Paraíba;2022;9;56.9813;11
Médio Paraíba;2022;10;28.3198;11
Médio Paraíba;2022;11;17.9493;11
Médio Paraíba;2022;12;16.3659;11
Médio Paraíba;2023;1;12.6634;11
Médio Paraíba;2023;2;13.481;11
Médio Paraíba;2023;3;13.9757;11
Médio Paraíba;2023;4;13.8158;11
Médio Paraíba;2023;5;13.58;11
Médio Paraíba;2023;6;15.2219;11
Médio Paraíba;2023;7;16.4911;11
Médio Paraíba;2023;8;30.8155;11
Médio Paraíba;2023;9;51.1762;11
Médio Paraíba;2023;10;25.4347;11
Médio Paraíba;2023;11;16.1207;11
Médio Paraíba;2023;12;14.6986;11
Médio Paraíba;2024;1;16.8589;11
Médio Paraíba;2024;2;17.9475;11
Médio Paraíba;2024;3;18.606;11
Médio Paraíba;2024;4;18.3931;11
Médio Paraíba;2024;5;18.0792;11
Médio Paraíba;2024;6;20.2651;11
Médio Paraíba;2024;7;21.9548;11
Médio Paraíba;2024;8;41.025;11
Médio Paraíba;2024;9;68.1315;11
Médio Paraíba;2024;10;33.8615;11
Médio Paraíba;2024;11;21.4616;11
Médio Paraíba;2024;12;19.5685;11
Médio Paraíba;2025;1;15.8802;11
Médio Paraíba;2025;2;16.9057;11
Médio Paraíba;2025;3;17.526;11
Médio Paraíba;2025;4;17.3254;11
Médio Paraíba;2025;5;17.0298;11
Médio Paraíba;2025;6;19.0888;11
Médio Paraíba;2025;7;20.6804;11
Médio Paraíba;2025;8;38.6436;11
Médio Paraíba;2025;9;64.1766;11
Médio Paraíba;2025;10;31.8959;11
Médio Paraíba;2025;11;20.2158;11
Médio Paraíba;2025;12;18.4325;11
Noroeste;2010;1;8.3726;14
Noroeste;2010;2;8.9133;14
Noroeste;2010;3;9.2403;14
Noroeste;2010;4;9.1346;14
Noroeste;2010;5;8.9787;14
Noroeste;2010;6;10.0643;14
Noroeste;2010;7;10.9035;14
Noroeste;2010;8;20.3743;14
Noroeste;2010;9;33.8362;14
Noroeste;2010;10;16.8166;14
Noroeste;2010;11;10.6585;14
Noroeste;2010;12;9.7183;14
Noroeste;2011;1;6.5188;14
Noroeste;2011;2;6.9397;14
Noroeste;2011;3;7.1944;14
Noroeste;2011;4;7.1121;14
Noroeste;2011;5;6.9907;14
Noroeste;2011;6;7.8359;14
Noroeste;2011;7;8.4893;14
Noroeste;2011;8;15.8631;14
Noroeste;2011;9;26.3444;14
Noroeste;2011;10;13.0932;14
Noroeste;2011;11;8.2986;14
Noroeste;2011;12;7.5665;14
Noroeste;2012;1;6.7521;14
Noroeste;2012;2;7.1881;14
Noroeste;2012;3;7.4518;14
Noroeste;2012;4;7.3665;14
Noroeste;2012;5;7.2408;14
Noroeste;2012;6;8.1163;14
Noroeste;2012;7;8.793;14
Noroeste;2012;8;16.4308;14
Noroeste;2012;9;27.2871;14
Noroeste;2012;10;13.5617;14
Noroeste;2012;11;8.5955;14
Noroeste;2012;12;7.8373;14
Noroeste;2013;1;5.9929;14
Noroeste;2013;2;6.3799;14
Noroeste;2013;3;6.614;14
Noroeste;2013;4;6.5383;14
Noroeste;2013;5;6.4267;14
Noroeste;2013;6;7.2037;14
Noroeste;2013;7;7.8044;14
Noroeste;2013;8;14.5834;14
Noroeste;2013;9;24.2191;14
Noroeste;2013;10;12.0369;14
Noroeste;2013;11;7.6291;14
Noroeste;2013;12;6.9561;14
Noroeste;2014;1;6.7667;14
Noroeste;2014;2;7.2036;14
Noroeste;2014;3;7.468;14
Noroeste;2014;4;7.3825;14
Noroeste;2014;5;7.2565;14
Noroeste;2014;6;8.1339;14
Noroeste;2014;7;8.8121;14
Noroeste;2014;8;16.4664;14
Noroeste;2014;9;27.3462;14
Noroeste;2014;10;13.5912;14
Noroeste;2014;11;8.6142;14
Noroeste;2014;12;7.8543;14
Noroeste;2015;1;7.2927;14
Noroeste;2015;2;7.7636;14
Noroeste;2015;3;8.0485;14
Noroeste;2015;4;7.9564;14
Noroeste;2015;5;7.8206;14
Noroeste;2015;6;8.7662;14
Noroeste;2015;7;9.4971;14
Noroeste;2015;8;17.7464;14
Noroeste;2015;9;29.472;14
Noroeste;2015;10;14.6477;14
Noroeste;2015;11;9.2838;14
Noroeste;2015;12;8.4648;14
Noroeste;2016;1;7.127;14
Noroeste;2016;2;7.5872;14
Noroeste;2016;3;7.8656;14
Noroeste;2016;4;7.7756;14
Noroeste;2016;5;7.643;14
Noroeste;2016;6;8.567;14
Noroeste;2016;7;9.2814;14
Noroeste;2016;8;17.3432;14
Noroeste;2016;9;28.8024;14
Noroeste;2016;10;14.3149;14
Noroeste;2016;11;9.0729;14
Noroeste;2016;12;8.2725;14
Noroeste;2017;1;6.9251;14
Noroeste;2017;2;7.3723;14
Noroeste;2017;3;7.6428;14
Noroeste;2017;4;7.5554;14
Noroeste;2017;5;7.4264;14
Noroeste;2017;6;8.3243;14
Noroeste;2017;7;9.0184;14
Noroeste;2017;8;16.8519;14
Noroeste;2017;9;27.9864;14
Noroeste;2017;10;13.9093;14
Noroeste;2017;11;8.8158;14
Noroeste;2017;12;8.0381;14
Noroeste;2018;1;6.588;14
Noroeste;2018;2;7.0134;14
Noroeste;2018;3;7.2707;14
Noroeste;2018;4;7.1876;14
Noroeste;2018;5;7.0649;14
Noroeste;2018;6;7.9191;14
Noroeste;2018;7;8.5794;14
Noroeste;2018;8;16.0315;14
Noroeste;2018;9;26.624;14
Noroeste;2018;10;13.2322;14
Noroeste;2018;11;8.3866;14
Noroeste;2018;12;7.6468;14
Noroeste;2019;1;7.1976;14
Noroeste;2019;2;7.6624;14
Noroeste;2019;3;7.9436;14
Noroeste;2019;4;7.8527;14
Noroeste;2019;5;7.7186;14
Noroeste;2019;6;8.6519;14
Noroeste;2019;7;9.3732;14
Noroeste;2019;8;17.515;14
Noroeste;2019;9;29.0876;14
Noroeste;2019;10;14.4566;14
Noroeste;2019;11;9.1627;14
Noroeste;2019;12;8.3544;14
Noroeste;2020;1;7.3492;14
Noroeste;2020;2;7.8237;14
Noroeste;2020;3;8.1108;14
Noroeste;2020;4;8.018;14
Noroeste;2020;5;7.8812;14
Noroeste;2020;6;8.834;14
Noroeste;2020;7;9.5706;14
Noroeste;2020;8;17.8838;14
Noroeste;2020;9;29.7001;14
Noroeste;2020;10;14.761;14
Noroeste;2020;11;9.3556;14
Noroeste;2020;12;8.5303;14
Noroeste;2021;1;7.582;14
Noroeste;2021;2;8.0716;14
Noroeste;2021;3;8.3677;14
Noroeste;2021;4;8.272;14
Noroeste;2021;5;8.1308;14
Noroeste;2021;6;9.1139;14
Noroeste;2021;7;9.8738;14
Noroeste;2021;8;18.4503;14
Noroeste;2021;9;30.641;14
Noroeste;2021;10;15.2286;14
Noroeste;2021;11;9.652;14
Noroeste;2021;12;8.8006;14
Noroeste;2022;1;7.7146;14
Noroeste;2022;2;8.2128;14
Noroeste;2022;3;8.5141;14
Noroeste;2022;4;8.4167;14
Noroeste;2022;5;8.2731;14
Noroeste;2022;6;9.2733;14
Noroeste;2022;7;10.0465;14
Noroeste;2022;8;18.773;14
Noroeste;2022;9;31.177;14
Noroeste;2022;10;15.495;14
Noroeste;2022;11;9.8208;14
Noroeste;2022;12;8.9545;14
Noroeste;2023;1;6.9287;14
Noroeste;2023;2;7.3761;14
Noroeste;2023;3;7.6467;14
Noroeste;2023;4;7.5592;14
Noroeste;2023;5;7.4302;14
Noroeste;2023;6;8.3286;14
Noroeste;2023;7;9.023;14
Noroeste;2023;8;16.8605;14
Noroeste;2023;9;28.0007;14
Noroeste;2023;10;13.9164;14
Noroeste;2023;11;8.8203;14
Noroeste;2023;12;8.0423;14
Noroeste;2024;1;9.2242;14
Noroeste;2024;2;9.8198;14
Noroeste;2024;3;10.1802;14
Noroeste;2024;4;10.0637;14
Noroeste;2024;5;9.8919;14
Noroeste;2024;6;11.0879;14
Noroeste;2024;7;12.0124;14
Noroeste;2024;8;22.4466;14
Noroeste;2024;9;37.2777;14
Noroeste;2024;10;18.5271;14
Noroeste;2024;11;11.7426;14
Noroeste;2024;12;10.7068;14
Noroeste;2025;1;8.6888;14
Noroeste;2025;2;9.2498;14
Noroeste;2025;3;9.5892;14
Noroeste;2025;4;9.4795;14
Noroeste;2025;5;9.3177;14
Noroeste;2025;6;10.4443;14
Noroeste;2025;7;11.3152;14
Noroeste;2025;8;21.1436;14
Noroeste;2025;9;35.1138;14
Noroeste;2025;10;17.4516;14
Noroeste;2025;11;11.061;14
Noroeste;2025;12;10.0852;14
Norte;2010;1;7.0716;8
Norte;2010;2;7.5282;8
Norte;2010;3;7.8044;8
Norte;2010;4;7.7151;8
Norte;2010;5;7.5834;8
Norte;2010;6;8.5003;8
Norte;2010;7;9.2091;8
Norte;2010;8;17.2082;8
Norte;2010;9;28.5781;8
Norte;2010;10;14.2034;8
Norte;2010;11;9.0022;8
Norte;2010;12;8.2081;8
Norte;2011;1;5.5058;8
Norte;2011;2;5.8613;8
Norte;2011;3;6.0764;8
Norte;2011;4;6.0068;8
Norte;2011;5;5.9044;8
Norte;2011;6;6.6182;8
Norte;2011;7;7.17;8
Norte;2011;8;13.398;8
Norte;2011;9;22.2505;8
Norte;2011;10;11.0586;8
Norte;2011;11;7.009;8
Norte;2011;12;6.3907;8
Norte;2012;1;5.7028;8
Norte;2012;2;6.071;8
Norte;2012;3;6.2938;8
Norte;2012;4;6.2218;8
Norte;2012;5;6.1156;8
Norte;2012;6;6.855;8
Norte;2012;7;7.4266;8
Norte;2012;8;13.8774;8
Norte;2012;9;23.0467;8
Norte;2012;10;11.4543;8
Norte;2012;11;7.2598;8
Norte;2012;12;6.6194;8
Norte;2013;1;5.0616;8
Norte;2013;2;5.3885;8
Norte;2013;3;5.5862;8
Norte;2013;4;5.5223;8
Norte;2013;5;5.428;8
Norte;2013;6;6.0843;8
Norte;2013;7;6.5916;8
Norte;2013;8;12.3172;8
Norte;2013;9;20.4555;8
Norte;2013;10;10.1664;8
Norte;2013;11;6.4435;8
Norte;2013;12;5.8752;8
Norte;2014;1;5.7152;8
Norte;2014;2;6.0842;8
Norte;2014;3;6.3075;8
Norte;2014;4;6.2353;8
Norte;2014;5;6.1289;8
Norte;2014;6;6.8699;8
Norte;2014;7;7.4427;8
Norte;2014;8;13.9076;8
Norte;2014;9;23.0967;8
Norte;2014;10;11.4791;8
Norte;2014;11;7.2755;8
Norte;2014;12;6.6337;8
Norte;2015;1;6.1595;8
Norte;2015;2;6.5572;8
Norte;2015;3;6.7978;8
Norte;2015;4;6.72;8
Norte;2015;5;6.6053;8
Norte;2015;6;7.404;8
Norte;2015;7;8.0213;8
Norte;2015;8;14.9887;8
Norte;2015;9;24.8922;8
Norte;2015;10;12.3715;8
Norte;2015;11;7.8411;8
Norte;2015;12;7.1494;8
Norte;2016;1;6.0195;8
Norte;2016;2;6.4082;8
Norte;2016;3;6.6433;8
Norte;2016;4;6.5673;8
Norte;2016;5;6.4553;8
Norte;2016;6;7.2357;8
Norte;2016;7;7.8391;8
Norte;2016;8;14.6481;8
Norte;2016;9;24.3266;8
Norte;2016;10;12.0904;8
Norte;2016;11;7.6629;8
Norte;2016;12;6.987;8
Norte;2017;1;5.849;8
Norte;2017;2;6.2267;8
Norte;2017;3;6.4551;8
Norte;2017;4;6.3813;8
Norte;2017;5;6.2724;8
Norte;2017;6;7.0307;8
Norte;2017;7;7.617;8
Norte;2017;8;14.2332;8
Norte;2017;9;23.6374;8
Norte;2017;10;11.7478;8
Norte;2017;11;7.4459;8
Norte;2017;12;6.789;8
Norte;2018;1;5.5643;8
Norte;2018;2;5.9235;8
Norte;2018;3;6.1409;8
Norte;2018;4;6.0706;8
Norte;2018;5;5.967;8
Norte;2018;6;6.6885;8
Norte;2018;7;7.2462;8
Norte;2018;8;13.5403;8
Norte;2018;9;22.4867;8
Norte;2018;10;11.176;8
Norte;2018;11;7.0834;8
Norte;2018;12;6.4586;8
Norte;2019;1;6.0792;8
Norte;2019;2;6.4717;8
Norte;2019;3;6.7092;8
Norte;2019;4;6.6324;8
Norte;2019;5;6.5192;8
Norte;2019;6;7.3074;8
Norte;2019;7;7.9167;8
Norte;2019;8;14.7932;8
Norte;2019;9;24.5675;8
Norte;2019;10;12.2101;8
Norte;2019;11;7.7388;8
Norte;2019;12;7.0562;8
Norte;2020;1;6.2072;8
Norte;2020;2;6.608;8
Norte;2020;3;6.8504;8
Norte;2020;4;6.772;8
Norte;2020;5;6.6564;8
Norte;2020;6;7.4613;8
Norte;2020;7;8.0834;8
Norte;2020;8;15.1047;8
Norte;2020;9;25.0848;8
Norte;2020;10;12.4672;8
Norte;2020;11;7.9018;8
Norte;2020;12;7.2048;8
Norte;2021;1;6.4038;8
Norte;2021;2;6.8173;8
Norte;2021;3;7.0674;8
Norte;2021;4;6.9865;8
Norte;2021;5;6.8673;8
Norte;2021;6;7.6976;8
Norte;2021;7;8.3394;8
Norte;2021;8;15.5832;8
Norte;2021;9;25.8794;8
Norte;2021;10;12.8621;8
Norte;2021;11;8.1521;8
Norte;2021;12;7.433;8
Norte;2022;1;6.5158;8
Norte;2022;2;6.9365;8
Norte;2022;3;7.191;8
Norte;2022;4;7.1088;8
Norte;2022;5;6.9874;8
Norte;2022;6;7.8323;8
Norte;2022;7;8.4853;8
Norte;2022;8;15.8558;8
Norte;2022;9;26.3322;8
Norte;2022;10;13.0871;8
Norte;2022;11;8.2947;8
Norte;2022;12;7.563;8
Norte;2023;1;5.852;8
Norte;2023;2;6.2298;8
Norte;2023;3;6.4584;8
Norte;2023;4;6.3845;8
Norte;2023;5;6.2756;8
Norte;2023;6;7.0343;8
Norte;2023;7;7.6209;8
Norte;2023;8;14.2404;8
Norte;2023;9;23.6495;8
Norte;2023;10;11.7539;8
Norte;2023;11;7.4497;8
Norte;2023;12;6.7925;8
Norte;2024;1;7.7908;8
Norte;2024;2;8.2939;8
Norte;2024;3;8.5982;8
Norte;2024;4;8.4998;8
Norte;2024;5;8.3548;8
Norte;2024;6;9.3649;8
Norte;2024;7;10.1458;8
Norte;2024;8;18.9584;8
Norte;2024;9;31.4849;8
Norte;2024;10;15.648;8
Norte;2024;11;9.9178;8
Norte;2024;12;9.043;8
Norte;2025;1;7.3386;8
Norte;2025;2;7.8124;8
Norte;2025;3;8.0991;8
Norte;2025;4;8.0064;8
Norte;2025;5;7.8698;8
Norte;2025;6;8.8213;8
Norte;2025;7;9.5568;8
Norte;2025;8;17.8579;8
Norte;2025;9;29.6572;8
Norte;2025;10;14.7397;8
Norte;2025;11;9.3421;8
Norte;2025;12;8.518;8
Serrana;2010;1;10.3486;16
Serrana;2010;2;11.0168;16
Serrana;2010;3;11.4211;16
Serrana;2010;4;11.2904;16
Serrana;2010;5;11.0977;16
Serrana;2010;6;12.4395;16
Serrana;2010;7;13.4767;16
Serrana;2010;8;25.1827;16
Serrana;2010;9;41.8217;16
Serrana;2010;10;20.7855;16
Serrana;2010;11;13.174;16
Serrana;2010;12;12.0119;16
Serrana;2011;1;8.0573;16
Serrana;2011;2;8.5776;16
Serrana;2011;3;8.8923;16
Serrana;2011;4;8.7905;16
Serrana;2011;5;8.6405;16
Serrana;2011;6;9.6852;16
Serrana;2011;7;10.4928;16
Serrana;2011;8;19.6069;16
Serrana;2011;9;32.5617;16
Serrana;2011;10;16.1832;16
Serrana;2011;11;10.257;16
Serrana;2011;12;9.3522;16
Serrana;2012;1;8.3456;16
Serrana;2012;2;8.8845;16
Serrana;2012;3;9.2105;16
Serrana;2012;4;9.1051;16
Serrana;2012;5;8.9497;16
Serrana;2012;6;10.0318;16
Serrana;2012;7;10.8682;16
Serrana;2012;8;20.3085;16
Serrana;2012;9;33.7269;16
Serrana;2012;10;16.7623;16
Serrana;2012;11;10.6241;16
Serrana;2012;12;9.6869;16
Serrana;2013;1;7.4073;16
Serrana;2013;2;7.8856;16
Serrana;2013;3;8.1749;16
Serrana;2013;4;8.0814;16
Serrana;2013;5;7.9434;16
Serrana;2013;6;8.9039;16
Serrana;2013;7;9.6463;16
Serrana;2013;8;18.0251;16
Serrana;2013;9;29.9348;16
Serrana;2013;10;14.8777;16
Serrana;2013;11;9.4296;16
Serrana;2013;12;8.5978;16
Serrana;2014;1;8.3637;16
Serrana;2014;2;8.9037;16
Serrana;2014;3;9.2304;16
Serrana;2014;4;9.1248;16
Serrana;2014;5;8.9691;16
Serrana;2014;6;10.0535;16
Serrana;2014;7;10.8918;16
Serrana;2014;8;20.3526;16
Serrana;2014;9;33.8001;16
Serrana;2014;10;16.7987;16
Serrana;2014;11;10.6471;16
Serrana;2014;12;9.7079;16
Serrana;2015;1;9.0139;16
Serrana;2015;2;9.5959;16
Serrana;2015;3;9.948;16
Serrana;2015;4;9.8341;16
Serrana;2015;5;9.6663;16
Serrana;2015;6;10.8351;16
Serrana;2015;7;11.7385;16
Serrana;2015;8;21.9347;16
Serrana;2015;9;36.4276;16
Serrana;2015;10;18.1046;16
Serrana;2015;11;11.4748;16
Serrana;2015;12;10.4626;16
Serrana;2016;1;8.8091;16
Serrana;2016;2;9.3779;16
Serrana;2016;3;9.722;16
Serrana;2016;4;9.6107;16
Serrana;2016;5;9.4467;16
Serrana;2016;6;10.5889;16
Serrana;2016;7;11.4718;16
Serrana;2016;8;21.4363;16
Serrana;2016;9;35.5999;16
Serrana;2016;10;17.6932;16
Serrana;2016;11;11.2141;16
Serrana;2016;12;10.2249;16
Serrana;2017;1;8.5595;16
Serrana;2017;2;9.1122;16
Serrana;2017;3;9.4466;16
Serrana;2017;4;9.3384;16
Serrana;2017;5;9.1791;16
Serrana;2017;6;10.2889;16
Serrana;2017;7;11.1468;16
Serrana;2017;8;20.829;16
Serrana;2017;9;34.5913;16
Serrana;2017;10;17.192;16
Serrana;2017;11;10.8964;16
Serrana;2017;12;9.9352;16
Serrana;2018;1;8.1428;16
Serrana;2018;2;8.6686;16
Serrana;2018;3;8.9867;16
Serrana;2018;4;8.8838;16
Serrana;2018;5;8.7322;16
Serrana;2018;6;9.788;16
Serrana;2018;7;10.6042;16
Serrana;2018;8;19.815;16
Serrana;2018;9;32.9074;16
Serrana;2018;10;16.355;16
Serrana;2018;11;10.3659;16
Serrana;2018;12;9.4515;16
Serrana;2019;1;8.8963;16
Serrana;2019;2;9.4707;16
Serrana;2019;3;9.8183;16
Serrana;2019;4;9.7059;16
Serrana;2019;5;9.5403;16
Serrana;2019;6;10.6938;16
Serrana;2019;7;11.5854;16
Serrana;2019;8;21.6486;16
Serrana;2019;9;35.9525;16
Serrana;2019;10;17.8684;16
Serrana;2019;11;11.3251;16
Serrana;2019;12;10.3261;16
Serrana;2020;1;9.0836;16
Serrana;2020;2;9.6702;16
Serrana;2020;3;10.025;16
Serrana;2020;4;9.9103;16
Serrana;2020;5;9.7411;16
Serrana;2020;6;10.9189;16
Serrana;2020;7;11.8293;16
Serrana;2020;8;22.1044;16
Serrana;2020;9;36.7094;16
Serrana;2020;10;18.2447;16
Serrana;2020;11;11.5636;16
Serrana;2020;12;10.5435;16
Serrana;2021;1;9.3714;16
Serrana;2021;2;9.9765;16
Serrana;2021;3;10.3426;16
Serrana;2021;4;10.2242;16
Serrana;2021;5;10.0497;16
Serrana;2021;6;11.2648;16
Serrana;2021;7;12.2041;16
Serrana;2021;8;22.8047;16
Serrana;2021;9;37.8724;16
Serrana;2021;10;18.8226;16
Serrana;2021;11;11.9299;16
Serrana;2021;12;10.8776;16
Serrana;2022;1;9.5353;16
Serrana;2022;2;10.151;16
Serrana;2022;3;10.5235;16
Serrana;2022;4;10.4031;16
Serrana;2022;5;10.2255;16
Serrana;2022;6;11.4619;16
Serrana;2022;7;12.4176;16
Serrana;2022;8;23.2036;16
Serrana;2022;9;38.5349;16
Serrana;2022;10;19.1519;16
Serrana;2022;11;12.1386;16
Serrana;2022;12;11.0678;16
Serrana;2023;1;8.5639;16
Serrana;2023;2;9.1169;16
Serrana;2023;3;9.4514;16
Serrana;2023;4;9.3432;16
Serrana;2023;5;9.1838;16
Serrana;2023;6;10.2942;16
Serrana;2023;7;11.1525;16
Serrana;2023;8;20.8396;16
Serrana;2023;9;34.609;16
Serrana;2023;10;17.2008;16
Serrana;2023;11;10.9019;16
Serrana;2023;12;9.9403;16
Serrana;2024;1;11.4012;16
Serrana;2024;2;12.1374;16
Serrana;2024;3;12.5827;16
Serrana;2024;4;12.4387;16
Serrana;2024;5;12.2265;16
Serrana;2024;6;13.7047;16
Serrana;2024;7;14.8474;16
Serrana;2024;8;27.7441;16
Serrana;2024;9;46.0754;16
Serrana;2024;10;22.8996;16
Serrana;2024;11;14.5139;16
Serrana;2024;12;13.2336;16
Serrana;2025;1;10.7394;16
Serrana;2025;2;11.4328;16
Serrana;2025;3;11.8523;16
Serrana;2025;4;11.7167;16
Serrana;2025;5;11.5167;16
Serrana;2025;6;12.9092;16
Serrana;2025;7;13.9856;16
Serrana;2025;8;26.1336;16
Serrana;2025;9;43.4008;16
Serrana;2025;10;21.5703;16
Serrana;2025;11;13.6714;16
Serrana;2025;12;12.4654;16
